<?xml version="1.0" encoding="UTF-8"?>
<gpx creator="Garmin Connect" version="1.1"
  xsi:schemaLocation="http://www.topografix.com/GPX/1/1 http://www.topografix.com/GPX/11.xsd"
  xmlns:ns3="http://www.garmin.com/xmlschemas/TrackPointExtension/v1"
  xmlns="http://www.topografix.com/GPX/1/1"
  xmlns:xsi="http://www.w3.org/2001/XMLSchema-instance" xmlns:ns2="http://www.garmin.com/xmlschemas/GpxExtensions/v3">
  <metadata>
    <name>DUT 2026 - 15km</name>
    <link href="connect.garmin.com">
      <text>Garmin Connect</text>
    </link>
    <time>2026-02-16T13:03:32.000Z</time>
  </metadata>
  <wpt lat="12.01761461024086" lon="108.46264783369703">
    <ele>0.0</ele>
    <name>Checkpoint 101</name>
    <type>CHECKPOINT</type>
  </wpt>
  <trk>
    <name>DUT 2026 - 15km</name>
    <trkseg>
      <trkpt lat="11.977786989882588" lon="108.4478269983083">
        <ele>1517.29</ele>
      </trkpt>
      <trkpt lat="11.977790929377079" lon="108.44785197637975">
        <ele>1517.35</ele>
      </trkpt>
      <trkpt lat="11.977790929377079" lon="108.44786798581481">
        <ele>1517.42</ele>
      </trkpt>
      <trkpt lat="11.977776931598783" lon="108.44795398414135">
        <ele>1517.4</ele>
      </trkpt>
      <trkpt lat="11.977787995710969" lon="108.44812992028892">
        <ele>1517.34</ele>
      </trkpt>
      <trkpt lat="11.977781960740685" lon="108.448182977736">
        <ele>1517.35</ele>
      </trkpt>
      <trkpt lat="11.977777937427163" lon="108.44832496717572">
        <ele>1517.46</ele>
      </trkpt>
      <trkpt lat="11.977780451998115" lon="108.44854666851461">
        <ele>1517.81</ele>
      </trkpt>
      <trkpt lat="11.977782966569066" lon="108.44876795075834">
        <ele>1518.14</ele>
      </trkpt>
      <trkpt lat="11.977784978225827" lon="108.4489549510181">
        <ele>1518.55</ele>
      </trkpt>
      <trkpt lat="11.977772992104292" lon="108.44912996515632">
        <ele>1518.88</ele>
      </trkpt>
      <trkpt lat="11.977763939648867" lon="108.44921596348286">
        <ele>1519.18</ele>
      </trkpt>
      <trkpt lat="11.977753965184093" lon="108.44929995015264">
        <ele>1519.46</ele>
      </trkpt>
      <trkpt lat="11.977744996547699" lon="108.44938393682241">
        <ele>1519.72</ele>
      </trkpt>
      <trkpt lat="11.97772697545588" lon="108.4496056381613">
        <ele>1519.96</ele>
      </trkpt>
      <trkpt lat="11.977708954364061" lon="108.44982692040503">
        <ele>1520.11</ele>
      </trkpt>
      <trkpt lat="11.9777069427073" lon="108.44992297701538">
        <ele>1520.23</ele>
      </trkpt>
      <trkpt lat="11.977701997384429" lon="108.45010796561837">
        <ele>1520.37</ele>
      </trkpt>
      <trkpt lat="11.9777069427073" lon="108.4502909425646">
        <ele>1520.62</ele>
      </trkpt>
      <trkpt lat="11.977735441178083" lon="108.45051314681768">
        <ele>1520.85</ele>
      </trkpt>
      <trkpt lat="11.977763939648867" lon="108.4507349319756">
        <ele>1520.97</ele>
      </trkpt>
      <trkpt lat="11.977781960740685" lon="108.45081891864538">
        <ele>1521.14</ele>
      </trkpt>
      <trkpt lat="11.977823954075575" lon="108.45099158585072">
        <ele>1521.36</ele>
      </trkpt>
      <trkpt lat="11.977865947410464" lon="108.45116391777992">
        <ele>1521.57</ele>
      </trkpt>
      <trkpt lat="11.977888997644186" lon="108.45124899409711">
        <ele>1521.78</ele>
      </trkpt>
      <trkpt lat="11.977909952402115" lon="108.45133298076689">
        <ele>1522.01</ele>
      </trkpt>
      <trkpt lat="11.977931996807456" lon="108.45141696743667">
        <ele>1522.27</ele>
      </trkpt>
      <trkpt lat="11.977992933243513" lon="108.45166498795152">
        <ele>1522.6</ele>
      </trkpt>
      <trkpt lat="11.978012965992093" lon="108.45182592049241">
        <ele>1522.94</ele>
      </trkpt>
      <trkpt lat="11.978017995133996" lon="108.45190395601094">
        <ele>1523.28</ele>
      </trkpt>
      <trkpt lat="11.978019922971725" lon="108.4519799798727">
        <ele>1523.66</ele>
      </trkpt>
      <trkpt lat="11.978019922971725" lon="108.45205399207771">
        <ele>1524.05</ele>
      </trkpt>
      <trkpt lat="11.978021934628487" lon="108.45212498679757">
        <ele>1524.42</ele>
      </trkpt>
      <trkpt lat="11.978023946285248" lon="108.45218298956752">
        <ele>1524.78</ele>
      </trkpt>
      <trkpt lat="11.978025957942009" lon="108.45225499011576">
        <ele>1525.15</ele>
      </trkpt>
      <trkpt lat="11.97802796959877" lon="108.45233998261392">
        <ele>1525.54</ele>
      </trkpt>
      <trkpt lat="11.978029981255531" lon="108.45241198316216">
        <ele>1525.91</ele>
      </trkpt>
      <trkpt lat="11.97802796959877" lon="108.45248599536717">
        <ele>1526.27</ele>
      </trkpt>
      <trkpt lat="11.978025957942009" lon="108.45272094011307">
        <ele>1526.64</ele>
      </trkpt>
      <trkpt lat="11.97802897542715" lon="108.45293493010104">
        <ele>1526.92</ele>
      </trkpt>
      <trkpt lat="11.97802897542715" lon="108.45298999920487">
        <ele>1527.21</ele>
      </trkpt>
      <trkpt lat="11.978033920750022" lon="108.45303593203425">
        <ele>1527.48</ele>
      </trkpt>
      <trkpt lat="11.978038949891925" lon="108.45307499170303">
        <ele>1527.73</ele>
      </trkpt>
      <trkpt lat="11.978047918528318" lon="108.45310893841088">
        <ele>1527.97</ele>
      </trkpt>
      <trkpt lat="11.978063927963376" lon="108.45313894562423">
        <ele>1528.19</ele>
      </trkpt>
      <trkpt lat="11.978087984025478" lon="108.45315495505929">
        <ele>1528.41</ele>
      </trkpt>
      <trkpt lat="11.978116985410452" lon="108.45316694118083">
        <ele>1528.61</ele>
      </trkpt>
      <trkpt lat="11.978148920461535" lon="108.45317699946463">
        <ele>1528.82</ele>
      </trkpt>
      <trkpt lat="11.978190997615457" lon="108.45318496227264">
        <ele>1529.03</ele>
      </trkpt>
      <trkpt lat="11.978236930444837" lon="108.45319191925228">
        <ele>1529.26</ele>
      </trkpt>
      <trkpt lat="11.978279929608107" lon="108.4531959425658">
        <ele>1529.5</ele>
      </trkpt>
      <trkpt lat="11.978333992883563" lon="108.45320499502122">
        <ele>1529.76</ele>
      </trkpt>
      <trkpt lat="11.97839199565351" lon="108.45321195200086">
        <ele>1530.03</ele>
      </trkpt>
      <trkpt lat="11.978461984544992" lon="108.45321899279952">
        <ele>1530.33</ele>
      </trkpt>
      <trkpt lat="11.978525938466191" lon="108.45322494395077">
        <ele>1530.62</ele>
      </trkpt>
      <trkpt lat="11.978589976206422" lon="108.45323097892106">
        <ele>1530.92</ele>
      </trkpt>
      <trkpt lat="11.978644961491227" lon="108.45323894172907">
        <ele>1531.22</ele>
      </trkpt>
      <trkpt lat="11.978710927069187" lon="108.4532559569925">
        <ele>1531.54</ele>
      </trkpt>
      <trkpt lat="11.978790974244475" lon="108.4532789234072">
        <ele>1531.85</ele>
      </trkpt>
      <trkpt lat="11.978859957307577" lon="108.45328495837748">
        <ele>1532.14</ele>
      </trkpt>
      <trkpt lat="11.978924917057157" lon="108.45330792479217">
        <ele>1532.41</ele>
      </trkpt>
      <trkpt lat="11.978976968675852" lon="108.45332192257047">
        <ele>1532.69</ele>
      </trkpt>
      <trkpt lat="11.979038994759321" lon="108.45334195531905">
        <ele>1532.97</ele>
      </trkpt>
      <trkpt lat="11.979115940630436" lon="108.45336592756212">
        <ele>1533.25</ele>
      </trkpt>
      <trkpt lat="11.979181990027428" lon="108.45338394865394">
        <ele>1533.54</ele>
      </trkpt>
      <trkpt lat="11.97925298474729" lon="108.45340699888766">
        <ele>1533.83</ele>
      </trkpt>
      <trkpt lat="11.979306964203715" lon="108.45342099666595">
        <ele>1534.12</ele>
      </trkpt>
      <trkpt lat="11.979377958923578" lon="108.45343792811036">
        <ele>1534.44</ele>
      </trkpt>
      <trkpt lat="11.97944794781506" lon="108.45345092006028">
        <ele>1534.76</ele>
      </trkpt>
      <trkpt lat="11.97953193448484" lon="108.45346491783857">
        <ele>1535.09</ele>
      </trkpt>
      <trkpt lat="11.979603935033083" lon="108.45347799360752">
        <ele>1535.41</ele>
      </trkpt>
      <trkpt lat="11.979676941409707" lon="108.4534929972142">
        <ele>1535.7</ele>
      </trkpt>
      <trkpt lat="11.979738967493176" lon="108.45350498333573">
        <ele>1535.99</ele>
      </trkpt>
      <trkpt lat="11.979822954162955" lon="108.45351596362889">
        <ele>1536.31</ele>
      </trkpt>
      <trkpt lat="11.979929991066456" lon="108.4535289555788">
        <ele>1536.62</ele>
      </trkpt>
      <trkpt lat="11.980023952201009" lon="108.45354194752872">
        <ele>1536.92</ele>
      </trkpt>
      <trkpt lat="11.980116991326213" lon="108.45356097444892">
        <ele>1537.22</ele>
      </trkpt>
      <trkpt lat="11.980211958289146" lon="108.45358293503523">
        <ele>1537.54</ele>
      </trkpt>
      <trkpt lat="11.9803059194237" lon="108.45360598526895">
        <ele>1537.88</ele>
      </trkpt>
      <trkpt lat="11.980400970205665" lon="108.45362895168364">
        <ele>1538.21</ele>
      </trkpt>
      <trkpt lat="11.980494931340218" lon="108.45364898443222">
        <ele>1538.56</ele>
      </trkpt>
      <trkpt lat="11.980588976293802" lon="108.45366792753339">
        <ele>1538.93</ele>
      </trkpt>
      <trkpt lat="11.980678997933865" lon="108.45369198359549">
        <ele>1539.3</ele>
      </trkpt>
      <trkpt lat="11.980767929926515" lon="108.4537189733237">
        <ele>1539.65</ele>
      </trkpt>
      <trkpt lat="11.980855939909816" lon="108.45375392585993">
        <ele>1540.01</ele>
      </trkpt>
      <trkpt lat="11.980943949893117" lon="108.45378996804357">
        <ele>1540.38</ele>
      </trkpt>
      <trkpt lat="11.981029948219657" lon="108.4538209810853">
        <ele>1540.79</ele>
      </trkpt>
      <trkpt lat="11.981116952374578" lon="108.45385392196476">
        <ele>1541.23</ele>
      </trkpt>
      <trkpt lat="11.98118694126606" lon="108.45387797802687">
        <ele>1541.67</ele>
      </trkpt>
      <trkpt lat="11.981290960684419" lon="108.45391494221985">
        <ele>1542.18</ele>
      </trkpt>
      <trkpt lat="11.981374947354198" lon="108.45394293777645">
        <ele>1542.7</ele>
      </trkpt>
      <trkpt lat="11.98146396316588" lon="108.45396699383855">
        <ele>1543.23</ele>
      </trkpt>
      <trkpt lat="11.981547949835658" lon="108.45400194637477">
        <ele>1543.75</ele>
      </trkpt>
      <trkpt lat="11.98161693289876" lon="108.45403195358813">
        <ele>1544.26</ele>
      </trkpt>
      <trkpt lat="11.98169899173081" lon="108.45407394692302">
        <ele>1544.78</ele>
      </trkpt>
      <trkpt lat="11.981792952865362" lon="108.4541299380362">
        <ele>1545.29</ele>
      </trkpt>
      <trkpt lat="11.98187492787838" lon="108.4541819896549">
        <ele>1545.78</ele>
      </trkpt>
      <trkpt lat="11.98195899836719" lon="108.45422993414104">
        <ele>1546.26</ele>
      </trkpt>
      <trkpt lat="11.98204399086535" lon="108.45427695661783">
        <ele>1546.73</ele>
      </trkpt>
      <trkpt lat="11.98210995644331" lon="108.4543149266392">
        <ele>1547.2</ele>
      </trkpt>
      <trkpt lat="11.982189919799566" lon="108.45435893163085">
        <ele>1547.67</ele>
      </trkpt>
      <trkpt lat="11.98228295892477" lon="108.45440997742116">
        <ele>1548.15</ele>
      </trkpt>
      <trkpt lat="11.982355965301394" lon="108.45445297658443">
        <ele>1548.62</ele>
      </trkpt>
      <trkpt lat="11.982425954192877" lon="108.45449698157609">
        <ele>1549.05</ele>
      </trkpt>
      <trkpt lat="11.982479933649302" lon="108.45453394576907">
        <ele>1549.46</ele>
      </trkpt>
      <trkpt lat="11.982544977217913" lon="108.454583985731">
        <ele>1549.88</ele>
      </trkpt>
      <trkpt lat="11.982600968331099" lon="108.45463897101581">
        <ele>1550.3</ele>
      </trkpt>
      <trkpt lat="11.982651930302382" lon="108.45471792854369">
        <ele>1550.74</ele>
      </trkpt>
      <trkpt lat="11.982680931687355" lon="108.45479596406221">
        <ele>1551.2</ele>
      </trkpt>
      <trkpt lat="11.982701970264316" lon="108.45486293546855">
        <ele>1551.68</ele>
      </trkpt>
      <trkpt lat="11.982727954164147" lon="108.45494993962348">
        <ele>1552.17</ele>
      </trkpt>
      <trkpt lat="11.982758967205882" lon="108.45505999401212">
        <ele>1552.71</ele>
      </trkpt>
      <trkpt lat="11.982780927792192" lon="108.45515496097505">
        <ele>1553.23</ele>
      </trkpt>
      <trkpt lat="11.982802972197533" lon="108.45525093376637">
        <ele>1553.72</ele>
      </trkpt>
      <trkpt lat="11.982821999117732" lon="108.45532997511327">
        <ele>1554.29</ele>
      </trkpt>
      <trkpt lat="11.982845971360803" lon="108.45542393624783">
        <ele>1554.9</ele>
      </trkpt>
      <trkpt lat="11.982869943603873" lon="108.45552393235266">
        <ele>1555.51</ele>
      </trkpt>
      <trkpt lat="11.98288293555379" lon="108.45558294095099">
        <ele>1556.06</ele>
      </trkpt>
      <trkpt lat="11.982890982180834" lon="108.4556239284575">
        <ele>1556.59</ele>
      </trkpt>
      <trkpt lat="11.982894921675324" lon="108.45564094372094">
        <ele>1557.07</ele>
      </trkpt>
      <trkpt lat="11.982898944988847" lon="108.45564496703446">
        <ele>1557.52</ele>
      </trkpt>
      <trkpt lat="11.98290296830237" lon="108.45565091818571">
        <ele>1557.96</ele>
      </trkpt>
      <trkpt lat="11.982906991615891" lon="108.45566298812628">
        <ele>1558.39</ele>
      </trkpt>
      <trkpt lat="11.982913948595524" lon="108.45567799173295">
        <ele>1558.79</ele>
      </trkpt>
      <trkpt lat="11.98292694054544" lon="108.45569198951125">
        <ele>1559.16</ele>
      </trkpt>
      <trkpt lat="11.982931969687343" lon="108.45569894649088">
        <ele>1559.52</ele>
      </trkpt>
      <trkpt lat="11.982937920838594" lon="108.4557169675827">
        <ele>1559.88</ele>
      </trkpt>
      <trkpt lat="11.982937920838594" lon="108.45573398284614">
        <ele>1560.22</ele>
      </trkpt>
      <trkpt lat="11.982934987172484" lon="108.45574697479606">
        <ele>1560.55</ele>
      </trkpt>
      <trkpt lat="11.982931969687343" lon="108.45576591789722">
        <ele>1560.86</ele>
      </trkpt>
      <trkpt lat="11.982931969687343" lon="108.45578393898904">
        <ele>1561.17</ele>
      </trkpt>
      <trkpt lat="11.982934987172484" lon="108.45581294037402">
        <ele>1561.47</ele>
      </trkpt>
      <trkpt lat="11.9829479791224" lon="108.45584294758737">
        <ele>1561.76</ele>
      </trkpt>
      <trkpt lat="11.982954936102033" lon="108.45586691983044">
        <ele>1562.05</ele>
      </trkpt>
      <trkpt lat="11.982964994385839" lon="108.4558879584074">
        <ele>1562.32</ele>
      </trkpt>
      <trkpt lat="11.982978992164135" lon="108.45589994452894">
        <ele>1562.57</ele>
      </trkpt>
      <trkpt lat="11.982996929436922" lon="108.45591997727752">
        <ele>1562.82</ele>
      </trkpt>
      <trkpt lat="11.983010927215219" lon="108.45594294369221">
        <ele>1563.08</ele>
      </trkpt>
      <trkpt lat="11.983023919165134" lon="108.45597496256232">
        <ele>1563.35</ele>
      </trkpt>
      <trkpt lat="11.98303397744894" lon="108.45600295811892">
        <ele>1563.62</ele>
      </trkpt>
      <trkpt lat="11.983044957742095" lon="108.45603095367551">
        <ele>1563.89</ele>
      </trkpt>
      <trkpt lat="11.983050992712379" lon="108.45604897476733">
        <ele>1564.16</ele>
      </trkpt>
      <trkpt lat="11.98305694386363" lon="108.45607093535364">
        <ele>1564.44</ele>
      </trkpt>
      <trkpt lat="11.983066918328404" lon="108.45609893091023">
        <ele>1564.74</ele>
      </trkpt>
      <trkpt lat="11.983071947470307" lon="108.45611996948719">
        <ele>1565.05</ele>
      </trkpt>
      <trkpt lat="11.983071947470307" lon="108.45614394173026">
        <ele>1565.38</ele>
      </trkpt>
      <trkpt lat="11.983062978833914" lon="108.45615995116532">
        <ele>1565.71</ele>
      </trkpt>
      <trkpt lat="11.983052920550108" lon="108.45618291758001">
        <ele>1566.06</ele>
      </trkpt>
      <trkpt lat="11.983044957742095" lon="108.45621996559203">
        <ele>1566.44</ele>
      </trkpt>
      <trkpt lat="11.983041940256953" lon="108.45625299029052">
        <ele>1566.79</ele>
      </trkpt>
      <trkpt lat="11.983042946085334" lon="108.45628391951323">
        <ele>1567.15</ele>
      </trkpt>
      <trkpt lat="11.983043951913714" lon="108.45630596391857">
        <ele>1567.52</ele>
      </trkpt>
      <trkpt lat="11.983044957742095" lon="108.4563319478184">
        <ele>1567.89</ele>
      </trkpt>
      <trkpt lat="11.983051998540759" lon="108.45635198056698">
        <ele>1568.28</ele>
      </trkpt>
      <trkpt lat="11.98305694386363" lon="108.45637293532491">
        <ele>1568.67</ele>
      </trkpt>
      <trkpt lat="11.98305493220687" lon="108.45639296807349">
        <ele>1569.08</ele>
      </trkpt>
      <trkpt lat="11.983051998540759" lon="108.45641291700304">
        <ele>1569.5</ele>
      </trkpt>
      <trkpt lat="11.983048981055617" lon="108.45643093809485">
        <ele>1569.94</ele>
      </trkpt>
      <trkpt lat="11.983042946085334" lon="108.45645398832858">
        <ele>1570.39</ele>
      </trkpt>
      <trkpt lat="11.983031965792179" lon="108.45648793503642">
        <ele>1570.87</ele>
      </trkpt>
      <trkpt lat="11.983021991327405" lon="108.45651894807816">
        <ele>1571.38</ele>
      </trkpt>
      <trkpt lat="11.98301495052874" lon="108.45655398443341">
        <ele>1571.91</ele>
      </trkpt>
      <trkpt lat="11.983017968013883" lon="108.45658499747515">
        <ele>1572.46</ele>
      </trkpt>
      <trkpt lat="11.983024924993515" lon="108.45661995001137">
        <ele>1573.02</ele>
      </trkpt>
      <trkpt lat="11.98303498327732" lon="108.4566599316895">
        <ele>1573.61</ele>
      </trkpt>
      <trkpt lat="11.983048981055617" lon="108.45668893307447">
        <ele>1574.21</ele>
      </trkpt>
      <trkpt lat="11.983065996319056" lon="108.45671793445945">
        <ele>1574.82</ele>
      </trkpt>
      <trkpt lat="11.98307697661221" lon="108.45674299634993">
        <ele>1575.44</ele>
      </trkpt>
      <trkpt lat="11.983087956905365" lon="108.4567759372294">
        <ele>1576.09</ele>
      </trkpt>
      <trkpt lat="11.983092986047268" lon="108.45680896192789">
        <ele>1576.74</ele>
      </trkpt>
      <trkpt lat="11.983093991875648" lon="108.4568499494344">
        <ele>1577.41</ele>
      </trkpt>
      <trkpt lat="11.983103966340423" lon="108.45688096247613">
        <ele>1578.08</ele>
      </trkpt>
      <trkpt lat="11.983113940805197" lon="108.45690292306244">
        <ele>1578.74</ele>
      </trkpt>
      <trkpt lat="11.983125926926732" lon="108.45692999660969">
        <ele>1579.42</ele>
      </trkpt>
      <trkpt lat="11.983139924705029" lon="108.45695799216628">
        <ele>1580.08</ele>
      </trkpt>
      <trkpt lat="11.983159957453609" lon="108.45698892138898">
        <ele>1580.75</ele>
      </trkpt>
      <trkpt lat="11.983171943575144" lon="108.45701398327947">
        <ele>1581.42</ele>
      </trkpt>
      <trkpt lat="11.983169931918383" lon="108.45703393220901">
        <ele>1582.08</ele>
      </trkpt>
      <trkpt lat="11.983169931918383" lon="108.45705798827112">
        <ele>1582.74</ele>
      </trkpt>
      <trkpt lat="11.983175966888666" lon="108.4570949524641">
        <ele>1583.39</ele>
      </trkpt>
      <trkpt lat="11.983177978545427" lon="108.45713292248547">
        <ele>1584.04</ele>
      </trkpt>
      <trkpt lat="11.983181918039918" lon="108.45716192387044">
        <ele>1584.67</ele>
      </trkpt>
      <trkpt lat="11.983187953010201" lon="108.45718698576093">
        <ele>1585.27</ele>
      </trkpt>
      <trkpt lat="11.983190970495343" lon="108.45720794051886">
        <ele>1585.86</ele>
      </trkpt>
      <trkpt lat="11.983192982152104" lon="108.45723291859031">
        <ele>1586.43</ele>
      </trkpt>
      <trkpt lat="11.983199939131737" lon="108.45725999213755">
        <ele>1587.0</ele>
      </trkpt>
      <trkpt lat="11.98320496827364" lon="108.45727792941034">
        <ele>1587.53</ele>
      </trkpt>
      <trkpt lat="11.983207985758781" lon="108.4573039971292">
        <ele>1588.06</ele>
      </trkpt>
      <trkpt lat="11.983209997415543" lon="108.45731891691685">
        <ele>1588.55</ele>
      </trkpt>
      <trkpt lat="11.983214942738414" lon="108.45733299851418">
        <ele>1589.01</ele>
      </trkpt>
      <trkpt lat="11.983219971880317" lon="108.45734397880733">
        <ele>1589.44</ele>
      </trkpt>
      <trkpt lat="11.983224917203188" lon="108.45734599046409">
        <ele>1589.84</ele>
      </trkpt>
      <trkpt lat="11.98322793468833" lon="108.45734397880733">
        <ele>1590.22</ele>
      </trkpt>
      <trkpt lat="11.983235981315374" lon="108.45734992995858">
        <ele>1590.61</ele>
      </trkpt>
      <trkpt lat="11.983237992972136" lon="108.45735294744372">
        <ele>1590.97</ele>
      </trkpt>
      <trkpt lat="11.983243944123387" lon="108.45735998824239">
        <ele>1591.33</ele>
      </trkpt>
      <trkpt lat="11.98324796743691" lon="108.45736392773688">
        <ele>1591.69</ele>
      </trkpt>
      <trkpt lat="11.98324796743691" lon="108.45736593939364">
        <ele>1592.03</ele>
      </trkpt>
      <trkpt lat="11.98324897326529" lon="108.45737197436392">
        <ele>1592.39</ele>
      </trkpt>
      <trkpt lat="11.983246961608529" lon="108.45737792551517">
        <ele>1592.73</ele>
      </trkpt>
      <trkpt lat="11.983244949951768" lon="108.45738798379898">
        <ele>1593.1</ele>
      </trkpt>
      <trkpt lat="11.983239920809865" lon="108.45740893855691">
        <ele>1593.48</ele>
      </trkpt>
      <trkpt lat="11.983233969658613" lon="108.45742595382035">
        <ele>1593.86</ele>
      </trkpt>
      <trkpt lat="11.983224917203188" lon="108.45743995159864">
        <ele>1594.24</ele>
      </trkpt>
      <trkpt lat="11.983219971880317" lon="108.45745797269046">
        <ele>1594.62</ele>
      </trkpt>
      <trkpt lat="11.983215948566794" lon="108.45747599378228">
        <ele>1595.0</ele>
      </trkpt>
      <trkpt lat="11.983211925253272" lon="108.45749594271183">
        <ele>1595.38</ele>
      </trkpt>
      <trkpt lat="11.983208991587162" lon="108.45751698128879">
        <ele>1595.75</ele>
      </trkpt>
      <trkpt lat="11.9832069799304" lon="108.45753793604672">
        <ele>1596.12</ele>
      </trkpt>
      <trkpt lat="11.983207985758781" lon="108.4575629979372">
        <ele>1596.5</ele>
      </trkpt>
      <trkpt lat="11.983214942738414" lon="108.45758998766541">
        <ele>1596.86</ele>
      </trkpt>
      <trkpt lat="11.98322793468833" lon="108.45762494020164">
        <ele>1597.23</ele>
      </trkpt>
      <trkpt lat="11.983245955780149" lon="108.45766098238528">
        <ele>1597.6</ele>
      </trkpt>
      <trkpt lat="11.983266994357109" lon="108.4577009640634">
        <ele>1597.95</ele>
      </trkpt>
      <trkpt lat="11.983285937458277" lon="108.45773591659963">
        <ele>1598.29</ele>
      </trkpt>
      <trkpt lat="11.983297923579812" lon="108.45775796100497">
        <ele>1598.62</ele>
      </trkpt>
      <trkpt lat="11.983311921358109" lon="108.45778293907642">
        <ele>1598.95</ele>
      </trkpt>
      <trkpt lat="11.983321979641914" lon="108.4577979426831">
        <ele>1599.25</ele>
      </trkpt>
      <trkpt lat="11.983336983248591" lon="108.45781898126006">
        <ele>1599.56</ele>
      </trkpt>
      <trkpt lat="11.983345951884985" lon="108.4578309673816">
        <ele>1599.85</ele>
      </trkpt>
      <trkpt lat="11.983348969370127" lon="108.45783398486674">
        <ele>1600.12</ele>
      </trkpt>
      <trkpt lat="11.983349975198507" lon="108.45783398486674">
        <ele>1600.37</ele>
      </trkpt>
      <trkpt lat="11.98335693217814" lon="108.45784094184637">
        <ele>1600.63</ele>
      </trkpt>
      <trkpt lat="11.983361961320043" lon="108.4578449651599">
        <ele>1600.87</ele>
      </trkpt>
      <trkpt lat="11.983362967148423" lon="108.45784597098827">
        <ele>1601.1</ele>
      </trkpt>
      <trkpt lat="11.98337696492672" lon="108.45785795710981">
        <ele>1601.32</ele>
      </trkpt>
      <trkpt lat="11.983392974361777" lon="108.45787497237325">
        <ele>1601.55</ele>
      </trkpt>
      <trkpt lat="11.983405966311693" lon="108.45788997597992">
        <ele>1601.76</ele>
      </trkpt>
      <trkpt lat="11.983424993231893" lon="108.45790992490947">
        <ele>1601.95</ele>
      </trkpt>
      <trkpt lat="11.983453994616866" lon="108.45794294960797">
        <ele>1602.15</ele>
      </trkpt>
      <trkpt lat="11.983473943546414" lon="108.45796692185104">
        <ele>1602.34</ele>
      </trkpt>
      <trkpt lat="11.983489952981472" lon="108.4579829312861">
        <ele>1602.49</ele>
      </trkpt>
      <trkpt lat="11.983498921617866" lon="108.45799894072115">
        <ele>1602.64</ele>
      </trkpt>
      <trkpt lat="11.983500933274627" lon="108.45801092684269">
        <ele>1602.76</ele>
      </trkpt>
      <trkpt lat="11.983501939103007" lon="108.45803196541965">
        <ele>1602.89</ele>
      </trkpt>
      <trkpt lat="11.983504956588149" lon="108.45806792378426">
        <ele>1603.01</ele>
      </trkpt>
      <trkpt lat="11.983516942709684" lon="108.45810497179627">
        <ele>1603.09</ele>
      </trkpt>
      <trkpt lat="11.983521971851587" lon="108.45813799649477">
        <ele>1603.13</ele>
      </trkpt>
      <trkpt lat="11.98353094048798" lon="108.45816892571747">
        <ele>1603.16</ele>
      </trkpt>
      <trkpt lat="11.983539992943406" lon="108.45820697955787">
        <ele>1603.16</ele>
      </trkpt>
      <trkpt lat="11.9835489615798" lon="108.45824494957924">
        <ele>1603.14</ele>
      </trkpt>
      <trkpt lat="11.983554996550083" lon="108.45826992765069">
        <ele>1603.09</ele>
      </trkpt>
      <trkpt lat="11.983556924387813" lon="108.4582969173789">
        <ele>1603.03</ele>
      </trkpt>
      <trkpt lat="11.983559941872954" lon="108.45832591876388">
        <ele>1602.94</ele>
      </trkpt>
      <trkpt lat="11.983569916337729" lon="108.45835492014885">
        <ele>1602.83</ele>
      </trkpt>
      <trkpt lat="11.983565976843238" lon="108.45838593319058">
        <ele>1602.69</ele>
      </trkpt>
      <trkpt lat="11.983566982671618" lon="108.45842197537422">
        <ele>1602.55</ele>
      </trkpt>
      <trkpt lat="11.983566982671618" lon="108.45845298841596">
        <ele>1602.38</ele>
      </trkpt>
      <trkpt lat="11.983576957136393" lon="108.45847595483065">
        <ele>1602.21</ele>
      </trkpt>
      <trkpt lat="11.983590954914689" lon="108.4585149306804">
        <ele>1602.04</ele>
      </trkpt>
      <trkpt lat="11.983598917722702" lon="108.45855197869241">
        <ele>1601.86</ele>
      </trkpt>
      <trkpt lat="11.983602941036224" lon="108.45858693122864">
        <ele>1601.68</ele>
      </trkpt>
      <trkpt lat="11.983621967956424" lon="108.45861995592713">
        <ele>1601.53</ele>
      </trkpt>
      <trkpt lat="11.983645940199494" lon="108.45866697840393">
        <ele>1601.4</ele>
      </trkpt>
      <trkpt lat="11.983669996261597" lon="108.45871198922396">
        <ele>1601.28</ele>
      </trkpt>
      <trkpt lat="11.98367997072637" lon="108.45877099782228">
        <ele>1601.17</ele>
      </trkpt>
      <trkpt lat="11.983696985989809" lon="108.45882698893547">
        <ele>1601.09</ele>
      </trkpt>
      <trkpt lat="11.9837009254843" lon="108.4588719997555">
        <ele>1601.04</ele>
      </trkpt>
      <trkpt lat="11.98369899764657" lon="108.45892095007002">
        <ele>1601.02</ele>
      </trkpt>
      <trkpt lat="11.983694974333048" lon="108.45895598642528">
        <ele>1601.05</ele>
      </trkpt>
      <trkpt lat="11.983685921877623" lon="108.45898892730474">
        <ele>1601.11</ele>
      </trkpt>
      <trkpt lat="11.983688939362764" lon="108.45902195200324">
        <ele>1601.22</ele>
      </trkpt>
      <trkpt lat="11.983704948797822" lon="108.4590519592166">
        <ele>1601.37</ele>
      </trkpt>
      <trkpt lat="11.98372095823288" lon="108.45909395255148">
        <ele>1601.56</ele>
      </trkpt>
      <trkpt lat="11.983727999031544" lon="108.45914893783629">
        <ele>1601.79</ele>
      </trkpt>
      <trkpt lat="11.983732944354415" lon="108.45925295725465">
        <ele>1602.06</ele>
      </trkpt>
      <trkpt lat="11.983735961839557" lon="108.459282964468">
        <ele>1602.36</ele>
      </trkpt>
      <trkpt lat="11.983724981546402" lon="108.45934197306633">
        <ele>1602.7</ele>
      </trkpt>
      <trkpt lat="11.983727999031544" lon="108.4594589844346">
        <ele>1603.06</ele>
      </trkpt>
      <trkpt lat="11.983789941295981" lon="108.45966693945229">
        <ele>1603.5</ele>
      </trkpt>
      <trkpt lat="11.983821960166097" lon="108.45987196080387">
        <ele>1604.01</ele>
      </trkpt>
      <trkpt lat="11.983835957944393" lon="108.45991596579552">
        <ele>1604.45</ele>
      </trkpt>
      <trkpt lat="11.983855990692973" lon="108.45995393581688">
        <ele>1604.89</ele>
      </trkpt>
      <trkpt lat="11.983924973756075" lon="108.46007295884192">
        <ele>1605.39</ele>
      </trkpt>
      <trkpt lat="11.983949951827526" lon="108.46012299880385">
        <ele>1605.81</ele>
      </trkpt>
      <trkpt lat="11.983995968475938" lon="108.46022995188832">
        <ele>1606.25</ele>
      </trkpt>
      <trkpt lat="11.984019940719008" lon="108.46027496270835">
        <ele>1606.61</ele>
      </trkpt>
      <trkpt lat="11.984035950154066" lon="108.46031092107296">
        <ele>1606.91</ele>
      </trkpt>
      <trkpt lat="11.984049947932363" lon="108.46033992245793">
        <ele>1607.16</ele>
      </trkpt>
      <trkpt lat="11.98406495153904" lon="108.46036791801453">
        <ele>1607.36</ele>
      </trkpt>
      <trkpt lat="11.984083978459239" lon="108.46038895659149">
        <ele>1607.52</ele>
      </trkpt>
      <trkpt lat="11.984112979844213" lon="108.46041292883456">
        <ele>1607.62</ele>
      </trkpt>
      <trkpt lat="11.984169976785779" lon="108.46046699211001">
        <ele>1607.65</ele>
      </trkpt>
      <trkpt lat="11.984188919886947" lon="108.46048392355442">
        <ele>1607.63</ele>
      </trkpt>
      <trkpt lat="11.984200989827514" lon="108.46049599349499">
        <ele>1607.56</ele>
      </trkpt>
      <trkpt lat="11.9842189271003" lon="108.46050496213138">
        <ele>1607.42</ele>
      </trkpt>
      <trkpt lat="11.98423895984888" lon="108.4605179540813">
        <ele>1607.22</ele>
      </trkpt>
      <trkpt lat="11.98425899259746" lon="108.46053899265826">
        <ele>1606.96</ele>
      </trkpt>
      <trkpt lat="11.98428195901215" lon="108.46055399626493">
        <ele>1606.64</ele>
      </trkpt>
      <trkpt lat="11.984302997589111" lon="108.46056698821485">
        <ele>1606.26</ele>
      </trkpt>
      <trkpt lat="11.984333926811814" lon="108.460577968508">
        <ele>1605.81</ele>
      </trkpt>
      <trkpt lat="11.984361922368407" lon="108.46058492548764">
        <ele>1605.3</ele>
      </trkpt>
      <trkpt lat="11.984395952895284" lon="108.46059598959982">
        <ele>1604.74</ele>
      </trkpt>
      <trkpt lat="11.984437946230173" lon="108.46061199903488">
        <ele>1604.13</ele>
      </trkpt>
      <trkpt lat="11.984467953443527" lon="108.46062599681318">
        <ele>1603.5</ele>
      </trkpt>
      <trkpt lat="11.984512964263558" lon="108.46064393408597">
        <ele>1602.83</ele>
      </trkpt>
      <trkpt lat="11.984565937891603" lon="108.46065893769264">
        <ele>1602.12</ele>
      </trkpt>
      <trkpt lat="11.984612960368395" lon="108.46067394129932">
        <ele>1601.4</ele>
      </trkpt>
      <trkpt lat="11.984656965360045" lon="108.4606799762696">
        <ele>1600.68</ele>
      </trkpt>
      <trkpt lat="11.9846869725734" lon="108.46068995073438">
        <ele>1599.98</ele>
      </trkpt>
      <trkpt lat="11.98473097756505" lon="108.46070294268429">
        <ele>1599.26</ele>
      </trkpt>
      <trkpt lat="11.98484094813466" lon="108.46074795350432">
        <ele>1598.46</ele>
      </trkpt>
      <trkpt lat="11.98488193564117" lon="108.46075893379748">
        <ele>1597.82</ele>
      </trkpt>
      <trkpt lat="11.984932981431484" lon="108.46077896654606">
        <ele>1597.21</ele>
      </trkpt>
      <trkpt lat="11.985046975314617" lon="108.46082196570933">
        <ele>1596.63</ele>
      </trkpt>
      <trkpt lat="11.9850979372859" lon="108.46083093434572">
        <ele>1596.1</ele>
      </trkpt>
      <trkpt lat="11.985146971419454" lon="108.46082297153771">
        <ele>1595.62</ele>
      </trkpt>
      <trkpt lat="11.985207991674542" lon="108.46084392629564">
        <ele>1595.19</ele>
      </trkpt>
      <trkpt lat="11.985262976959348" lon="108.4608559962362">
        <ele>1594.82</ele>
      </trkpt>
      <trkpt lat="11.985387951135635" lon="108.4608839917928">
        <ele>1594.48</ele>
      </trkpt>
      <trkpt lat="11.985431956127286" lon="108.46089195460081">
        <ele>1594.2</ele>
      </trkpt>
      <trkpt lat="11.985479984432459" lon="108.4609009232372">
        <ele>1593.98</ele>
      </trkpt>
      <trkpt lat="11.985521977767348" lon="108.4609149210155">
        <ele>1593.81</ele>
      </trkpt>
      <trkpt lat="11.98557193391025" lon="108.46093193627894">
        <ele>1593.68</ele>
      </trkpt>
      <trkpt lat="11.985615938901901" lon="108.460947945714">
        <ele>1593.58</ele>
      </trkpt>
      <trkpt lat="11.985658938065171" lon="108.46095993183553">
        <ele>1593.52</ele>
      </trkpt>
      <trkpt lat="11.98569598607719" lon="108.46096898429096">
        <ele>1593.48</ele>
      </trkpt>
      <trkpt lat="11.985893966630101" lon="108.46099798567593">
        <ele>1593.48</ele>
      </trkpt>
      <trkpt lat="11.985944928601384" lon="108.4610029309988">
        <ele>1593.48</ele>
      </trkpt>
      <trkpt lat="11.986036961898208" lon="108.46101592294872">
        <ele>1593.51</ele>
      </trkpt>
      <trkpt lat="11.986076943576336" lon="108.46102296374738">
        <ele>1593.55</ele>
      </trkpt>
      <trkpt lat="11.986199989914894" lon="108.46105095930398">
        <ele>1593.61</ele>
      </trkpt>
      <trkpt lat="11.986251957714558" lon="108.46106495708227">
        <ele>1593.69</ele>
      </trkpt>
      <trkpt lat="11.986290933564305" lon="108.46107291989028">
        <ele>1593.8</ele>
      </trkpt>
      <trkpt lat="11.986326975747943" lon="108.46108599565923">
        <ele>1593.93</ele>
      </trkpt>
      <trkpt lat="11.986360922455788" lon="108.46110192127526">
        <ele>1594.06</ele>
      </trkpt>
      <trkpt lat="11.986404927447438" lon="108.4611189365387">
        <ele>1594.2</ele>
      </trkpt>
      <trkpt lat="11.986455973237753" lon="108.46113595180213">
        <ele>1594.37</ele>
      </trkpt>
      <trkpt lat="11.986544989049435" lon="108.46114894375205">
        <ele>1594.55</ele>
      </trkpt>
      <trkpt lat="11.986581953242421" lon="108.46114894375205">
        <ele>1594.75</ele>
      </trkpt>
      <trkpt lat="11.986626964062452" lon="108.46114399842918">
        <ele>1594.98</ele>
      </trkpt>
      <trkpt lat="11.986670969054103" lon="108.46113896928728">
        <ele>1595.22</ele>
      </trkpt>
      <trkpt lat="11.98670499958098" lon="108.46113494597375">
        <ele>1595.47</ele>
      </trkpt>
      <trkpt lat="11.986742969602346" lon="108.46112991683185">
        <ele>1595.76</ele>
      </trkpt>
      <trkpt lat="11.986774988472462" lon="108.46112698316574">
        <ele>1596.06</ele>
      </trkpt>
      <trkpt lat="11.987077994272113" lon="108.46111692488194">
        <ele>1596.3</ele>
      </trkpt>
      <trkpt lat="11.987175978720188" lon="108.46111097373068">
        <ele>1596.71</ele>
      </trkpt>
      <trkpt lat="11.987342946231365" lon="108.46110795624554">
        <ele>1597.19</ele>
      </trkpt>
      <trkpt lat="11.987388962879777" lon="108.46110695041716">
        <ele>1597.63</ele>
      </trkpt>
      <trkpt lat="11.987434979528189" lon="108.46111197955906">
        <ele>1598.1</ele>
      </trkpt>
      <trkpt lat="11.987469932064414" lon="108.46111399121583">
        <ele>1598.58</ele>
      </trkpt>
      <trkpt lat="11.987509997561574" lon="108.46111994236708">
        <ele>1599.06</ele>
      </trkpt>
      <trkpt lat="11.987547967582941" lon="108.46113192848861">
        <ele>1599.56</ele>
      </trkpt>
      <trkpt lat="11.987590966746211" lon="108.46115196123719">
        <ele>1600.07</ele>
      </trkpt>
      <trkpt lat="11.987627930939198" lon="108.46116595901549">
        <ele>1600.57</ele>
      </trkpt>
      <trkpt lat="11.987663973122835" lon="108.46117693930864">
        <ele>1601.07</ele>
      </trkpt>
      <trkpt lat="11.987705966457725" lon="108.46119596622884">
        <ele>1601.56</ele>
      </trkpt>
      <trkpt lat="11.98774091899395" lon="108.461206946522">
        <ele>1602.06</ele>
      </trkpt>
      <trkpt lat="11.98777997866273" lon="108.46121599897742">
        <ele>1602.55</ele>
      </trkpt>
      <trkpt lat="11.987806968390942" lon="108.46122195012867">
        <ele>1603.04</ele>
      </trkpt>
      <trkpt lat="11.987838987261057" lon="108.4612259734422">
        <ele>1603.52</ele>
      </trkpt>
      <trkpt lat="11.98787092231214" lon="108.46123293042183">
        <ele>1604.02</ele>
      </trkpt>
      <trkpt lat="11.987885925918818" lon="108.46123695373535">
        <ele>1604.5</ele>
      </trkpt>
      <trkpt lat="11.987897995859385" lon="108.46123091876507">
        <ele>1604.99</ele>
      </trkpt>
      <trkpt lat="11.987917944788933" lon="108.46123594790697">
        <ele>1605.49</ele>
      </trkpt>
      <trkpt lat="11.987942922860384" lon="108.46123393625021">
        <ele>1606.01</ele>
      </trkpt>
      <trkpt lat="11.987973935902119" lon="108.46124491654336">
        <ele>1606.55</ele>
      </trkpt>
      <trkpt lat="11.98799698613584" lon="108.46125396899879">
        <ele>1607.09</ele>
      </trkpt>
      <trkpt lat="11.98801894672215" lon="108.46126997843385">
        <ele>1607.64</ele>
      </trkpt>
      <trkpt lat="11.988043924793601" lon="108.4612899273634">
        <ele>1608.22</ele>
      </trkpt>
      <trkpt lat="11.988065969198942" lon="108.46130291931331">
        <ele>1608.8</ele>
      </trkpt>
      <trkpt lat="11.988098993897438" lon="108.46132496371865">
        <ele>1609.42</ele>
      </trkpt>
      <trkpt lat="11.98812891729176" lon="108.46134893596172">
        <ele>1610.06</ele>
      </trkpt>
      <trkpt lat="11.988152973353863" lon="108.46133694984019">
        <ele>1610.71</ele>
      </trkpt>
      <trkpt lat="11.98816898278892" lon="108.46133795566857">
        <ele>1611.37</ele>
      </trkpt>
      <trkpt lat="11.988186920061707" lon="108.46134298481047">
        <ele>1612.05</ele>
      </trkpt>
      <trkpt lat="11.98821097612381" lon="108.46134499646723">
        <ele>1612.78</ele>
      </trkpt>
      <trkpt lat="11.988238971680403" lon="108.46134793013334">
        <ele>1613.53</ele>
      </trkpt>
      <trkpt lat="11.988261938095093" lon="108.46135899424553">
        <ele>1614.3</ele>
      </trkpt>
      <trkpt lat="11.988285994157195" lon="108.4613639395684">
        <ele>1615.09</ele>
      </trkpt>
      <trkpt lat="11.988307954743505" lon="108.46136092208326">
        <ele>1615.88</ele>
      </trkpt>
      <trkpt lat="11.988332932814956" lon="108.46136796288192">
        <ele>1616.7</ele>
      </trkpt>
      <trkpt lat="11.988365957513452" lon="108.46138095483184">
        <ele>1617.54</ele>
      </trkpt>
      <trkpt lat="11.98840199969709" lon="108.46139897592366">
        <ele>1618.39</ele>
      </trkpt>
      <trkpt lat="11.988435946404934" lon="108.46140995621681">
        <ele>1619.24</ele>
      </trkpt>
      <trkpt lat="11.988460924476385" lon="108.46141993068159">
        <ele>1620.06</ele>
      </trkpt>
      <trkpt lat="11.988499984145164" lon="108.46140995621681">
        <ele>1620.87</ele>
      </trkpt>
      <trkpt lat="11.988541977480054" lon="108.46140593290329">
        <ele>1621.66</ele>
      </trkpt>
      <trkpt lat="11.988579947501421" lon="108.46141196787357">
        <ele>1622.44</ele>
      </trkpt>
      <trkpt lat="11.988612972199917" lon="108.4614379517734">
        <ele>1623.2</ele>
      </trkpt>
      <trkpt lat="11.988630993291736" lon="108.46145396120846">
        <ele>1623.91</ele>
      </trkpt>
      <trkpt lat="11.988643985241652" lon="108.46147298812866">
        <ele>1624.58</ele>
      </trkpt>
      <trkpt lat="11.988648930564523" lon="108.46147893927991">
        <ele>1625.2</ele>
      </trkpt>
      <trkpt lat="11.988669969141483" lon="108.46150492317975">
        <ele>1625.8</ele>
      </trkpt>
      <trkpt lat="11.988693941384554" lon="108.46153291873634">
        <ele>1626.36</ele>
      </trkpt>
      <trkpt lat="11.988719925284386" lon="108.46156292594969">
        <ele>1626.88</ele>
      </trkpt>
      <trkpt lat="11.988744987174869" lon="108.46159796230495">
        <ele>1627.34</ele>
      </trkpt>
      <trkpt lat="11.988805923610926" lon="108.46171296201646">
        <ele>1627.73</ele>
      </trkpt>
      <trkpt lat="11.988824950531125" lon="108.46175294369459">
        <ele>1628.02</ele>
      </trkpt>
      <trkpt lat="11.988883959129453" lon="108.46188093535602">
        <ele>1628.24</ele>
      </trkpt>
      <trkpt lat="11.988933999091387" lon="108.4619479905814">
        <ele>1628.42</ele>
      </trkpt>
      <trkpt lat="11.988959982991219" lon="108.46197095699608">
        <ele>1628.53</ele>
      </trkpt>
      <trkpt lat="11.98898496106267" lon="108.46198998391628">
        <ele>1628.57</ele>
      </trkpt>
      <trkpt lat="11.98900792747736" lon="108.46200599335134">
        <ele>1628.54</ele>
      </trkpt>
      <trkpt lat="11.98902695439756" lon="108.46201898530126">
        <ele>1628.43</ele>
      </trkpt>
      <trkpt lat="11.98905092664063" lon="108.46203298307955">
        <ele>1628.24</ele>
      </trkpt>
      <trkpt lat="11.989109935238957" lon="108.46206399612129">
        <ele>1627.98</ele>
      </trkpt>
      <trkpt lat="11.98917699046433" lon="108.46207799389958">
        <ele>1627.62</ele>
      </trkpt>
      <trkpt lat="11.98930892162025" lon="108.46210397779942">
        <ele>1627.17</ele>
      </trkpt>
      <trkpt lat="11.989343957975507" lon="108.46210699528456">
        <ele>1626.63</ele>
      </trkpt>
      <trkpt lat="11.98937094770372" lon="108.4620999544859">
        <ele>1626.02</ele>
      </trkpt>
      <trkpt lat="11.98939592577517" lon="108.46209391951561">
        <ele>1625.36</ele>
      </trkpt>
      <trkpt lat="11.989423921331763" lon="108.46209199167788">
        <ele>1624.63</ele>
      </trkpt>
      <trkpt lat="11.989455940201879" lon="108.46209593117237">
        <ele>1623.84</ele>
      </trkpt>
      <trkpt lat="11.989488964900374" lon="108.46210598945618">
        <ele>1623.0</ele>
      </trkpt>
      <trkpt lat="11.989528946578503" lon="108.46210892312229">
        <ele>1622.12</ele>
      </trkpt>
      <trkpt lat="11.98960698209703" lon="108.46209299750626">
        <ele>1621.13</ele>
      </trkpt>
      <trkpt lat="11.989636989310384" lon="108.46208998002112">
        <ele>1620.17</ele>
      </trkpt>
      <trkpt lat="11.98967294767499" lon="108.46209593117237">
        <ele>1619.18</ele>
      </trkpt>
      <trkpt lat="11.989747965708375" lon="108.46212199889123">
        <ele>1618.15</ele>
      </trkpt>
      <trkpt lat="11.989787947386503" lon="108.46212996169925">
        <ele>1617.12</ele>
      </trkpt>
      <trkpt lat="11.989829940721393" lon="108.46213197335601">
        <ele>1616.08</ele>
      </trkpt>
      <trkpt lat="11.989914933219552" lon="108.46213499084115">
        <ele>1614.95</ele>
      </trkpt>
      <trkpt lat="11.98999891988933" lon="108.46212392672896">
        <ele>1613.81</ele>
      </trkpt>
      <trkpt lat="11.99003898538649" lon="108.46211898140609">
        <ele>1612.76</ele>
      </trkpt>
      <trkpt lat="11.99005994014442" lon="108.46211696974933">
        <ele>1611.79</ele>
      </trkpt>
      <trkpt lat="11.990094976499677" lon="108.46211495809257">
        <ele>1610.81</ele>
      </trkpt>
      <trkpt lat="11.990178963169456" lon="108.46209894865751">
        <ele>1609.83</ele>
      </trkpt>
      <trkpt lat="11.990223973989487" lon="108.46208897419274">
        <ele>1608.96</ele>
      </trkpt>
      <trkpt lat="11.99029597453773" lon="108.46206894144416">
        <ele>1608.13</ele>
      </trkpt>
      <trkpt lat="11.990370992571115" lon="108.46203398890793">
        <ele>1607.38</ele>
      </trkpt>
      <trkpt lat="11.990401921793818" lon="108.46201999112964">
        <ele>1606.67</ele>
      </trkpt>
      <trkpt lat="11.990430923178792" lon="108.46200892701745">
        <ele>1606.0</ele>
      </trkpt>
      <trkpt lat="11.990458918735385" lon="108.46200498752296">
        <ele>1605.37</ele>
      </trkpt>
      <trkpt lat="11.990485992282629" lon="108.46199995838106">
        <ele>1604.77</ele>
      </trkpt>
      <trkpt lat="11.990514993667603" lon="108.46199392341077">
        <ele>1604.22</ele>
      </trkpt>
      <trkpt lat="11.990537960082293" lon="108.4619889780879">
        <ele>1603.68</ele>
      </trkpt>
      <trkpt lat="11.990593951195478" lon="108.46197699196637">
        <ele>1603.17</ele>
      </trkpt>
      <trkpt lat="11.99062094092369" lon="108.46197296865284">
        <ele>1602.67</ele>
      </trkpt>
      <trkpt lat="11.990645918995142" lon="108.46196894533932">
        <ele>1602.17</ele>
      </trkpt>
      <trkpt lat="11.990664945915341" lon="108.46196592785418">
        <ele>1601.67</ele>
      </trkpt>
      <trkpt lat="11.990694953128695" lon="108.46196391619742">
        <ele>1601.16</ele>
      </trkpt>
      <trkpt lat="11.990721942856908" lon="108.46196299418807">
        <ele>1600.61</ele>
      </trkpt>
      <trkpt lat="11.99079193174839" lon="108.46196894533932">
        <ele>1600.0</ele>
      </trkpt>
      <trkpt lat="11.990822944790125" lon="108.46197296865284">
        <ele>1599.42</ele>
      </trkpt>
      <trkpt lat="11.990850940346718" lon="108.46197095699608">
        <ele>1598.84</ele>
      </trkpt>
      <trkpt lat="11.990907937288284" lon="108.46196098253131">
        <ele>1598.22</ele>
      </trkpt>
      <trkpt lat="11.990929981693625" lon="108.46195695921779">
        <ele>1597.62</ele>
      </trkpt>
      <trkpt lat="11.990989996120334" lon="108.46193893812597">
        <ele>1596.98</ele>
      </trkpt>
      <trkpt lat="11.991084963083267" lon="108.46191396005452">
        <ele>1596.29</ele>
      </trkpt>
      <trkpt lat="11.991109941154718" lon="108.46190691925585">
        <ele>1595.66</ele>
      </trkpt>
      <trkpt lat="11.99113592505455" lon="108.46189795061946">
        <ele>1595.03</ele>
      </trkpt>
      <trkpt lat="11.991165932267904" lon="108.46188495866954">
        <ele>1594.38</ele>
      </trkpt>
      <trkpt lat="11.991196945309639" lon="108.46187498420477">
        <ele>1593.74</ele>
      </trkpt>
      <trkpt lat="11.991282943636179" lon="108.46183097921312">
        <ele>1593.07</ele>
      </trkpt>
      <trkpt lat="11.991330971941352" lon="108.46179996617138">
        <ele>1592.44</ele>
      </trkpt>
      <trkpt lat="11.99139492586255" lon="108.46178697422147">
        <ele>1591.84</ele>
      </trkpt>
      <trkpt lat="11.991488970816135" lon="108.46176291815937">
        <ele>1591.25</ele>
      </trkpt>
      <trkpt lat="11.991548985242844" lon="108.46174892038107">
        <ele>1590.67</ele>
      </trkpt>
      <trkpt lat="11.991578992456198" lon="108.46174196340144">
        <ele>1590.1</ele>
      </trkpt>
      <trkpt lat="11.9916099216789" lon="108.46173391677439">
        <ele>1589.56</ele>
      </trkpt>
      <trkpt lat="11.991639928892255" lon="108.46172796562314">
        <ele>1589.04</ele>
      </trkpt>
      <trkpt lat="11.991697931662202" lon="108.4617159795016">
        <ele>1588.51</ele>
      </trkpt>
      <trkpt lat="11.991729950532317" lon="108.46170994453132">
        <ele>1588.03</ele>
      </trkpt>
      <trkpt lat="11.991785941645503" lon="108.46172394230962">
        <ele>1587.58</ele>
      </trkpt>
      <trkpt lat="11.991809997707605" lon="108.46173299476504">
        <ele>1587.16</ele>
      </trkpt>
      <trkpt lat="11.99184495024383" lon="108.46173098310828">
        <ele>1586.75</ele>
      </trkpt>
      <trkpt lat="11.991879986599088" lon="108.46172796562314">
        <ele>1586.38</ele>
      </trkpt>
      <trkpt lat="11.991912927478552" lon="108.46172092482448">
        <ele>1586.04</ele>
      </trkpt>
      <trkpt lat="11.99194896966219" lon="108.46171899698675">
        <ele>1585.73</ele>
      </trkpt>
      <trkpt lat="11.992023987695575" lon="108.4617109503597">
        <ele>1585.43</ele>
      </trkpt>
      <trkpt lat="11.992082996293902" lon="108.46168999560177">
        <ele>1585.17</ele>
      </trkpt>
      <trkpt lat="11.992114931344986" lon="108.46167993731797">
        <ele>1584.94</ele>
      </trkpt>
      <trkpt lat="11.99214594438672" lon="108.46167298033834">
        <ele>1584.77</ele>
      </trkpt>
      <trkpt lat="11.9922299310565" lon="108.46166292205453">
        <ele>1584.62</ele>
      </trkpt>
      <trkpt lat="11.992236971855164" lon="108.4616609942168">
        <ele>1584.5</ele>
      </trkpt>
      <trkpt lat="11.992246946319938" lon="108.46166392788291">
        <ele>1584.4</ele>
      </trkpt>
      <trkpt lat="11.992266979068518" lon="108.46166795119643">
        <ele>1584.32</ele>
      </trkpt>
      <trkpt lat="11.992296986281872" lon="108.46166191622615">
        <ele>1584.27</ele>
      </trkpt>
      <trkpt lat="11.9923559948802" lon="108.46164096146822">
        <ele>1584.22</ele>
      </trkpt>
      <trkpt lat="11.992390947416425" lon="108.46163593232632">
        <ele>1584.19</ele>
      </trkpt>
      <trkpt lat="11.99248993769288" lon="108.46163593232632">
        <ele>1584.16</ele>
      </trkpt>
      <trkpt lat="11.992524974048138" lon="108.46162998117507">
        <ele>1584.15</ele>
      </trkpt>
      <trkpt lat="11.992620946839452" lon="108.46163392066956">
        <ele>1584.15</ele>
      </trkpt>
      <trkpt lat="11.992647936567664" lon="108.46163995563984">
        <ele>1584.18</ele>
      </trkpt>
      <trkpt lat="11.992670986801386" lon="108.46164096146822">
        <ele>1584.2</ele>
      </trkpt>
      <trkpt lat="11.992685990408063" lon="108.46163794398308">
        <ele>1584.23</ele>
      </trkpt>
      <trkpt lat="11.99270292185247" lon="108.4616329986602">
        <ele>1584.24</ele>
      </trkpt>
      <trkpt lat="11.992782969027758" lon="108.4616329986602">
        <ele>1584.24</ele>
      </trkpt>
      <trkpt lat="11.992892939597368" lon="108.46164993010461">
        <ele>1584.24</ele>
      </trkpt>
      <trkpt lat="11.992911966517568" lon="108.46165797673166">
        <ele>1584.24</ele>
      </trkpt>
      <trkpt lat="11.9929379504174" lon="108.46166493371129">
        <ele>1584.22</ele>
      </trkpt>
      <trkpt lat="11.992964940145612" lon="108.46166694536805">
        <ele>1584.19</ele>
      </trkpt>
      <trkpt lat="11.993015985935926" lon="108.46168898977339">
        <ele>1584.12</ele>
      </trkpt>
      <trkpt lat="11.993055967614055" lon="108.46171698532999">
        <ele>1584.03</ele>
      </trkpt>
      <trkpt lat="11.993057979270816" lon="108.46171698532999">
        <ele>1583.91</ele>
      </trkpt>
      <trkpt lat="11.993235927075148" lon="108.46177096478641">
        <ele>1583.75</ele>
      </trkpt>
      <trkpt lat="11.993341958150268" lon="108.46181094646454">
        <ele>1583.53</ele>
      </trkpt>
      <trkpt lat="11.993429968133569" lon="108.46182393841445">
        <ele>1583.27</ele>
      </trkpt>
      <trkpt lat="11.99352191761136" lon="108.46184698864818">
        <ele>1582.96</ele>
      </trkpt>
      <trkpt lat="11.993593918159604" lon="108.46187297254801">
        <ele>1582.61</ele>
      </trkpt>
      <trkpt lat="11.993666924536228" lon="108.46189099363983">
        <ele>1582.21</ele>
      </trkpt>
      <trkpt lat="11.993745965883136" lon="108.46189392730594">
        <ele>1581.75</ele>
      </trkpt>
      <trkpt lat="11.99381796643138" lon="108.46189996227622">
        <ele>1581.24</ele>
      </trkpt>
      <trkpt lat="11.993855936452746" lon="108.46191597171128">
        <ele>1580.7</ele>
      </trkpt>
      <trkpt lat="11.993887955322862" lon="108.4619479905814">
        <ele>1580.12</ele>
      </trkpt>
      <trkpt lat="11.993919974192977" lon="108.46198696643114">
        <ele>1579.5</ele>
      </trkpt>
      <trkpt lat="11.993959955871105" lon="108.46203994005919">
        <ele>1578.82</ele>
      </trkpt>
      <trkpt lat="11.993993986397982" lon="108.4620859567076">
        <ele>1578.08</ele>
      </trkpt>
      <trkpt lat="11.994027933105826" lon="108.46213096752763">
        <ele>1577.28</ele>
      </trkpt>
      <trkpt lat="11.994048971682787" lon="108.46217296086252">
        <ele>1576.42</ele>
      </trkpt>
      <trkpt lat="11.994066992774606" lon="108.46221797168255">
        <ele>1575.5</ele>
      </trkpt>
      <trkpt lat="11.994092976674438" lon="108.46226792782545">
        <ele>1574.45</ele>
      </trkpt>
      <trkpt lat="11.994115943089128" lon="108.46231394447386">
        <ele>1573.36</ele>
      </trkpt>
      <trkpt lat="11.994124995544553" lon="108.46236096695065">
        <ele>1572.23</ele>
      </trkpt>
      <trkpt lat="11.994131952524185" lon="108.46241997554898">
        <ele>1571.07</ele>
      </trkpt>
      <trkpt lat="11.99411996640265" lon="108.46246096305549">
        <ele>1569.91</ele>
      </trkpt>
      <trkpt lat="11.994108986109495" lon="108.46250999718904">
        <ele>1568.74</ele>
      </trkpt>
      <trkpt lat="11.994089959189296" lon="108.46255794167519">
        <ele>1567.58</ele>
      </trkpt>
      <trkpt lat="11.994064981117845" lon="108.46261099912226">
        <ele>1566.4</ele>
      </trkpt>
      <trkpt lat="11.99403396807611" lon="108.46266992390156">
        <ele>1565.23</ele>
      </trkpt>
      <trkpt lat="11.993997925892472" lon="108.4627469535917">
        <ele>1564.05</ele>
      </trkpt>
      <trkpt lat="11.993967918679118" lon="108.46282599493861">
        <ele>1562.89</ele>
      </trkpt>
      <trkpt lat="11.993934977799654" lon="108.4628989174962">
        <ele>1561.81</ele>
      </trkpt>
      <trkpt lat="11.993921985849738" lon="108.46297192387283">
        <ele>1560.77</ele>
      </trkpt>
      <trkpt lat="11.993919974192977" lon="108.46305892802775">
        <ele>1559.79</ele>
      </trkpt>
      <trkpt lat="11.993949981406331" lon="108.46315599046648">
        <ele>1558.96</ele>
      </trkpt>
      <trkpt lat="11.993963979184628" lon="108.46323595382273">
        <ele>1558.23</ele>
      </trkpt>
      <trkpt lat="11.994002955034375" lon="108.46334097906947">
        <ele>1557.61</ele>
      </trkpt>
      <trkpt lat="11.994054922834039" lon="108.46346494741738">
        <ele>1557.19</ele>
      </trkpt>
      <trkpt lat="11.994110997766256" lon="108.46357692964375">
        <ele>1556.85</ele>
      </trkpt>
      <trkpt lat="11.994150979444385" lon="108.46366091631353">
        <ele>1556.6</ele>
      </trkpt>
      <trkpt lat="11.994174951687455" lon="108.46377298235893">
        <ele>1556.47</ele>
      </trkpt>
      <trkpt lat="11.994234966114163" lon="108.46383299678564">
        <ele>1556.4</ele>
      </trkpt>
      <trkpt lat="11.99427092447877" lon="108.46385797485709">
        <ele>1556.38</ele>
      </trkpt>
      <trkpt lat="11.99437695555389" lon="108.4639349207282">
        <ele>1556.5</ele>
      </trkpt>
      <trkpt lat="11.994410986080766" lon="108.4639629162848">
        <ele>1556.66</ele>
      </trkpt>
      <trkpt lat="11.994445938616991" lon="108.46399392932653">
        <ele>1556.9</ele>
      </trkpt>
      <trkpt lat="11.994477957487106" lon="108.46402594819665">
        <ele>1557.19</ele>
      </trkpt>
      <trkpt lat="11.994508970528841" lon="108.46405897289515">
        <ele>1557.54</ele>
      </trkpt>
      <trkpt lat="11.994538977742195" lon="108.46408998593688">
        <ele>1557.93</ele>
      </trkpt>
      <trkpt lat="11.994559932500124" lon="108.4641249384731">
        <ele>1558.38</ele>
      </trkpt>
      <trkpt lat="11.994582982733846" lon="108.46415192820132">
        <ele>1558.84</ele>
      </trkpt>
      <trkpt lat="11.994605949148536" lon="108.46417799592018">
        <ele>1559.33</ele>
      </trkpt>
      <trkpt lat="11.994632938876748" lon="108.46420397982001">
        <ele>1559.85</ele>
      </trkpt>
      <trkpt lat="11.994660934433341" lon="108.46422392874956">
        <ele>1560.37</ele>
      </trkpt>
      <trkpt lat="11.994692953303456" lon="108.46424697898328">
        <ele>1560.92</ele>
      </trkpt>
      <trkpt lat="11.99472195468843" lon="108.46426592208445">
        <ele>1561.46</ele>
      </trkpt>
      <trkpt lat="11.99474492110312" lon="108.46428796648979">
        <ele>1562.03</ele>
      </trkpt>
      <trkpt lat="11.994760930538177" lon="108.46430095843971">
        <ele>1562.6</ele>
      </trkpt>
      <trkpt lat="11.994775934144855" lon="108.46432794816792">
        <ele>1563.19</ele>
      </trkpt>
      <trkpt lat="11.99478792026639" lon="108.46434697508812">
        <ele>1563.79</ele>
      </trkpt>
      <trkpt lat="11.99480694718659" lon="108.46436994150281">
        <ele>1564.38</ele>
      </trkpt>
      <trkpt lat="11.99483192525804" lon="108.46438997425139">
        <ele>1564.98</ele>
      </trkpt>
      <trkpt lat="11.994857992976904" lon="108.46440891735256">
        <ele>1565.58</ele>
      </trkpt>
      <trkpt lat="11.994885988533497" lon="108.4644359908998">
        <ele>1566.18</ele>
      </trkpt>
      <trkpt lat="11.994911972433329" lon="108.46446599811316">
        <ele>1566.78</ele>
      </trkpt>
      <trkpt lat="11.99493695050478" lon="108.46449692733586">
        <ele>1567.4</ele>
      </trkpt>
      <trkpt lat="11.99496092274785" lon="108.4645189717412">
        <ele>1568.01</ele>
      </trkpt>
      <trkpt lat="11.994975926354527" lon="108.46453196369112">
        <ele>1568.65</ele>
      </trkpt>
      <trkpt lat="11.994987996295094" lon="108.4645519964397">
        <ele>1569.31</ele>
      </trkpt>
      <trkpt lat="11.994992941617966" lon="108.46457093954086">
        <ele>1569.99</ele>
      </trkpt>
      <trkpt lat="11.994995959103107" lon="108.46459097228944">
        <ele>1570.69</ele>
      </trkpt>
      <trkpt lat="11.99500098824501" lon="108.46461092121899">
        <ele>1571.41</ele>
      </trkpt>
      <trkpt lat="11.995008951053023" lon="108.46464394591749">
        <ele>1572.16</ele>
      </trkpt>
      <trkpt lat="11.995017919689417" lon="108.46467998810112">
        <ele>1572.92</ele>
      </trkpt>
      <trkpt lat="11.995024960488081" lon="108.4647259209305">
        <ele>1573.71</ele>
      </trkpt>
      <trkpt lat="11.995044993236661" lon="108.46478099003434">
        <ele>1574.52</ele>
      </trkpt>
      <trkpt lat="11.99506594799459" lon="108.46484594978392">
        <ele>1575.34</ele>
      </trkpt>
      <trkpt lat="11.99508698657155" lon="108.46489892341197">
        <ele>1576.14</ele>
      </trkpt>
      <trkpt lat="11.995111964643002" lon="108.46495592035353">
        <ele>1576.94</ele>
      </trkpt>
      <trkpt lat="11.995125962421298" lon="108.46499598585069">
        <ele>1577.71</ele>
      </trkpt>
      <trkpt lat="11.99512998573482" lon="108.46502096392214">
        <ele>1578.44</ele>
      </trkpt>
      <trkpt lat="11.995125962421298" lon="108.46504493616521">
        <ele>1579.15</ele>
      </trkpt>
      <trkpt lat="11.995115987956524" lon="108.46506899222732">
        <ele>1579.84</ele>
      </trkpt>
      <trkpt lat="11.995112970471382" lon="108.46509095281363">
        <ele>1580.47</ele>
      </trkpt>
      <trkpt lat="11.995118921622634" lon="108.46512196585536">
        <ele>1581.07</ele>
      </trkpt>
      <trkpt lat="11.995111964643002" lon="108.46514794975519">
        <ele>1581.64</ele>
      </trkpt>
      <trkpt lat="11.995099978521466" lon="108.46517099998891">
        <ele>1582.15</ele>
      </trkpt>
      <trkpt lat="11.995088998228312" lon="108.46519497223198">
        <ele>1582.6</ele>
      </trkpt>
      <trkpt lat="11.995076928287745" lon="108.46522598527372">
        <ele>1583.01</ele>
      </trkpt>
      <trkpt lat="11.995063936337829" lon="108.46526697278023">
        <ele>1583.35</ele>
      </trkpt>
      <trkpt lat="11.995055973529816" lon="108.46530091948807">
        <ele>1583.6</ele>
      </trkpt>
      <trkpt lat="11.995056979358196" lon="108.46533997915685">
        <ele>1583.75</ele>
      </trkpt>
      <trkpt lat="11.995070977136493" lon="108.46537493169308">
        <ele>1583.81</ele>
      </trkpt>
      <trkpt lat="11.99508698657155" lon="108.46540393307805">
        <ele>1583.79</ele>
      </trkpt>
      <trkpt lat="11.995105929672718" lon="108.46543494611979">
        <ele>1583.7</ele>
      </trkpt>
      <trkpt lat="11.99512998573482" lon="108.46547693945467">
        <ele>1583.54</ele>
      </trkpt>
      <trkpt lat="11.995158987119794" lon="108.4655169211328">
        <ele>1583.3</ele>
      </trkpt>
      <trkpt lat="11.995186982676387" lon="108.4655499458313">
        <ele>1583.01</ele>
      </trkpt>
      <trkpt lat="11.99521891772747" lon="108.46556997857988">
        <ele>1582.65</ele>
      </trkpt>
      <trkpt lat="11.995254959911108" lon="108.46558498218656">
        <ele>1582.23</ele>
      </trkpt>
      <trkpt lat="11.995289996266365" lon="108.46560694277287">
        <ele>1581.78</ele>
      </trkpt>
      <trkpt lat="11.99532394297421" lon="108.46562596969306">
        <ele>1581.3</ele>
      </trkpt>
      <trkpt lat="11.995349926874042" lon="108.4656379558146">
        <ele>1580.8</ele>
      </trkpt>
      <trkpt lat="11.995374988764524" lon="108.46564793027937">
        <ele>1580.28</ele>
      </trkpt>
      <trkpt lat="11.995400972664356" lon="108.4656569827348">
        <ele>1579.74</ele>
      </trkpt>
      <trkpt lat="11.995421927422285" lon="108.46567793749273">
        <ele>1579.22</ele>
      </trkpt>
      <trkpt lat="11.995446989312768" lon="108.46569797024131">
        <ele>1578.7</ele>
      </trkpt>
      <trkpt lat="11.995481941848993" lon="108.46571096219122">
        <ele>1578.17</ele>
      </trkpt>
      <trkpt lat="11.995528964325786" lon="108.46572495996952">
        <ele>1577.63</ele>
      </trkpt>
      <trkpt lat="11.995576992630959" lon="108.46573895774782">
        <ele>1577.11</ele>
      </trkpt>
      <trkpt lat="11.995609933510423" lon="108.46575798466802">
        <ele>1576.61</ele>
      </trkpt>
      <trkpt lat="11.995642958208919" lon="108.46578396856785">
        <ele>1576.13</ele>
      </trkpt>
      <trkpt lat="11.995670953765512" lon="108.4658229444176">
        <ele>1575.68</ele>
      </trkpt>
      <trkpt lat="11.995693920180202" lon="108.46585999242961">
        <ele>1575.25</ele>
      </trkpt>
      <trkpt lat="11.995714958757162" lon="108.4658919274807">
        <ele>1574.84</ele>
      </trkpt>
      <trkpt lat="11.995733985677361" lon="108.46591397188604">
        <ele>1574.45</ele>
      </trkpt>
      <trkpt lat="11.99575494043529" lon="108.46593098714948">
        <ele>1574.09</ele>
      </trkpt>
      <trkpt lat="11.995759969577193" lon="108.46593492664397">
        <ele>1573.74</ele>
      </trkpt>
      <trkpt lat="11.995766926556826" lon="108.46594397909939">
        <ele>1573.42</ele>
      </trkpt>
      <trkpt lat="11.995823923498392" lon="108.46595898270607">
        <ele>1573.09</ele>
      </trkpt>
      <trkpt lat="11.995854936540127" lon="108.46595898270607">
        <ele>1572.79</ele>
      </trkpt>
      <trkpt lat="11.99588293209672" lon="108.46595596522093">
        <ele>1572.5</ele>
      </trkpt>
      <trkpt lat="11.995966918766499" lon="108.46594599075615">
        <ele>1572.21</ele>
      </trkpt>
      <trkpt lat="11.996151991188526" lon="108.46590693108737">
        <ele>1571.94</ele>
      </trkpt>
      <trkpt lat="11.996408980339766" lon="108.46586896106601">
        <ele>1571.68</ele>
      </trkpt>
      <trkpt lat="11.99644192121923" lon="108.4658639319241">
        <ele>1571.46</ele>
      </trkpt>
      <trkpt lat="11.996607044711709" lon="108.46585596911609">
        <ele>1571.25</ele>
      </trkpt>
      <trkpt lat="11.996773928403854" lon="108.46584792248905">
        <ele>1571.04</ele>
      </trkpt>
      <trkpt lat="11.996904937550426" lon="108.46584498882294">
        <ele>1570.84</ele>
      </trkpt>
      <trkpt lat="11.996944919228554" lon="108.46584892831743">
        <ele>1570.65</ele>
      </trkpt>
      <trkpt lat="11.996985990554094" lon="108.46584792248905">
        <ele>1570.46</ele>
      </trkpt>
      <trkpt lat="11.997027983888984" lon="108.46583291888237">
        <ele>1570.26</ele>
      </trkpt>
      <trkpt lat="11.997102918103337" lon="108.46580299548805">
        <ele>1570.05</ele>
      </trkpt>
      <trkpt lat="11.997141977772117" lon="108.46578698605299">
        <ele>1569.85</ele>
      </trkpt>
      <trkpt lat="11.99726091697812" lon="108.46575194969773">
        <ele>1569.63</ele>
      </trkpt>
      <trkpt lat="11.99730098247528" lon="108.46573594026268">
        <ele>1569.43</ele>
      </trkpt>
      <trkpt lat="11.99734196998179" lon="108.465720936656">
        <ele>1569.23</ele>
      </trkpt>
      <trkpt lat="11.997381951659918" lon="108.4657069388777">
        <ele>1569.01</ele>
      </trkpt>
      <trkpt lat="11.99742796830833" lon="108.46569193527102">
        <ele>1568.77</ele>
      </trkpt>
      <trkpt lat="11.997466944158077" lon="108.46568598411977">
        <ele>1568.52</ele>
      </trkpt>
      <trkpt lat="11.997502986341715" lon="108.46568095497787">
        <ele>1568.27</ele>
      </trkpt>
      <trkpt lat="11.99762494303286" lon="108.4656379558146">
        <ele>1568.04</ele>
      </trkpt>
      <trkpt lat="11.997664924710989" lon="108.46562697552145">
        <ele>1567.76</ele>
      </trkpt>
      <trkpt lat="11.997734997421503" lon="108.4655879996717">
        <ele>1567.49</ele>
      </trkpt>
      <trkpt lat="11.997755952179432" lon="108.46557299606502">
        <ele>1567.25</ele>
      </trkpt>
      <trkpt lat="11.997784953564405" lon="108.46555698662996">
        <ele>1567.02</ele>
      </trkpt>
      <trkpt lat="11.997812949120998" lon="108.46553192473948">
        <ele>1566.76</ele>
      </trkpt>
      <trkpt lat="11.997873969376087" lon="108.46545891836286">
        <ele>1566.5</ele>
      </trkpt>
      <trkpt lat="11.997922919690609" lon="108.46537493169308">
        <ele>1566.27</ele>
      </trkpt>
      <trkpt lat="11.997959967702627" lon="108.46529295668006">
        <ele>1566.05</ele>
      </trkpt>
      <trkpt lat="11.998002966865897" lon="108.4652269911021">
        <ele>1565.83</ele>
      </trkpt>
      <trkpt lat="11.998034985736012" lon="108.46519094891846">
        <ele>1565.63</ele>
      </trkpt>
      <trkpt lat="11.998056946322322" lon="108.46516295336187">
        <ele>1565.45</ele>
      </trkpt>
      <trkpt lat="11.998094916343689" lon="108.46513194032013">
        <ele>1565.33</ele>
      </trkpt>
      <trkpt lat="11.99818393215537" lon="108.46504191868007">
        <ele>1565.25</ele>
      </trkpt>
      <trkpt lat="11.99820295907557" lon="108.46499498002231">
        <ele>1565.2</ele>
      </trkpt>
      <trkpt lat="11.99822491966188" lon="108.46495499834418">
        <ele>1565.2</ele>
      </trkpt>
      <trkpt lat="11.998280994594097" lon="108.46486497670412">
        <ele>1565.21</ele>
      </trkpt>
      <trkpt lat="11.998303961008787" lon="108.46480797976255">
        <ele>1565.31</ele>
      </trkpt>
      <trkpt lat="11.998337991535664" lon="108.46470094285905">
        <ele>1565.51</ele>
      </trkpt>
      <trkpt lat="11.99835299514234" lon="108.46464796923101">
        <ele>1565.75</ele>
      </trkpt>
      <trkpt lat="11.998369926586747" lon="108.46458896063268">
        <ele>1566.06</ele>
      </trkpt>
      <trkpt lat="11.998400939628482" lon="108.46452693454921">
        <ele>1566.45</ele>
      </trkpt>
      <trkpt lat="11.998444944620132" lon="108.464425932616">
        <ele>1566.9</ele>
      </trkpt>
      <trkpt lat="11.998478975147009" lon="108.46432099118829">
        <ele>1567.52</ele>
      </trkpt>
      <trkpt lat="11.998497918248177" lon="108.46426994539797">
        <ele>1568.16</ele>
      </trkpt>
      <trkpt lat="11.998519962653518" lon="108.4642129484564">
        <ele>1568.88</ele>
      </trkpt>
      <trkpt lat="11.99852792546153" lon="108.46415896899998">
        <ele>1569.62</ele>
      </trkpt>
      <trkpt lat="11.99852298013866" lon="108.46410892903805">
        <ele>1570.45</ele>
      </trkpt>
      <trkpt lat="11.998508982360363" lon="108.46405394375324">
        <ele>1571.34</ele>
      </trkpt>
      <trkpt lat="11.998491967096925" lon="108.46399493515491">
        <ele>1572.25</ele>
      </trkpt>
      <trkpt lat="11.998469922691584" lon="108.4639349207282">
        <ele>1573.19</ele>
      </trkpt>
      <trkpt lat="11.998447962105274" lon="108.46387892961502">
        <ele>1574.14</ele>
      </trkpt>
      <trkpt lat="11.998431952670217" lon="108.46382796764374">
        <ele>1575.1</ele>
      </trkpt>
      <trkpt lat="11.998424995690584" lon="108.46377398818731">
        <ele>1576.06</ele>
      </trkpt>
      <trkpt lat="11.998424995690584" lon="108.463722942397">
        <ele>1577.04</ele>
      </trkpt>
      <trkpt lat="11.998429941013455" lon="108.46367893740535">
        <ele>1578.0</ele>
      </trkpt>
      <trkpt lat="11.99844092130661" lon="108.46363895572722">
        <ele>1578.94</ele>
      </trkpt>
      <trkpt lat="11.998458942398429" lon="108.4636069368571">
        <ele>1579.86</ele>
      </trkpt>
      <trkpt lat="11.998482998460531" lon="108.46358195878565">
        <ele>1580.73</ele>
      </trkpt>
      <trkpt lat="11.998519962653518" lon="108.46356092020869">
        <ele>1581.56</ele>
      </trkpt>
      <trkpt lat="11.998559944331646" lon="108.46353694796562">
        <ele>1582.35</ele>
      </trkpt>
      <trkpt lat="11.998598920181394" lon="108.46351792104542">
        <ele>1583.11</ele>
      </trkpt>
      <trkpt lat="11.998641919344664" lon="108.46349797211587">
        <ele>1583.82</ele>
      </trkpt>
      <trkpt lat="11.998689947649837" lon="108.4634879976511">
        <ele>1584.5</ele>
      </trkpt>
      <trkpt lat="11.998729929327965" lon="108.46347198821604">
        <ele>1585.14</ele>
      </trkpt>
      <trkpt lat="11.998768988996744" lon="108.46345094963908">
        <ele>1585.73</ele>
      </trkpt>
      <trkpt lat="11.998793967068195" lon="108.46343393437564">
        <ele>1586.27</ele>
      </trkpt>
      <trkpt lat="11.998816933482885" lon="108.46341893076897">
        <ele>1586.76</ele>
      </trkpt>
      <trkpt lat="11.99884794652462" lon="108.46340292133391">
        <ele>1587.2</ele>
      </trkpt>
      <trkpt lat="11.998886922374368" lon="108.4633809607476">
        <ele>1587.6</ele>
      </trkpt>
      <trkpt lat="11.998947942629457" lon="108.46336495131254">
        <ele>1587.94</ele>
      </trkpt>
      <trkpt lat="11.99899697676301" lon="108.46336092799902">
        <ele>1588.24</ele>
      </trkpt>
      <trkpt lat="11.999059924855828" lon="108.4633619338274">
        <ele>1588.52</ele>
      </trkpt>
      <trkpt lat="11.999127985909581" lon="108.46336796879768">
        <ele>1588.77</ele>
      </trkpt>
      <trkpt lat="11.999196968972683" lon="108.46337391994894">
        <ele>1588.99</ele>
      </trkpt>
      <trkpt lat="11.999283973127604" lon="108.46337995491922">
        <ele>1589.18</ele>
      </trkpt>
      <trkpt lat="11.999344993382692" lon="108.4633859898895">
        <ele>1589.33</ele>
      </trkpt>
      <trkpt lat="11.999413976445794" lon="108.46339395269752">
        <ele>1589.46</ele>
      </trkpt>
      <trkpt lat="11.999481953680515" lon="108.46339294686913">
        <ele>1589.55</ele>
      </trkpt>
      <trkpt lat="11.999553954228759" lon="108.46338297240436">
        <ele>1589.61</ele>
      </trkpt>
      <trkpt lat="11.999629978090525" lon="108.4633719921112">
        <ele>1589.63</ele>
      </trkpt>
      <trkpt lat="11.999686975032091" lon="108.46336998045444">
        <ele>1589.58</ele>
      </trkpt>
      <trkpt lat="11.99974992312491" lon="108.46337492577732">
        <ele>1589.51</ele>
      </trkpt>
      <trkpt lat="11.999804992228746" lon="108.46338791772723">
        <ele>1589.4</ele>
      </trkpt>
      <trkpt lat="11.999862994998693" lon="108.46340694464743">
        <ele>1589.28</ele>
      </trkpt>
      <trkpt lat="11.999933989718556" lon="108.46342898905277">
        <ele>1589.13</ele>
      </trkpt>
      <trkpt lat="11.999987969174981" lon="108.46344692632556">
        <ele>1588.98</ele>
      </trkpt>
      <trkpt lat="12.00005192309618" lon="108.46347492188215">
        <ele>1588.82</ele>
      </trkpt>
      <trkpt lat="12.000112943351269" lon="108.46349998377264">
        <ele>1588.66</ele>
      </trkpt>
      <trkpt lat="12.000184943899512" lon="108.46353099681437">
        <ele>1588.31</ele>
      </trkpt>
      <trkpt lat="12.000235989689827" lon="108.46355798654258">
        <ele>1588.17</ele>
      </trkpt>
      <trkpt lat="12.00030799023807" lon="108.46360299736261">
        <ele>1588.06</ele>
      </trkpt>
      <trkpt lat="12.000364987179637" lon="108.46364096738398">
        <ele>1587.98</ele>
      </trkpt>
      <trkpt lat="12.000417960807681" lon="108.4636729862541">
        <ele>1587.93</ele>
      </trkpt>
      <trkpt lat="12.000465989112854" lon="108.46369796432555">
        <ele>1587.95</ele>
      </trkpt>
      <trkpt lat="12.000514939427376" lon="108.46372093074024">
        <ele>1588.02</ele>
      </trkpt>
      <trkpt lat="12.00056397356093" lon="108.46374892629683">
        <ele>1588.13</ele>
      </trkpt>
      <trkpt lat="12.000615941360593" lon="108.4637779276818">
        <ele>1588.29</ele>
      </trkpt>
      <trkpt lat="12.000667992979288" lon="108.46380097791553">
        <ele>1588.49</ele>
      </trkpt>
      <trkpt lat="12.00071794912219" lon="108.46381698735058">
        <ele>1588.77</ele>
      </trkpt>
      <trkpt lat="12.000764971598983" lon="108.46382595598698">
        <ele>1589.13</ele>
      </trkpt>
      <trkpt lat="12.000811994075775" lon="108.46382897347212">
        <ele>1589.54</ele>
      </trkpt>
      <trkpt lat="12.000855999067426" lon="108.46382595598698">
        <ele>1590.0</ele>
      </trkpt>
      <trkpt lat="12.000901931896806" lon="108.46382595598698">
        <ele>1590.51</ele>
      </trkpt>
      <trkpt lat="12.000953983515501" lon="108.46383199095726">
        <ele>1591.04</ele>
      </trkpt>
      <trkpt lat="12.001007962971926" lon="108.46384992823005">
        <ele>1591.65</ele>
      </trkpt>
      <trkpt lat="12.00105993077159" lon="108.46387892961502">
        <ele>1592.3</ele>
      </trkpt>
      <trkpt lat="12.001108964905143" lon="108.46390893682837">
        <ele>1592.96</ele>
      </trkpt>
      <trkpt lat="12.001206949353218" lon="108.46395294182003">
        <ele>1593.67</ele>
      </trkpt>
      <trkpt lat="12.001306945458055" lon="108.46396693959832">
        <ele>1594.41</ele>
      </trkpt>
      <trkpt lat="12.001356985419989" lon="108.46397498622537">
        <ele>1595.15</ele>
      </trkpt>
      <trkpt lat="12.001560917124152" lon="108.46400499343872">
        <ele>1595.99</ele>
      </trkpt>
      <trkpt lat="12.001608945429325" lon="108.4640149679035">
        <ele>1596.74</ele>
      </trkpt>
      <trkpt lat="12.001664936542511" lon="108.46403198316693">
        <ele>1597.5</ele>
      </trkpt>
      <trkpt lat="12.001727968454361" lon="108.46404698677361">
        <ele>1598.28</ele>
      </trkpt>
      <trkpt lat="12.001786977052689" lon="108.46405696123838">
        <ele>1599.05</ele>
      </trkpt>
      <trkpt lat="12.00183492153883" lon="108.46406391821802">
        <ele>1599.77</ele>
      </trkpt>
      <trkpt lat="12.001879932358861" lon="108.46407598815858">
        <ele>1600.46</ele>
      </trkpt>
      <trkpt lat="12.00193994678557" lon="108.46410096623003">
        <ele>1601.13</ele>
      </trkpt>
      <trkpt lat="12.002005996182561" lon="108.46413197927177">
        <ele>1601.77</ele>
      </trkpt>
      <trkpt lat="12.002066932618618" lon="108.4641629923135">
        <ele>1602.37</ele>
      </trkpt>
      <trkpt lat="12.002126947045326" lon="108.46419794484973">
        <ele>1602.92</ele>
      </trkpt>
      <trkpt lat="12.002181932330132" lon="108.4642269462347">
        <ele>1603.44</ele>
      </trkpt>
      <trkpt lat="12.00224194675684" lon="108.46424496732652">
        <ele>1603.96</ele>
      </trkpt>
      <trkpt lat="12.002296932041645" lon="108.46424798481166">
        <ele>1604.51</ele>
      </trkpt>
      <trkpt lat="12.002355940639973" lon="108.46424999646842">
        <ele>1605.04</ele>
      </trkpt>
      <trkpt lat="12.002405980601907" lon="108.4642549417913">
        <ele>1605.53</ele>
      </trkpt>
      <trkpt lat="12.00245794840157" lon="108.4642459731549">
        <ele>1606.04</ele>
      </trkpt>
      <trkpt lat="12.002513939514756" lon="108.46423599869013">
        <ele>1606.46</ele>
      </trkpt>
      <trkpt lat="12.00256196781993" lon="108.4642219170928">
        <ele>1606.86</ele>
      </trkpt>
      <trkpt lat="12.002623993903399" lon="108.4642049856484">
        <ele>1607.21</ele>
      </trkpt>
      <trkpt lat="12.002674955874681" lon="108.46420196816325">
        <ele>1607.54</ele>
      </trkpt>
      <trkpt lat="12.002707980573177" lon="108.46420993097126">
        <ele>1607.81</ele>
      </trkpt>
      <trkpt lat="12.002743938937783" lon="108.46422795206308">
        <ele>1608.03</ele>
      </trkpt>
      <trkpt lat="12.002789955586195" lon="108.46425896510482">
        <ele>1608.2</ele>
      </trkpt>
      <trkpt lat="12.002847958356142" lon="108.46430498175323">
        <ele>1608.32</ele>
      </trkpt>
      <trkpt lat="12.002918953076005" lon="108.4643479809165">
        <ele>1608.41</ele>
      </trkpt>
      <trkpt lat="12.002997994422913" lon="108.46438092179596">
        <ele>1608.5</ele>
      </trkpt>
      <trkpt lat="12.003053985536098" lon="108.4644119348377">
        <ele>1608.53</ele>
      </trkpt>
      <trkpt lat="12.003095978870988" lon="108.46443196758628">
        <ele>1608.53</ele>
      </trkpt>
      <trkpt lat="12.003134954720736" lon="108.46446298062801">
        <ele>1608.49</ele>
      </trkpt>
      <trkpt lat="12.00316697359085" lon="108.46449793316424">
        <ele>1608.41</ele>
      </trkpt>
      <trkpt lat="12.003198992460966" lon="108.46453699283302">
        <ele>1608.3</ele>
      </trkpt>
      <trkpt lat="12.00323092751205" lon="108.46458191983402">
        <ele>1608.14</ele>
      </trkpt>
      <trkpt lat="12.003248948603868" lon="108.46461997367442">
        <ele>1607.98</ele>
      </trkpt>
      <trkpt lat="12.00327199883759" lon="108.46465593203902">
        <ele>1607.81</ele>
      </trkpt>
      <trkpt lat="12.003285996615887" lon="108.4646809939295">
        <ele>1607.64</ele>
      </trkpt>
      <trkpt lat="12.003308963030577" lon="108.46469792537391">
        <ele>1607.48</ele>
      </trkpt>
      <trkpt lat="12.003323966637254" lon="108.46470496617258">
        <ele>1607.32</ele>
      </trkpt>
      <trkpt lat="12.003327989950776" lon="108.4647089894861">
        <ele>1607.18</ele>
      </trkpt>
      <trkpt lat="12.003328995779157" lon="108.46470697782934">
        <ele>1607.04</ele>
      </trkpt>
      <trkpt lat="12.00333897024393" lon="108.4646809939295">
        <ele>1606.93</ele>
      </trkpt>
      <trkpt lat="12.003349950537086" lon="108.46465098671615">
        <ele>1606.83</ele>
      </trkpt>
      <trkpt lat="12.00336193665862" lon="108.4646209795028">
        <ele>1606.74</ele>
      </trkpt>
      <trkpt lat="12.003375934436917" lon="108.46458896063268">
        <ele>1606.63</ele>
      </trkpt>
      <trkpt lat="12.003471991047263" lon="108.46442098729312">
        <ele>1606.51</ele>
      </trkpt>
      <trkpt lat="12.00348699465394" lon="108.46439098007977">
        <ele>1606.39</ele>
      </trkpt>
      <trkpt lat="12.003502920269966" lon="108.46436499617994">
        <ele>1606.28</ele>
      </trkpt>
      <trkpt lat="12.003518929705024" lon="108.46434194594622">
        <ele>1606.15</ele>
      </trkpt>
      <trkpt lat="12.0035339333117" lon="108.46431696787477">
        <ele>1606.03</ele>
      </trkpt>
      <trkpt lat="12.003544997423887" lon="108.46429492346942">
        <ele>1605.92</ele>
      </trkpt>
      <trkpt lat="12.003561928868294" lon="108.46426692791283">
        <ele>1605.79</ele>
      </trkpt>
      <trkpt lat="12.003584979102015" lon="108.46423499286175">
        <ele>1605.67</ele>
      </trkpt>
      <trkpt lat="12.003647927194834" lon="108.4641579631716">
        <ele>1605.54</ele>
      </trkpt>
      <trkpt lat="12.003697967156768" lon="108.4641029778868">
        <ele>1605.36</ele>
      </trkpt>
      <trkpt lat="12.003721939399838" lon="108.46408193930984">
        <ele>1605.2</ele>
      </trkpt>
      <trkpt lat="12.003741972148418" lon="108.46406299620867">
        <ele>1605.04</ele>
      </trkpt>
      <trkpt lat="12.003761921077967" lon="108.46404195763171">
        <ele>1604.87</ele>
      </trkpt>
      <trkpt lat="12.003779942169785" lon="108.46401697956026">
        <ele>1604.7</ele>
      </trkpt>
      <trkpt lat="12.003800980746746" lon="108.46399099566042">
        <ele>1604.52</ele>
      </trkpt>
      <trkpt lat="12.003820929676294" lon="108.46396593376994">
        <ele>1604.33</ele>
      </trkpt>
      <trkpt lat="12.003842974081635" lon="108.46393994987011">
        <ele>1604.14</ele>
      </trkpt>
      <trkpt lat="12.003863928839564" lon="108.46390893682837">
        <ele>1603.96</ele>
      </trkpt>
      <trkpt lat="12.003886979073286" lon="108.4638799354434">
        <ele>1603.76</ele>
      </trkpt>
      <trkpt lat="12.003910951316357" lon="108.46386292017996">
        <ele>1603.52</ele>
      </trkpt>
      <trkpt lat="12.00393894687295" lon="108.46384498290718">
        <ele>1603.27</ele>
      </trkpt>
      <trkpt lat="12.003961997106671" lon="108.46384498290718">
        <ele>1603.02</ele>
      </trkpt>
      <trkpt lat="12.003990998491645" lon="108.46384095959365">
        <ele>1602.75</ele>
      </trkpt>
      <trkpt lat="12.004017988219857" lon="108.46383794210851">
        <ele>1602.45</ele>
      </trkpt>
      <trkpt lat="12.004039948806167" lon="108.46383492462337">
        <ele>1602.15</ele>
      </trkpt>
      <trkpt lat="12.004093928262591" lon="108.46382193267345">
        <ele>1601.79</ele>
      </trkpt>
      <trkpt lat="12.004116978496313" lon="108.46381296403706">
        <ele>1601.44</ele>
      </trkpt>
      <trkpt lat="12.004137933254242" lon="108.46381396986544">
        <ele>1601.09</ele>
      </trkpt>
      <trkpt lat="12.004164922982454" lon="108.46381698735058">
        <ele>1600.72</ele>
      </trkpt>
      <trkpt lat="12.004181938245893" lon="108.46381296403706">
        <ele>1600.34</ele>
      </trkpt>
      <trkpt lat="12.004227954894304" lon="108.46379997208714">
        <ele>1599.9</ele>
      </trkpt>
      <trkpt lat="12.004250921308994" lon="108.46380692906678">
        <ele>1599.48</ele>
      </trkpt>
      <trkpt lat="12.004270954057574" lon="108.46380692906678">
        <ele>1599.03</ele>
      </trkpt>
      <trkpt lat="12.004295932129025" lon="108.46379594877362">
        <ele>1598.54</ele>
      </trkpt>
      <trkpt lat="12.004313953220844" lon="108.46378597430885">
        <ele>1598.03</ele>
      </trkpt>
      <trkpt lat="12.004336919635534" lon="108.4637749940157">
        <ele>1597.5</ele>
      </trkpt>
      <trkpt lat="12.004357958212495" lon="108.46376493573189">
        <ele>1596.93</ele>
      </trkpt>
      <trkpt lat="12.004378996789455" lon="108.4637609962374">
        <ele>1596.33</ele>
      </trkpt>
      <trkpt lat="12.004401963204145" lon="108.46376392990351">
        <ele>1595.69</ele>
      </trkpt>
      <trkpt lat="12.004425935447216" lon="108.46376594156027">
        <ele>1595.01</ele>
      </trkpt>
      <trkpt lat="12.004445968195796" lon="108.46376493573189">
        <ele>1594.29</ele>
      </trkpt>
      <trkpt lat="12.004470946267247" lon="108.46377097070217">
        <ele>1593.51</ele>
      </trkpt>
      <trkpt lat="12.004490979015827" lon="108.46377398818731">
        <ele>1592.7</ele>
      </trkpt>
      <trkpt lat="12.004512939602137" lon="108.46375898458064">
        <ele>1591.81</ele>
      </trkpt>
      <trkpt lat="12.004536995664239" lon="108.46373995766044">
        <ele>1590.86</ele>
      </trkpt>
      <trkpt lat="12.004557950422168" lon="108.46372998319566">
        <ele>1589.87</ele>
      </trkpt>
      <trkpt lat="12.004576977342367" lon="108.46372093074024">
        <ele>1588.84</ele>
      </trkpt>
      <trkpt lat="12.004601955413818" lon="108.46370995044708">
        <ele>1587.73</ele>
      </trkpt>
      <trkpt lat="12.00467093847692" lon="108.46368899568915">
        <ele>1586.53</ele>
      </trkpt>
      <trkpt lat="12.004704969003797" lon="108.46367994323373">
        <ele>1585.34</ele>
      </trkpt>
      <trkpt lat="12.00473397038877" lon="108.4636679571122">
        <ele>1584.12</ele>
      </trkpt>
      <trkpt lat="12.004766995087266" lon="108.46365496516228">
        <ele>1582.86</ele>
      </trkpt>
      <trkpt lat="12.004834972321987" lon="108.4636209346354">
        <ele>1581.55</ele>
      </trkpt>
      <trkpt lat="12.00486397370696" lon="108.4636069368571">
        <ele>1580.24</ele>
      </trkpt>
      <trkpt lat="12.004897920414805" lon="108.46359193325043">
        <ele>1578.87</ele>
      </trkpt>
      <trkpt lat="12.00497092679143" lon="108.46355899237096">
        <ele>1577.39</ele>
      </trkpt>
      <trkpt lat="12.005007974803448" lon="108.46354197710752">
        <ele>1576.01</ele>
      </trkpt>
      <trkpt lat="12.00503496453166" lon="108.46352496184409">
        <ele>1574.69</ele>
      </trkpt>
      <trkpt lat="12.005064971745014" lon="108.46350291743875">
        <ele>1573.41</ele>
      </trkpt>
      <trkpt lat="12.005134960636497" lon="108.46345799043775">
        <ele>1572.12</ele>
      </trkpt>
      <trkpt lat="12.005202937871218" lon="108.46341792494059">
        <ele>1570.89</ele>
      </trkpt>
      <trkpt lat="12.00522992759943" lon="108.46339797601104">
        <ele>1569.85</ele>
      </trkpt>
      <trkpt lat="12.00524996034801" lon="108.46337391994894">
        <ele>1568.97</ele>
      </trkpt>
      <trkpt lat="12.005265969783068" lon="108.46334299072623">
        <ele>1568.19</ele>
      </trkpt>
      <trkpt lat="12.005287930369377" lon="108.46330594271421">
        <ele>1567.51</ele>
      </trkpt>
      <trkpt lat="12.005305951461196" lon="108.46327794715762">
        <ele>1566.96</ele>
      </trkpt>
      <trkpt lat="12.005321960896254" lon="108.46325397491455">
        <ele>1566.53</ele>
      </trkpt>
      <trkpt lat="12.005331935361028" lon="108.46323394216597">
        <ele>1566.25</ele>
      </trkpt>
      <trkpt lat="12.005342999473214" lon="108.46321298740804">
        <ele>1566.12</ele>
      </trkpt>
      <trkpt lat="12.00535699725151" lon="108.46318893134594">
        <ele>1566.13</ele>
      </trkpt>
      <trkpt lat="12.005373928695917" lon="108.46316294744611">
        <ele>1566.28</ele>
      </trkpt>
      <trkpt lat="12.005393961444497" lon="108.46313294023275">
        <ele>1566.57</ele>
      </trkpt>
      <trkpt lat="12.005431931465864" lon="108.46308097243309">
        <ele>1566.99</ele>
      </trkpt>
      <trkpt lat="12.005470991134644" lon="108.46303093247116">
        <ele>1567.63</ele>
      </trkpt>
      <trkpt lat="12.00550694949925" lon="108.46298994496465">
        <ele>1568.36</ele>
      </trkpt>
      <trkpt lat="12.005523964762688" lon="108.46297292970121">
        <ele>1569.19</ele>
      </trkpt>
      <trkpt lat="12.005539974197745" lon="108.46295792609453">
        <ele>1570.13</ele>
      </trkpt>
      <trkpt lat="12.005557995289564" lon="108.46294191665947">
        <ele>1571.17</ele>
      </trkpt>
      <trkpt lat="12.005672995001078" lon="108.4628489613533">
        <ele>1572.44</ele>
      </trkpt>
      <trkpt lat="12.005779948085546" lon="108.46279297024012">
        <ele>1573.78</ele>
      </trkpt>
      <trkpt lat="12.005846919491887" lon="108.46276799216866">
        <ele>1575.16</ele>
      </trkpt>
      <trkpt lat="12.00593694113195" lon="108.46274293027818">
        <ele>1576.61</ele>
      </trkpt>
      <trkpt lat="12.006064932793379" lon="108.46269892528653">
        <ele>1578.04</ele>
      </trkpt>
      <trkpt lat="12.006157971918583" lon="108.46265693195164">
        <ele>1579.44</ele>
      </trkpt>
      <trkpt lat="12.006298955529928" lon="108.46257495693862">
        <ele>1580.92</ele>
      </trkpt>
      <trkpt lat="12.006305996328592" lon="108.46257193945348">
        <ele>1582.26</ele>
      </trkpt>
      <trkpt lat="12.006318988278508" lon="108.46256095916033">
        <ele>1583.57</ele>
      </trkpt>
      <trkpt lat="12.006327956914902" lon="108.46255199052393">
        <ele>1584.88</ele>
      </trkpt>
      <trkpt lat="12.006330974400043" lon="108.46254897303879">
        <ele>1586.17</ele>
      </trkpt>
      <trkpt lat="12.006383948028088" lon="108.46247697249055">
        <ele>1587.54</ele>
      </trkpt>
      <trkpt lat="12.006399957463145" lon="108.46245593391359">
        <ele>1588.76</ele>
      </trkpt>
      <trkpt lat="12.006413955241442" lon="108.4624379966408">
        <ele>1589.93</ele>
      </trkpt>
      <trkpt lat="12.006422923877835" lon="108.46241595223546">
        <ele>1591.07</ele>
      </trkpt>
      <trkpt lat="12.006427953019738" lon="108.46238996833563">
        <ele>1592.17</ele>
      </trkpt>
      <trkpt lat="12.006451925262809" lon="108.46233498305082">
        <ele>1593.27</ele>
      </trkpt>
      <trkpt lat="12.006493918597698" lon="108.46226398833096">
        <ele>1594.35</ele>
      </trkpt>
      <trkpt lat="12.006512945517898" lon="108.46223699860275">
        <ele>1595.34</ele>
      </trkpt>
      <trkpt lat="12.006556950509548" lon="108.4621739666909">
        <ele>1596.29</ele>
      </trkpt>
      <trkpt lat="12.006572959944606" lon="108.46214194782078">
        <ele>1597.16</ele>
      </trkpt>
      <trkpt lat="12.006587963551283" lon="108.46210699528456">
        <ele>1597.99</ele>
      </trkpt>
      <trkpt lat="12.006610929965973" lon="108.46206491813064">
        <ele>1598.79</ele>
      </trkpt>
      <trkpt lat="12.00662593357265" lon="108.46202795393765">
        <ele>1599.55</ele>
      </trkpt>
      <trkpt lat="12.006638925522566" lon="108.46199291758239">
        <ele>1600.3</ele>
      </trkpt>
      <trkpt lat="12.006651917472482" lon="108.4619649220258">
        <ele>1600.99</ele>
      </trkpt>
      <trkpt lat="12.00666792690754" lon="108.46193994395435">
        <ele>1601.67</ele>
      </trkpt>
      <trkpt lat="12.006670944392681" lon="108.46193592064083">
        <ele>1602.28</ele>
      </trkpt>
      <trkpt lat="12.006695922464132" lon="108.46190297976136">
        <ele>1602.91</ele>
      </trkpt>
      <trkpt lat="12.00670899823308" lon="108.46188797615469">
        <ele>1603.49</ele>
      </trkpt>
      <trkpt lat="12.006725929677486" lon="108.46186492592096">
        <ele>1604.06</ele>
      </trkpt>
      <trkpt lat="12.006743950769305" lon="108.4618219267577">
        <ele>1604.66</ele>
      </trkpt>
      <trkpt lat="12.006758954375982" lon="108.46178194507957">
        <ele>1605.23</ele>
      </trkpt>
      <trkpt lat="12.006782926619053" lon="108.46173995174468">
        <ele>1605.79</ele>
      </trkpt>
      <trkpt lat="12.00681695714593" lon="108.46168898977339">
        <ele>1606.34</ele>
      </trkpt>
      <trkpt lat="12.006843946874142" lon="108.46164498478174">
        <ele>1606.85</ele>
      </trkpt>
      <trkpt lat="12.0068599563092" lon="108.46161799505353">
        <ele>1607.32</ele>
      </trkpt>
      <trkpt lat="12.006870936602354" lon="108.46159796230495">
        <ele>1607.74</ele>
      </trkpt>
      <trkpt lat="12.00687998905778" lon="108.46159695647657">
        <ele>1608.13</ele>
      </trkpt>
      <trkpt lat="12.006885940209031" lon="108.46158999949694">
        <ele>1608.49</ele>
      </trkpt>
      <trkpt lat="12.006893986836076" lon="108.4615869820118">
        <ele>1608.85</ele>
      </trkpt>
      <trkpt lat="12.006898932158947" lon="108.4615869820118">
        <ele>1609.18</ele>
      </trkpt>
      <trkpt lat="12.006901949644089" lon="108.46157893538475">
        <ele>1609.51</ele>
      </trkpt>
      <trkpt lat="12.006901949644089" lon="108.46157097257674">
        <ele>1609.83</ele>
      </trkpt>
      <trkpt lat="12.00690295547247" lon="108.46156192012131">
        <ele>1610.14</ele>
      </trkpt>
      <trkpt lat="12.00690396130085" lon="108.4615539573133">
        <ele>1610.45</ele>
      </trkpt>
      <trkpt lat="12.006906978785992" lon="108.46154297702014">
        <ele>1610.76</ele>
      </trkpt>
      <trkpt lat="12.006909996271133" lon="108.46153291873634">
        <ele>1611.06</ele>
      </trkpt>
      <trkpt lat="12.006914941594005" lon="108.46151892095804">
        <ele>1611.37</ele>
      </trkpt>
      <trkpt lat="12.006921982392669" lon="108.46150794066489">
        <ele>1611.67</ele>
      </trkpt>
      <trkpt lat="12.00692793354392" lon="108.46149796620011">
        <ele>1611.99</ele>
      </trkpt>
      <trkpt lat="12.006931956857443" lon="108.4614849742502">
        <ele>1612.32</ele>
      </trkpt>
      <trkpt lat="12.006937991827726" lon="108.46147592179477">
        <ele>1612.64</ele>
      </trkpt>
      <trkpt lat="12.006938997656107" lon="108.46147198230028">
        <ele>1612.97</ele>
      </trkpt>
      <trkpt lat="12.006939919665456" lon="108.46146594733">
        <ele>1613.3</ele>
      </trkpt>
      <trkpt lat="12.006943942978978" lon="108.46145798452199">
        <ele>1613.64</ele>
      </trkpt>
      <trkpt lat="12.006943942978978" lon="108.46145496703684">
        <ele>1613.97</ele>
      </trkpt>
      <trkpt lat="12.006950983777642" lon="108.46144398674369">
        <ele>1614.35</ele>
      </trkpt>
      <trkpt lat="12.006951989606023" lon="108.46144197508693">
        <ele>1614.68</ele>
      </trkpt>
      <trkpt lat="12.006955929100513" lon="108.46142998896539">
        <ele>1615.05</ele>
      </trkpt>
      <trkpt lat="12.006958946585655" lon="108.46141498535872">
        <ele>1615.44</ele>
      </trkpt>
      <trkpt lat="12.006961964070797" lon="108.46140299923718">
        <ele>1615.84</ele>
      </trkpt>
      <trkpt lat="12.00696598738432" lon="108.46139092929661">
        <ele>1616.25</ele>
      </trkpt>
      <trkpt lat="12.00696892105043" lon="108.46138497814536">
        <ele>1616.61</ele>
      </trkpt>
      <trkpt lat="12.00696992687881" lon="108.46138497814536">
        <ele>1616.98</ele>
      </trkpt>
      <trkpt lat="12.00697093270719" lon="108.46138397231698">
        <ele>1617.35</ele>
      </trkpt>
      <trkpt lat="12.006971938535571" lon="108.46138095483184">
        <ele>1617.75</ele>
      </trkpt>
      <trkpt lat="12.006971938535571" lon="108.46137994900346">
        <ele>1618.14</ele>
      </trkpt>
      <trkpt lat="12.006982918828726" lon="108.46136595122516">
        <ele>1618.55</ele>
      </trkpt>
      <trkpt lat="12.006994988769293" lon="108.46135295927525">
        <ele>1618.97</ele>
      </trkpt>
      <trkpt lat="12.007002951577306" lon="108.46133896149695">
        <ele>1619.38</ele>
      </trkpt>
      <trkpt lat="12.007004963234067" lon="108.46131993457675">
        <ele>1619.81</ele>
      </trkpt>
      <trkpt lat="12.00701099820435" lon="108.46130493097007">
        <ele>1620.24</ele>
      </trkpt>
      <trkpt lat="12.007017955183983" lon="108.46129093319178">
        <ele>1620.7</ele>
      </trkpt>
      <trkpt lat="12.007021978497505" lon="108.46127299591899">
        <ele>1621.15</ele>
      </trkpt>
      <trkpt lat="12.007024995982647" lon="108.46125095151365">
        <ele>1621.62</ele>
      </trkpt>
      <trkpt lat="12.007028935477138" lon="108.46124198287725">
        <ele>1622.07</ele>
      </trkpt>
      <trkpt lat="12.007035976275802" lon="108.46123091876507">
        <ele>1622.54</ele>
      </trkpt>
      <trkpt lat="12.007041927427053" lon="108.46122195012867">
        <ele>1622.98</ele>
      </trkpt>
      <trkpt lat="12.007045950740576" lon="108.46121692098677">
        <ele>1623.41</ele>
      </trkpt>
      <trkpt lat="12.007043939083815" lon="108.46120493486524">
        <ele>1623.85</ele>
      </trkpt>
      <trkpt lat="12.007039999589324" lon="108.46120292320848">
        <ele>1624.26</ele>
      </trkpt>
      <trkpt lat="12.007039999589324" lon="108.46120099537075">
        <ele>1624.68</ele>
      </trkpt>
      <trkpt lat="12.007039999589324" lon="108.46119093708694">
        <ele>1625.12</ele>
      </trkpt>
      <trkpt lat="12.007041927427053" lon="108.46118096262217">
        <ele>1625.56</ele>
      </trkpt>
      <trkpt lat="12.007041927427053" lon="108.46117492765188">
        <ele>1625.99</ele>
      </trkpt>
      <trkpt lat="12.007045950740576" lon="108.46116294153035">
        <ele>1626.43</ele>
      </trkpt>
      <trkpt lat="12.007046956568956" lon="108.46115598455071">
        <ele>1626.86</ele>
      </trkpt>
      <trkpt lat="12.007049974054098" lon="108.46114693209529">
        <ele>1627.32</ele>
      </trkpt>
      <trkpt lat="12.00705491937697" lon="108.46113192848861">
        <ele>1627.78</ele>
      </trkpt>
      <trkpt lat="12.007060954347253" lon="108.46112094819546">
        <ele>1628.22</ele>
      </trkpt>
      <trkpt lat="12.007069922983646" lon="108.46111298538744">
        <ele>1628.67</ele>
      </trkpt>
      <trkpt lat="12.007071934640408" lon="108.46110795624554">
        <ele>1629.11</ele>
      </trkpt>
      <trkpt lat="12.007077969610691" lon="108.46109898760915">
        <ele>1629.55</ele>
      </trkpt>
      <trkpt lat="12.007086938247085" lon="108.461095970124">
        <ele>1629.98</ele>
      </trkpt>
      <trkpt lat="12.00709498487413" lon="108.4610909409821">
        <ele>1630.41</ele>
      </trkpt>
      <trkpt lat="12.007102947682142" lon="108.46108691766858">
        <ele>1630.84</ele>
      </trkpt>
      <trkpt lat="12.007107976824045" lon="108.46108297817409">
        <ele>1631.26</ele>
      </trkpt>
      <trkpt lat="12.007111916318536" lon="108.46108297817409">
        <ele>1631.68</ele>
      </trkpt>
      <trkpt lat="12.007113927975297" lon="108.46108398400247">
        <ele>1632.09</ele>
      </trkpt>
      <trkpt lat="12.007132954895496" lon="108.46107593737543">
        <ele>1632.54</ele>
      </trkpt>
      <trkpt lat="12.007145946845412" lon="108.46106294542551">
        <ele>1632.98</ele>
      </trkpt>
      <trkpt lat="12.007158938795328" lon="108.46105397678912">
        <ele>1633.42</ele>
      </trkpt>
      <trkpt lat="12.007169919088483" lon="108.46104794181883">
        <ele>1633.85</ele>
      </trkpt>
      <trkpt lat="12.00718098320067" lon="108.4610409848392">
        <ele>1634.27</ele>
      </trkpt>
      <trkpt lat="12.007190957665443" lon="108.46103394404054">
        <ele>1634.69</ele>
      </trkpt>
      <trkpt lat="12.007200932130218" lon="108.46102497540414">
        <ele>1635.11</ele>
      </trkpt>
      <trkpt lat="12.007214929908514" lon="108.46101994626224">
        <ele>1635.52</ele>
      </trkpt>
      <trkpt lat="12.00722892768681" lon="108.46101592294872">
        <ele>1635.94</ele>
      </trkpt>
      <trkpt lat="12.007230939343572" lon="108.46101592294872">
        <ele>1636.32</ele>
      </trkpt>
      <trkpt lat="12.00724795460701" lon="108.46102598123252">
        <ele>1636.71</ele>
      </trkpt>
      <trkpt lat="12.007257929071784" lon="108.46101894043386">
        <ele>1637.1</ele>
      </trkpt>
      <trkpt lat="12.007265975698829" lon="108.46101298928261">
        <ele>1637.49</ele>
      </trkpt>
      <trkpt lat="12.007272932678461" lon="108.46100695431232">
        <ele>1637.87</ele>
      </trkpt>
      <trkpt lat="12.007280979305506" lon="108.46099999733269">
        <ele>1638.24</ele>
      </trkpt>
      <trkpt lat="12.007286930456758" lon="108.46099899150431">
        <ele>1638.6</ele>
      </trkpt>
      <trkpt lat="12.007296988740563" lon="108.46099899150431">
        <ele>1638.96</ele>
      </trkpt>
      <trkpt lat="12.007308974862099" lon="108.46099195070565">
        <ele>1639.32</ele>
      </trkpt>
      <trkpt lat="12.007316937670112" lon="108.46098792739213">
        <ele>1639.67</ele>
      </trkpt>
      <trkpt lat="12.007322972640395" lon="108.46098398789763">
        <ele>1640.02</ele>
      </trkpt>
      <trkpt lat="12.007329929620028" lon="108.46098097041249">
        <ele>1640.35</ele>
      </trkpt>
      <trkpt lat="12.007338982075453" lon="108.46096999011934">
        <ele>1640.7</ele>
      </trkpt>
      <trkpt lat="12.007344933226705" lon="108.46096093766391">
        <ele>1641.03</ele>
      </trkpt>
      <trkpt lat="12.007351974025369" lon="108.46095096319914">
        <ele>1641.36</ele>
      </trkpt>
      <trkpt lat="12.007358931005001" lon="108.46094392240047">
        <ele>1641.68</ele>
      </trkpt>
      <trkpt lat="12.007364965975285" lon="108.46093797124922">
        <ele>1642.0</ele>
      </trkpt>
      <trkpt lat="12.007373934611678" lon="108.4609289187938">
        <ele>1642.31</ele>
      </trkpt>
      <trkpt lat="12.007382987067103" lon="108.46092196181417">
        <ele>1642.61</ele>
      </trkpt>
      <trkpt lat="12.007391955703497" lon="108.46090997569263">
        <ele>1642.91</ele>
      </trkpt>
      <trkpt lat="12.007398996502161" lon="108.46089698374271">
        <ele>1643.2</ele>
      </trkpt>
      <trkpt lat="12.007405953481793" lon="108.46088692545891">
        <ele>1643.49</ele>
      </trkpt>
      <trkpt lat="12.007415927946568" lon="108.46087594516575">
        <ele>1643.76</ele>
      </trkpt>
      <trkpt lat="12.007426992058754" lon="108.46086395904422">
        <ele>1644.03</ele>
      </trkpt>
      <trkpt lat="12.007435960695148" lon="108.46085691824555">
        <ele>1644.28</ele>
      </trkpt>
      <trkpt lat="12.007450964301825" lon="108.46084694378078">
        <ele>1644.53</ele>
      </trkpt>
      <trkpt lat="12.00746395625174" lon="108.46083797514439">
        <ele>1644.76</ele>
      </trkpt>
      <trkpt lat="12.007479965686798" lon="108.46081894822419">
        <ele>1644.98</ele>
      </trkpt>
      <trkpt lat="12.007490945979953" lon="108.46080796793103">
        <ele>1645.18</ele>
      </trkpt>
      <trkpt lat="12.007493963465095" lon="108.46080394461751">
        <ele>1645.36</ele>
      </trkpt>
      <trkpt lat="12.007496980950236" lon="108.46080092713237">
        <ele>1645.52</ele>
      </trkpt>
      <trkpt lat="12.007495975121856" lon="108.46079799346626">
        <ele>1645.67</ele>
      </trkpt>
      <trkpt lat="12.007498992606997" lon="108.46079698763788">
        <ele>1645.8</ele>
      </trkpt>
      <trkpt lat="12.007507961243391" lon="108.46078592352569">
        <ele>1645.91</ele>
      </trkpt>
      <trkpt lat="12.007513996213675" lon="108.4607769548893">
        <ele>1646.01</ele>
      </trkpt>
      <trkpt lat="12.007521959021688" lon="108.46076899208128">
        <ele>1646.08</ele>
      </trkpt>
      <trkpt lat="12.0075299218297" lon="108.46075591631234">
        <ele>1646.13</ele>
      </trkpt>
      <trkpt lat="12.007538974285126" lon="108.46074594184756">
        <ele>1646.16</ele>
      </trkpt>
      <trkpt lat="12.00754995457828" lon="108.46073898486793">
        <ele>1646.17</ele>
      </trkpt>
      <trkpt lat="12.007561940699816" lon="108.46072892658412">
        <ele>1646.15</ele>
      </trkpt>
      <trkpt lat="12.007573926821351" lon="108.46071794629097">
        <ele>1646.09</ele>
      </trkpt>
      <trkpt lat="12.007595971226692" lon="108.46070596016943">
        <ele>1646.02</ele>
      </trkpt>
      <trkpt lat="12.007605945691466" lon="108.46070093102753">
        <ele>1645.91</ele>
      </trkpt>
      <trkpt lat="12.007622960954905" lon="108.46069196239114">
        <ele>1645.77</ele>
      </trkpt>
      <trkpt lat="12.007646933197975" lon="108.4606939740479">
        <ele>1645.59</ele>
      </trkpt>
      <trkpt lat="12.007660930976272" lon="108.46069992519915">
        <ele>1645.36</ele>
      </trkpt>
      <trkpt lat="12.007672917097807" lon="108.46069891937077">
        <ele>1645.1</ele>
      </trkpt>
      <trkpt lat="12.007673922926188" lon="108.46069891937077">
        <ele>1644.8</ele>
      </trkpt>
      <trkpt lat="12.007738966494799" lon="108.46074099652469">
        <ele>1644.44</ele>
      </trkpt>
      <trkpt lat="12.007877938449383" lon="108.46086194738746">
        <ele>1643.99</ele>
      </trkpt>
      <trkpt lat="12.007906939834356" lon="108.46093797124922">
        <ele>1643.52</ele>
      </trkpt>
      <trkpt lat="12.007919931784272" lon="108.46096999011934">
        <ele>1643.05</ele>
      </trkpt>
      <trkpt lat="12.007931917905807" lon="108.46100192517042">
        <ele>1642.54</ele>
      </trkpt>
      <trkpt lat="12.007950944826007" lon="108.46102396957576">
        <ele>1641.99</ele>
      </trkpt>
      <trkpt lat="12.007970977574587" lon="108.46104794181883">
        <ele>1641.41</ele>
      </trkpt>
      <trkpt lat="12.007986987009645" lon="108.46106596291065">
        <ele>1640.81</ele>
      </trkpt>
      <trkpt lat="12.008000984787941" lon="108.46107895486057">
        <ele>1640.18</ele>
      </trkpt>
      <trkpt lat="12.008015988394618" lon="108.461095970124">
        <ele>1639.53</ele>
      </trkpt>
      <trkpt lat="12.008027974516153" lon="108.46110896207392">
        <ele>1638.87</ele>
      </trkpt>
      <trkpt lat="12.008038954809308" lon="108.46112295985222">
        <ele>1638.17</ele>
      </trkpt>
      <trkpt lat="12.008057981729507" lon="108.46114894375205">
        <ele>1637.42</ele>
      </trkpt>
      <trkpt lat="12.008067956194282" lon="108.46116193570197">
        <ele>1636.68</ele>
      </trkpt>
      <trkpt lat="12.00810693204403" lon="108.46120392903686">
        <ele>1635.84</ele>
      </trkpt>
      <trkpt lat="12.008118918165565" lon="108.46122295595706">
        <ele>1635.05</ele>
      </trkpt>
      <trkpt lat="12.00812797062099" lon="108.46124893985689">
        <ele>1634.23</ele>
      </trkpt>
      <trkpt lat="12.008136939257383" lon="108.46126494929194">
        <ele>1633.41</ele>
      </trkpt>
      <trkpt lat="12.008144985884428" lon="108.46128397621214">
        <ele>1632.57</ele>
      </trkpt>
      <trkpt lat="12.008152948692441" lon="108.46130493097007">
        <ele>1631.69</ele>
      </trkpt>
      <trkpt lat="12.008166946470737" lon="108.46132697537541">
        <ele>1630.79</ele>
      </trkpt>
      <trkpt lat="12.008183961734176" lon="108.46134499646723">
        <ele>1629.87</ele>
      </trkpt>
      <trkpt lat="12.00819393619895" lon="108.4613689687103">
        <ele>1628.93</ele>
      </trkpt>
      <trkpt lat="12.008207933977246" lon="108.46138698980212">
        <ele>1627.97</ele>
      </trkpt>
      <trkpt lat="12.008223943412304" lon="108.46140895038843">
        <ele>1626.97</ele>
      </trkpt>
      <trkpt lat="12.0082379411906" lon="108.46143694594502">
        <ele>1625.95</ele>
      </trkpt>
      <trkpt lat="12.008246993646026" lon="108.46145396120846">
        <ele>1624.92</ele>
      </trkpt>
      <trkpt lat="12.008254956454039" lon="108.46147499978542">
        <ele>1623.88</ele>
      </trkpt>
      <trkpt lat="12.008269960060716" lon="108.46150794066489">
        <ele>1622.78</ele>
      </trkpt>
      <trkpt lat="12.00827993452549" lon="108.46154197119176">
        <ele>1621.68</ele>
      </trkpt>
      <trkpt lat="12.008296949788928" lon="108.46160491928458">
        <ele>1620.51</ele>
      </trkpt>
      <trkpt lat="12.008309941738844" lon="108.46165697090328">
        <ele>1619.34</ele>
      </trkpt>
      <trkpt lat="12.008314970880747" lon="108.46168194897473">
        <ele>1618.2</ele>
      </trkpt>
      <trkpt lat="12.008316982537508" lon="108.4617299772799">
        <ele>1617.04</ele>
      </trkpt>
      <trkpt lat="12.008329974487424" lon="108.46176694147289">
        <ele>1615.85</ele>
      </trkpt>
      <trkpt lat="12.008355958387256" lon="108.46181094646454">
        <ele>1614.64</ele>
      </trkpt>
      <trkpt lat="12.008369956165552" lon="108.4618319850415">
        <ele>1613.46</ele>
      </trkpt>
      <trkpt lat="12.008378924801946" lon="108.46185998059809">
        <ele>1612.26</ele>
      </trkpt>
      <trkpt lat="12.008388983085752" lon="108.46188093535602">
        <ele>1611.07</ele>
      </trkpt>
      <trkpt lat="12.008403986692429" lon="108.461909936741">
        <ele>1609.88</ele>
      </trkpt>
      <trkpt lat="12.008420918136835" lon="108.46192594617605">
        <ele>1608.69</ele>
      </trkpt>
      <trkpt lat="12.008439945057034" lon="108.46194597892463">
        <ele>1607.53</ele>
      </trkpt>
      <trkpt lat="12.008453942835331" lon="108.46196198835969">
        <ele>1606.38</ele>
      </trkpt>
      <trkpt lat="12.008476993069053" lon="108.46199895255268">
        <ele>1605.19</ele>
      </trkpt>
      <trkpt lat="12.008512951433659" lon="108.46204698085785">
        <ele>1603.95</ele>
      </trkpt>
      <trkpt lat="12.008524937555194" lon="108.46206894144416">
        <ele>1602.81</ele>
      </trkpt>
      <trkpt lat="12.008532984182239" lon="108.46215695142746">
        <ele>1601.58</ele>
      </trkpt>
      <trkpt lat="12.00853692367673" lon="108.46218293532729">
        <ele>1600.49</ele>
      </trkpt>
      <trkpt lat="12.008545976132154" lon="108.46220296807587">
        <ele>1599.41</ele>
      </trkpt>
      <trkpt lat="12.008560979738832" lon="108.46222694031894">
        <ele>1598.36</ele>
      </trkpt>
      <trkpt lat="12.008575983345509" lon="108.46228695474565">
        <ele>1597.36</ele>
      </trkpt>
      <trkpt lat="12.00857698917389" lon="108.46232098527253">
        <ele>1596.39</ele>
      </trkpt>
      <trkpt lat="12.008602973073721" lon="108.46240094862878">
        <ele>1595.34</ele>
      </trkpt>
      <trkpt lat="12.008611941710114" lon="108.46242995001376">
        <ele>1594.37</ele>
      </trkpt>
      <trkpt lat="12.00862493366003" lon="108.46247998997569">
        <ele>1593.39</ele>
      </trkpt>
      <trkpt lat="12.008627951145172" lon="108.46250597387552">
        <ele>1592.46</ele>
      </trkpt>
      <trkpt lat="12.008638931438327" lon="108.46256598830223">
        <ele>1591.52</ele>
      </trkpt>
      <trkpt lat="12.008645972236991" lon="108.46262197941542">
        <ele>1590.58</ele>
      </trkpt>
      <trkpt lat="12.008651923388243" lon="108.46265198662877">
        <ele>1589.67</ele>
      </trkpt>
      <trkpt lat="12.008658964186907" lon="108.46268098801374">
        <ele>1588.75</ele>
      </trkpt>
      <trkpt lat="12.00866399332881" lon="108.46270496025681">
        <ele>1587.84</ele>
      </trkpt>
      <trkpt lat="12.008672961965203" lon="108.46277796663344">
        <ele>1586.89</ele>
      </trkpt>
      <trkpt lat="12.008691988885403" lon="108.46283898688853">
        <ele>1585.89</ele>
      </trkpt>
      <trkpt lat="12.00870992615819" lon="108.46290092915297">
        <ele>1584.88</ele>
      </trkpt>
      <trkpt lat="12.008719984441996" lon="108.4629319421947">
        <ele>1583.93</ele>
      </trkpt>
      <trkpt lat="12.008723923936486" lon="108.46296597272158">
        <ele>1582.98</ele>
      </trkpt>
      <trkpt lat="12.008732976391912" lon="108.4630249813199">
        <ele>1582.0</ele>
      </trkpt>
      <trkpt lat="12.008736999705434" lon="108.46305398270488">
        <ele>1581.07</ele>
      </trkpt>
      <trkpt lat="12.008737921714783" lon="108.46311491914093">
        <ele>1580.14</ele>
      </trkpt>
      <trkpt lat="12.008735993877053" lon="108.4631409868598">
        <ele>1579.25</ele>
      </trkpt>
      <trkpt lat="12.008734988048673" lon="108.46316797658801">
        <ele>1578.38</ele>
      </trkpt>
      <trkpt lat="12.008734988048673" lon="108.46319999545813">
        <ele>1577.52</ele>
      </trkpt>
      <trkpt lat="12.008737921714783" lon="108.46323092468083">
        <ele>1576.68</ele>
      </trkpt>
      <trkpt lat="12.008740939199924" lon="108.46326596103609">
        <ele>1575.86</ele>
      </trkpt>
      <trkpt lat="12.008742950856686" lon="108.4633069485426">
        <ele>1575.05</ele>
      </trkpt>
      <trkpt lat="12.008740939199924" lon="108.46334894187748">
        <ele>1574.29</ele>
      </trkpt>
      <trkpt lat="12.008725935593247" lon="108.46341792494059">
        <ele>1573.56</ele>
      </trkpt>
      <trkpt lat="12.008702969178557" lon="108.4635429829359">
        <ele>1572.84</ele>
      </trkpt>
      <trkpt lat="12.008704980835319" lon="108.46357894130051">
        <ele>1572.17</ele>
      </trkpt>
      <trkpt lat="12.00870892032981" lon="108.46368195489049">
        <ele>1571.51</ele>
      </trkpt>
      <trkpt lat="12.00872995890677" lon="108.46372495405376">
        <ele>1570.95</ele>
      </trkpt>
      <trkpt lat="12.008742950856686" lon="108.46373995766044">
        <ele>1570.44</ele>
      </trkpt>
      <trkpt lat="12.00875292532146" lon="108.46375194378197">
        <ele>1569.98</ele>
      </trkpt>
      <trkpt lat="12.008754936978221" lon="108.4637559670955">
        <ele>1569.57</ele>
      </trkpt>
      <trkpt lat="12.008786955848336" lon="108.46379594877362">
        <ele>1569.17</ele>
      </trkpt>
      <trkpt lat="12.008801959455013" lon="108.46382193267345">
        <ele>1568.86</ele>
      </trkpt>
      <trkpt lat="12.008812939748168" lon="108.46385797485709">
        <ele>1568.62</ele>
      </trkpt>
      <trkpt lat="12.008828949183226" lon="108.46392896957695">
        <ele>1568.43</ele>
      </trkpt>
      <trkpt lat="12.00883598998189" lon="108.46395998261869">
        <ele>1568.34</ele>
      </trkpt>
      <trkpt lat="12.008841941133142" lon="108.4639869723469">
        <ele>1568.32</ele>
      </trkpt>
      <trkpt lat="12.008852921426296" lon="108.46402192488313">
        <ele>1568.39</ele>
      </trkpt>
      <trkpt lat="12.008910924196243" lon="108.46424798481166">
        <ele>1568.38</ele>
      </trkpt>
      <trkpt lat="12.008919976651669" lon="108.46428696066141">
        <ele>1568.62</ele>
      </trkpt>
      <trkpt lat="12.00892399996519" lon="108.46431395038962">
        <ele>1568.96</ele>
      </trkpt>
      <trkpt lat="12.008931962773204" lon="108.46434697508812">
        <ele>1569.38</ele>
      </trkpt>
      <trkpt lat="12.00900899246335" lon="108.4645279403776">
        <ele>1569.86</ele>
      </trkpt>
      <trkpt lat="12.009028941392899" lon="108.46456691622734">
        <ele>1570.49</ele>
      </trkpt>
      <trkpt lat="12.009085938334465" lon="108.4646949917078">
        <ele>1571.18</ele>
      </trkpt>
      <trkpt lat="12.00913899578154" lon="108.4647869411856">
        <ele>1572.07</ele>
      </trkpt>
      <trkpt lat="12.009255923330784" lon="108.46503093838692">
        <ele>1573.29</ele>
      </trkpt>
      <trkpt lat="12.00928894802928" lon="108.46510293893516">
        <ele>1574.29</ele>
      </trkpt>
      <trkpt lat="12.00930898077786" lon="108.46513797529042">
        <ele>1575.24</ele>
      </trkpt>
      <trkpt lat="12.009324990212917" lon="108.46516395919025">
        <ele>1576.16</ele>
      </trkpt>
      <trkpt lat="12.009341921657324" lon="108.46518994309008">
        <ele>1577.06</ele>
      </trkpt>
      <trkpt lat="12.009357931092381" lon="108.46521399915218">
        <ele>1577.97</ele>
      </trkpt>
      <trkpt lat="12.009367989376187" lon="108.46523093059659">
        <ele>1578.81</ele>
      </trkpt>
      <trkpt lat="12.009372934699059" lon="108.46524794586003">
        <ele>1579.62</ele>
      </trkpt>
      <trkpt lat="12.009381987154484" lon="108.46528792753816">
        <ele>1580.39</ele>
      </trkpt>
      <trkpt lat="12.009391961619258" lon="108.4653289988637">
        <ele>1581.09</ele>
      </trkpt>
      <trkpt lat="12.009404953569174" lon="108.46538297832012">
        <ele>1581.69</ele>
      </trkpt>
      <trkpt lat="12.009415933862329" lon="108.46541893668473">
        <ele>1582.19</ele>
      </trkpt>
      <trkpt lat="12.009427919983864" lon="108.46545397303998">
        <ele>1582.59</ele>
      </trkpt>
      <trkpt lat="12.009451976045966" lon="108.46552396193147">
        <ele>1582.9</ele>
      </trkpt>
      <trkpt lat="12.009466979652643" lon="108.46557693555951">
        <ele>1583.11</ele>
      </trkpt>
      <trkpt lat="12.00948592275381" lon="108.46562295220792">
        <ele>1583.2</ele>
      </trkpt>
      <trkpt lat="12.009507967159152" lon="108.46565497107804">
        <ele>1583.19</ele>
      </trkpt>
      <trkpt lat="12.00952397659421" lon="108.46567793749273">
        <ele>1583.07</ele>
      </trkpt>
      <trkpt lat="12.009543925523758" lon="108.46569897606969">
        <ele>1582.84</ele>
      </trkpt>
      <trkpt lat="12.009563958272338" lon="108.465720936656">
        <ele>1582.51</ele>
      </trkpt>
      <trkpt lat="12.00956898741424" lon="108.46572797745466">
        <ele>1582.09</ele>
      </trkpt>
      <trkpt lat="12.009555995464325" lon="108.46572697162628">
        <ele>1581.57</ele>
      </trkpt>
      <trkpt lat="12.009551972150803" lon="108.46572697162628">
        <ele>1580.95</ele>
      </trkpt>
      <trkpt lat="12.009601928293705" lon="108.46578396856785">
        <ele>1580.19</ele>
      </trkpt>
      <trkpt lat="12.009626990184188" lon="108.46581095829606">
        <ele>1579.35</ele>
      </trkpt>
      <trkpt lat="12.00965297408402" lon="108.46583794802427">
        <ele>1578.43</ele>
      </trkpt>
      <trkpt lat="12.009683987125754" lon="108.4658639319241">
        <ele>1577.42</ele>
      </trkpt>
      <trkpt lat="12.009780965745449" lon="108.46595797687769">
        <ele>1576.24</ele>
      </trkpt>
      <trkpt lat="12.00991096906364" lon="108.46615394577384">
        <ele>1574.96</ele>
      </trkpt>
      <trkpt lat="12.009957991540432" lon="108.4662109427154">
        <ele>1573.8</ele>
      </trkpt>
      <trkpt lat="12.00997894629836" lon="108.46624597907066">
        <ele>1572.66</ele>
      </trkpt>
      <trkpt lat="12.010095957666636" lon="108.46638092771173">
        <ele>1571.37</ele>
      </trkpt>
      <trkpt lat="12.010117918252945" lon="108.46641596406698">
        <ele>1570.22</ele>
      </trkpt>
      <trkpt lat="12.010147925466299" lon="108.46645795740187">
        <ele>1569.06</ele>
      </trkpt>
      <trkpt lat="12.010171981528401" lon="108.46649198792875">
        <ele>1567.94</ele>
      </trkpt>
      <trkpt lat="12.010259991511703" lon="108.46657798625529">
        <ele>1566.79</ele>
      </trkpt>
      <trkpt lat="12.01029896736145" lon="108.46661495044827">
        <ele>1565.7</ele>
      </trkpt>
      <trkpt lat="12.010334925726056" lon="108.46663699485362">
        <ele>1564.64</ele>
      </trkpt>
      <trkpt lat="12.01036593876779" lon="108.46665694378316">
        <ele>1563.61</ele>
      </trkpt>
      <trkpt lat="12.010390916839242" lon="108.4666739590466">
        <ele>1562.6</ele>
      </trkpt>
      <trkpt lat="12.010421929880977" lon="108.46669893711805">
        <ele>1561.63</ele>
      </trkpt>
      <trkpt lat="12.010455960407853" lon="108.46671896986663">
        <ele>1560.68</ele>
      </trkpt>
      <trkpt lat="12.010484961792827" lon="108.46671896986663">
        <ele>1559.78</ele>
      </trkpt>
      <trkpt lat="12.01051496900618" lon="108.46673397347331">
        <ele>1558.9</ele>
      </trkpt>
      <trkpt lat="12.01055696234107" lon="108.46674696542323">
        <ele>1558.05</ele>
      </trkpt>
      <trkpt lat="12.010584957897663" lon="108.4667619690299">
        <ele>1557.25</ele>
      </trkpt>
      <trkpt lat="12.01062192209065" lon="108.46677898429334">
        <ele>1556.47</ele>
      </trkpt>
      <trkpt lat="12.010673973709345" lon="108.46680999733508">
        <ele>1555.72</ele>
      </trkpt>
      <trkpt lat="12.010689983144403" lon="108.46681796014309">
        <ele>1555.04</ele>
      </trkpt>
      <trkpt lat="12.010716972872615" lon="108.46683195792139">
        <ele>1554.39</ele>
      </trkpt>
      <trkpt lat="12.010788973420858" lon="108.46686196513474">
        <ele>1553.74</ele>
      </trkpt>
      <trkpt lat="12.010822920128703" lon="108.46687495708466">
        <ele>1553.16</ele>
      </trkpt>
      <trkpt lat="12.010927945375443" lon="108.46693195402622">
        <ele>1552.56</ele>
      </trkpt>
      <trkpt lat="12.010958958417177" lon="108.4669519867748">
        <ele>1552.04</ele>
      </trkpt>
      <trkpt lat="12.010990977287292" lon="108.4669659845531">
        <ele>1551.56</ele>
      </trkpt>
      <trkpt lat="12.011042945086956" lon="108.46698299981654">
        <ele>1551.09</ele>
      </trkpt>
      <trkpt lat="12.011103965342045" lon="108.46701996400952">
        <ele>1550.63</ele>
      </trkpt>
      <trkpt lat="12.01113992370665" lon="108.46703798510134">
        <ele>1550.23</ele>
      </trkpt>
      <trkpt lat="12.011173954233527" lon="108.46704695373774">
        <ele>1549.85</ele>
      </trkpt>
      <trkpt lat="12.01120194979012" lon="108.46704795956612">
        <ele>1549.51</ele>
      </trkpt>
      <trkpt lat="12.011232962831855" lon="108.46704494208097">
        <ele>1549.18</ele>
      </trkpt>
      <trkpt lat="12.011256935074925" lon="108.46703798510134">
        <ele>1548.88</ele>
      </trkpt>
      <trkpt lat="12.011284930631518" lon="108.46705097705126">
        <ele>1548.6</ele>
      </trkpt>
      <trkpt lat="12.011312926188111" lon="108.4670629631728">
        <ele>1548.34</ele>
      </trkpt>
      <trkpt lat="12.011352991685271" lon="108.46708199009299">
        <ele>1548.09</ele>
      </trkpt>
      <trkpt lat="12.011381993070245" lon="108.46709498204291">
        <ele>1547.85</ele>
      </trkpt>
      <trkpt lat="12.011399930343032" lon="108.46710696816444">
        <ele>1547.61</ele>
      </trkpt>
      <trkpt lat="12.011420968919992" lon="108.46712398342788">
        <ele>1547.38</ele>
      </trkpt>
      <trkpt lat="12.011494981124997" lon="108.46715399064124">
        <ele>1547.12</ele>
      </trkpt>
      <trkpt lat="12.011571926996112" lon="108.46720193512738">
        <ele>1546.86</ele>
      </trkpt>
      <trkpt lat="12.011626996099949" lon="108.46723797731102">
        <ele>1546.58</ele>
      </trkpt>
      <trkpt lat="12.011669995263219" lon="108.46726194955409">
        <ele>1546.3</ele>
      </trkpt>
      <trkpt lat="12.011703941971064" lon="108.46727695316076">
        <ele>1546.01</ele>
      </trkpt>
      <trkpt lat="12.011731937527657" lon="108.46728399395943">
        <ele>1545.72</ele>
      </trkpt>
      <trkpt lat="12.011859929189086" lon="108.467340990901">
        <ele>1545.39</ele>
      </trkpt>
      <trkpt lat="12.011920949444175" lon="108.46737099811435">
        <ele>1545.09</ele>
      </trkpt>
      <trkpt lat="12.011949950829148" lon="108.46738692373037">
        <ele>1544.77</ele>
      </trkpt>
      <trkpt lat="12.011993955820799" lon="108.46740695647895">
        <ele>1544.44</ele>
      </trkpt>
      <trkpt lat="12.012069979682565" lon="108.46744894981384">
        <ele>1544.06</ele>
      </trkpt>
      <trkpt lat="12.012164946645498" lon="108.46749597229064">
        <ele>1543.69</ele>
      </trkpt>
      <trkpt lat="12.012204928323627" lon="108.46751793287694">
        <ele>1543.29</ele>
      </trkpt>
      <trkpt lat="12.012311965227127" lon="108.46757099032402">
        <ele>1542.85</ele>
      </trkpt>
      <trkpt lat="12.012347923591733" lon="108.46758498810232">
        <ele>1542.4</ele>
      </trkpt>
      <trkpt lat="12.012384971603751" lon="108.46759898588061">
        <ele>1541.89</ele>
      </trkpt>
      <trkpt lat="12.01242696493864" lon="108.46762496978045">
        <ele>1541.32</ele>
      </trkpt>
      <trkpt lat="12.01244993135333" lon="108.46765095368028">
        <ele>1540.78</ele>
      </trkpt>
      <trkpt lat="12.012472981587052" lon="108.46767894923687">
        <ele>1540.22</ele>
      </trkpt>
      <trkpt lat="12.01248798519373" lon="108.46770292147994">
        <ele>1539.68</ele>
      </trkpt>
      <trkpt lat="12.012499971315265" lon="108.46772798337042">
        <ele>1539.14</ele>
      </trkpt>
      <trkpt lat="12.012508939951658" lon="108.46776997670531">
        <ele>1538.6</ele>
      </trkpt>
      <trkpt lat="12.01251296326518" lon="108.46780492924154">
        <ele>1538.07</ele>
      </trkpt>
      <trkpt lat="12.012516986578703" lon="108.46783795394003">
        <ele>1537.55</ele>
      </trkpt>
      <trkpt lat="12.01253199018538" lon="108.46794499084353">
        <ele>1537.02</ele>
      </trkpt>
      <trkpt lat="12.01253492385149" lon="108.46797198057175">
        <ele>1536.48</ele>
      </trkpt>
      <trkpt lat="12.012540958821774" lon="108.46799997612834">
        <ele>1535.95</ele>
      </trkpt>
      <trkpt lat="12.012550933286548" lon="108.46803098917007">
        <ele>1535.43</ele>
      </trkpt>
      <trkpt lat="12.012564931064844" lon="108.46805797889829">
        <ele>1534.92</ele>
      </trkpt>
      <trkpt lat="12.012601979076862" lon="108.46811992116272">
        <ele>1534.38</ele>
      </trkpt>
      <trkpt lat="12.012646989896894" lon="108.4682229347527">
        <ele>1533.84</ele>
      </trkpt>
      <trkpt lat="12.01266098767519" lon="108.46824397332966">
        <ele>1533.4</ele>
      </trkpt>
      <trkpt lat="12.012675991281867" lon="108.46826895140111">
        <ele>1532.99</ele>
      </trkpt>
      <trkpt lat="12.012693928554654" lon="108.46829392947257">
        <ele>1532.61</ele>
      </trkpt>
      <trkpt lat="12.012723935768008" lon="108.46834095194936">
        <ele>1532.24</ele>
      </trkpt>
      <trkpt lat="12.012742962688208" lon="108.46840599551797">
        <ele>1531.9</ele>
      </trkpt>
      <trkpt lat="12.012748997658491" lon="108.46843793056905">
        <ele>1531.62</ele>
      </trkpt>
      <trkpt lat="12.01275092549622" lon="108.46847196109593">
        <ele>1531.36</ele>
      </trkpt>
      <trkpt lat="12.01274698600173" lon="108.46849794499576">
        <ele>1531.14</ele>
      </trkpt>
      <trkpt lat="12.012739945203066" lon="108.46852292306721">
        <ele>1530.94</ele>
      </trkpt>
      <trkpt lat="12.012733994051814" lon="108.46855293028057">
        <ele>1530.76</ele>
      </trkpt>
      <trkpt lat="12.01272795908153" lon="108.46857899799943">
        <ele>1530.59</ele>
      </trkpt>
      <trkpt lat="12.012722929939628" lon="108.46860196441412">
        <ele>1530.45</ele>
      </trkpt>
      <trkpt lat="12.012714967131615" lon="108.46863792277873">
        <ele>1530.34</ele>
      </trkpt>
      <trkpt lat="12.012705998495221" lon="108.46866399049759">
        <ele>1530.23</ele>
      </trkpt>
      <trkpt lat="12.012680936604738" lon="108.46870296634734">
        <ele>1530.06</ele>
      </trkpt>
      <trkpt lat="12.012672973796725" lon="108.46871495246887">
        <ele>1529.91</ele>
      </trkpt>
      <trkpt lat="12.01266492716968" lon="108.46872593276203">
        <ele>1529.75</ele>
      </trkpt>
      <trkpt lat="12.012651935219765" lon="108.46874194219708">
        <ele>1529.56</ele>
      </trkpt>
      <trkpt lat="12.012638943269849" lon="108.46875593997538">
        <ele>1529.35</ele>
      </trkpt>
      <trkpt lat="12.012634919956326" lon="108.4687739610672">
        <ele>1529.11</ele>
      </trkpt>
      <trkpt lat="12.01264196075499" lon="108.4687929879874">
        <ele>1528.84</ele>
      </trkpt>
      <trkpt lat="12.012652941048145" lon="108.46881394274533">
        <ele>1528.55</ele>
      </trkpt>
      <trkpt lat="12.012665932998061" lon="108.46881394274533">
        <ele>1528.22</ele>
      </trkpt>
      <trkpt lat="12.012677919119596" lon="108.46881293691695">
        <ele>1527.84</ele>
      </trkpt>
      <trkpt lat="12.012691916897893" lon="108.46879793331027">
        <ele>1527.42</ele>
      </trkpt>
      <trkpt lat="12.012757966294885" lon="108.46873892471194">
        <ele>1527.0</ele>
      </trkpt>
      <trkpt lat="12.012784956023097" lon="108.46871595829725">
        <ele>1526.44</ele>
      </trkpt>
      <trkpt lat="12.012806916609406" lon="108.46868796274066">
        <ele>1525.8</ele>
      </trkpt>
      <trkpt lat="12.012909930199385" lon="108.46863197162747">
        <ele>1525.04</ele>
      </trkpt>
      <trkpt lat="12.01296592131257" lon="108.46858595497906">
        <ele>1524.24</ele>
      </trkpt>
      <trkpt lat="12.013059966266155" lon="108.46849392168224">
        <ele>1523.36</ele>
      </trkpt>
      <trkpt lat="12.013184940442443" lon="108.46831798553467">
        <ele>1522.32</ele>
      </trkpt>
      <trkpt lat="12.013197932392359" lon="108.46828998997808">
        <ele>1521.42</ele>
      </trkpt>
      <trkpt lat="12.013213941827416" lon="108.46825394779444">
        <ele>1520.47</ele>
      </trkpt>
      <trkpt lat="12.013235986232758" lon="108.46817691810429">
        <ele>1519.46</ele>
      </trkpt>
      <trkpt lat="12.013230957090855" lon="108.46809192560613">
        <ele>1518.48</ele>
      </trkpt>
      <trkpt lat="12.013227939605713" lon="108.46804993227124">
        <ele>1517.49</ele>
      </trkpt>
      <trkpt lat="12.013222994282842" lon="108.46800399944186">
        <ele>1516.46</ele>
      </trkpt>
      <trkpt lat="12.013216959312558" lon="108.46795597113669">
        <ele>1515.42</ele>
      </trkpt>
      <trkpt lat="12.013210924342275" lon="108.46791096031666">
        <ele>1514.38</ele>
      </trkpt>
      <trkpt lat="12.013211930170655" lon="108.46786393783987">
        <ele>1513.32</ele>
      </trkpt>
      <trkpt lat="12.01322391629219" lon="108.46781993284822">
        <ele>1512.25</ele>
      </trkpt>
      <trkpt lat="12.01324394904077" lon="108.46778498031199">
        <ele>1511.21</ele>
      </trkpt>
      <trkpt lat="12.013268927112222" lon="108.46776394173503">
        <ele>1510.2</ele>
      </trkpt>
      <trkpt lat="12.013295916840434" lon="108.4677599184215">
        <ele>1509.21</ele>
      </trkpt>
      <trkpt lat="12.01332994736731" lon="108.46778992563486">
        <ele>1508.28</ele>
      </trkpt>
      <trkpt lat="12.013360960409045" lon="108.46782999113202">
        <ele>1507.37</ele>
      </trkpt>
      <trkpt lat="12.013386944308877" lon="108.46787299029529">
        <ele>1506.5</ele>
      </trkpt>
      <trkpt lat="12.01343396678567" lon="108.46795898862183">
        <ele>1505.65</ele>
      </trkpt>
      <trkpt lat="12.013463973999023" lon="108.46800995059311">
        <ele>1504.8</ele>
      </trkpt>
      <trkpt lat="12.013483922928572" lon="108.46804498694837">
        <ele>1503.95</ele>
      </trkpt>
      <trkpt lat="12.013504961505532" lon="108.46808094531298">
        <ele>1503.06</ele>
      </trkpt>
      <trkpt lat="12.013545949012041" lon="108.46815194003284">
        <ele>1502.17</ele>
      </trkpt>
      <trkpt lat="12.013575956225395" lon="108.46818798221648">
        <ele>1501.27</ele>
      </trkpt>
      <trkpt lat="12.013603951781988" lon="108.46821899525821">
        <ele>1500.37</ele>
      </trkpt>
      <trkpt lat="12.0136309415102" lon="108.46825294196606">
        <ele>1499.5</ele>
      </trkpt>
      <trkpt lat="12.013658937066793" lon="108.46828998997808">
        <ele>1498.62</ele>
      </trkpt>
      <trkpt lat="12.013685926795006" lon="108.46832393668592">
        <ele>1497.75</ele>
      </trkpt>
      <trkpt lat="12.013703947886825" lon="108.46835193224251">
        <ele>1496.9</ele>
      </trkpt>
      <trkpt lat="12.013725992292166" lon="108.46837892197073">
        <ele>1496.06</ele>
      </trkpt>
      <trkpt lat="12.013749964535236" lon="108.46840691752732">
        <ele>1495.23</ele>
      </trkpt>
      <trkpt lat="12.013767985627055" lon="108.46843994222581">
        <ele>1494.45</ele>
      </trkpt>
      <trkpt lat="12.01377997174859" lon="108.46846198663116">
        <ele>1493.71</ele>
      </trkpt>
      <trkpt lat="12.01380092650652" lon="108.46849492751062">
        <ele>1493.0</ele>
      </trkpt>
      <trkpt lat="12.013823976740241" lon="108.46853197552264">
        <ele>1492.31</ele>
      </trkpt>
      <trkpt lat="12.013849960640073" lon="108.46855795942247">
        <ele>1491.67</ele>
      </trkpt>
      <trkpt lat="12.013877956196666" lon="108.46857899799943">
        <ele>1491.07</ele>
      </trkpt>
      <trkpt lat="12.013912992551923" lon="108.46858595497906">
        <ele>1490.51</ele>
      </trkpt>
      <trkpt lat="12.013955991715193" lon="108.46859492361546">
        <ele>1490.0</ele>
      </trkpt>
      <trkpt lat="12.014002930372953" lon="108.46858997829258">
        <ele>1489.56</ele>
      </trkpt>
      <trkpt lat="12.014042995870113" lon="108.46857799217105">
        <ele>1489.25</ele>
      </trkpt>
      <trkpt lat="12.01407895423472" lon="108.46855192445219">
        <ele>1489.05</ele>
      </trkpt>
      <trkpt lat="12.01412195339799" lon="108.46851596608758">
        <ele>1488.95</ele>
      </trkpt>
      <trkpt lat="12.01416696421802" lon="108.46848897635937">
        <ele>1488.96</ele>
      </trkpt>
      <trkpt lat="12.014210969209671" lon="108.46846399828792">
        <ele>1489.06</ele>
      </trkpt>
      <trkpt lat="12.014297973364592" lon="108.46838797442615">
        <ele>1489.23</ele>
      </trkpt>
      <trkpt lat="12.014355976134539" lon="108.46834598109126">
        <ele>1489.57</ele>
      </trkpt>
      <trkpt lat="12.014405932277441" lon="108.46831999719143">
        <ele>1490.05</ele>
      </trkpt>
      <trkpt lat="12.014454966410995" lon="108.4682919178158">
        <ele>1490.62</ele>
      </trkpt>
      <trkpt lat="12.01453392393887" lon="108.46823198720813">
        <ele>1491.31</ele>
      </trkpt>
      <trkpt lat="12.014632998034358" lon="108.46815093420446">
        <ele>1492.14</ele>
      </trkpt>
      <trkpt lat="12.014798875898123" lon="108.46804632805288">
        <ele>1493.23</ele>
      </trkpt>
      <trkpt lat="12.014965927228332" lon="108.46794096753001">
        <ele>1494.5</ele>
      </trkpt>
      <trkpt lat="12.015004986897111" lon="108.46791598945856">
        <ele>1495.62</ele>
      </trkpt>
      <trkpt lat="12.015033988282084" lon="108.4678949508816">
        <ele>1496.81</ele>
      </trkpt>
      <trkpt lat="12.015076987445354" lon="108.46786594949663">
        <ele>1498.1</ele>
      </trkpt>
      <trkpt lat="12.015113951638341" lon="108.46784298308194">
        <ele>1499.39</ele>
      </trkpt>
      <trkpt lat="12.015143958851695" lon="108.46782797947526">
        <ele>1500.68</ele>
      </trkpt>
      <trkpt lat="12.015178995206952" lon="108.46780291758478">
        <ele>1501.98</ele>
      </trkpt>
      <trkpt lat="12.015210930258036" lon="108.46777492202818">
        <ele>1503.26</ele>
      </trkpt>
      <trkpt lat="12.015277985483408" lon="108.46772496588528">
        <ele>1504.51</ele>
      </trkpt>
      <trkpt lat="12.015312938019633" lon="108.46771197393537">
        <ele>1505.73</ele>
      </trkpt>
      <trkpt lat="12.01534797437489" lon="108.46771499142051">
        <ele>1506.94</ele>
      </trkpt>
      <trkpt lat="12.015401953831315" lon="108.46773494035006">
        <ele>1508.16</ele>
      </trkpt>
      <trkpt lat="12.015420980751514" lon="108.46773996949196">
        <ele>1509.3</ele>
      </trkpt>
      <trkpt lat="12.015437996014953" lon="108.46774499863386">
        <ele>1510.41</ele>
      </trkpt>
      <trkpt lat="12.01545693911612" lon="108.46774692647159">
        <ele>1511.48</ele>
      </trkpt>
      <trkpt lat="12.015479989349842" lon="108.46774499863386">
        <ele>1512.51</ele>
      </trkpt>
      <trkpt lat="12.015506979078054" lon="108.46774097532034">
        <ele>1513.51</ele>
      </trkpt>
      <trkpt lat="12.015539919957519" lon="108.46773594617844">
        <ele>1514.48</ele>
      </trkpt>
      <trkpt lat="12.015577973797917" lon="108.46772597171366">
        <ele>1515.42</ele>
      </trkpt>
      <trkpt lat="12.015619967132807" lon="108.46771599724889">
        <ele>1516.32</ele>
      </trkpt>
      <trkpt lat="12.015662966296077" lon="108.4677049331367">
        <ele>1517.22</ele>
      </trkpt>
      <trkpt lat="12.015708982944489" lon="108.46769395284355">
        <ele>1518.08</ele>
      </trkpt>
      <trkpt lat="12.015751982107759" lon="108.46768397837877">
        <ele>1518.9</ele>
      </trkpt>
      <trkpt lat="12.01579699292779" lon="108.46768196672201">
        <ele>1519.68</ele>
      </trkpt>
      <trkpt lat="12.01584292575717" lon="108.46768992953002">
        <ele>1520.42</ele>
      </trkpt>
      <trkpt lat="12.015892965719104" lon="108.46769797615707">
        <ele>1521.14</ele>
      </trkpt>
      <trkpt lat="12.015940994024277" lon="108.467718930915">
        <ele>1521.83</ele>
      </trkpt>
      <trkpt lat="12.015981981530786" lon="108.4677329286933">
        <ele>1522.49</ele>
      </trkpt>
      <trkpt lat="12.016022969037294" lon="108.46774692647159">
        <ele>1523.1</ele>
      </trkpt>
      <trkpt lat="12.016104944050312" lon="108.46777592785656">
        <ele>1523.72</ele>
      </trkpt>
      <trkpt lat="12.01616495847702" lon="108.46779294312">
        <ele>1524.26</ele>
      </trkpt>
      <trkpt lat="12.016215920448303" lon="108.46780291758478">
        <ele>1524.79</ele>
      </trkpt>
      <trkpt lat="12.016267972066998" lon="108.46781498752534">
        <ele>1525.27</ele>
      </trkpt>
      <trkpt lat="12.016308959573507" lon="108.4678069408983">
        <ele>1525.73</ele>
      </trkpt>
      <trkpt lat="12.016351958736777" lon="108.46779193729162">
        <ele>1526.15</ele>
      </trkpt>
      <trkpt lat="12.016405938193202" lon="108.46779193729162">
        <ele>1526.53</ele>
      </trkpt>
      <trkpt lat="12.016472993418574" lon="108.4678119700402">
        <ele>1526.87</ele>
      </trkpt>
      <trkpt lat="12.01652999036014" lon="108.46782797947526">
        <ele>1527.18</ele>
      </trkpt>
      <trkpt lat="12.016585981473327" lon="108.46783594228327">
        <ele>1527.44</ele>
      </trkpt>
      <trkpt lat="12.016652952879667" lon="108.46785999834538">
        <ele>1527.66</ele>
      </trkpt>
      <trkpt lat="12.016709949821234" lon="108.46787491813302">
        <ele>1527.85</ele>
      </trkpt>
      <trkpt lat="12.016783962026238" lon="108.46789696253836">
        <ele>1528.02</ele>
      </trkpt>
      <trkpt lat="12.016854956746101" lon="108.46790693700314">
        <ele>1528.14</ele>
      </trkpt>
      <trkpt lat="12.016929974779487" lon="108.46791196614504">
        <ele>1528.21</ele>
      </trkpt>
      <trkpt lat="12.016994934529066" lon="108.46790593117476">
        <ele>1528.35</ele>
      </trkpt>
      <trkpt lat="12.017046986147761" lon="108.46789897419512">
        <ele>1528.52</ele>
      </trkpt>
      <trkpt lat="12.017091996967793" lon="108.46790098585188">
        <ele>1528.66</ele>
      </trkpt>
      <trkpt lat="12.017136923968792" lon="108.46790199168026">
        <ele>1528.79</ele>
      </trkpt>
      <trkpt lat="12.017205990850925" lon="108.46790995448828">
        <ele>1528.9</ele>
      </trkpt>
      <trkpt lat="12.017269944772124" lon="108.46789193339646">
        <ele>1529.09</ele>
      </trkpt>
      <trkpt lat="12.017331970855594" lon="108.46786896698177">
        <ele>1529.34</ele>
      </trkpt>
      <trkpt lat="12.017393996939063" lon="108.46784398891032">
        <ele>1529.62</ele>
      </trkpt>
      <trkpt lat="12.017449988052249" lon="108.46780492924154">
        <ele>1529.93</ele>
      </trkpt>
      <trkpt lat="12.017510924488306" lon="108.4677569847554">
        <ele>1530.24</ele>
      </trkpt>
      <trkpt lat="12.017573956400156" lon="108.46771599724889">
        <ele>1530.54</ele>
      </trkpt>
      <trkpt lat="12.017635982483625" lon="108.46768397837877">
        <ele>1530.84</ele>
      </trkpt>
      <trkpt lat="12.017681999132037" lon="108.46768498420715">
        <ele>1531.03</ele>
      </trkpt>
      <trkpt lat="12.017727931961417" lon="108.46768699586391">
        <ele>1531.19</ele>
      </trkpt>
      <trkpt lat="12.017820971086621" lon="108.46768892370164">
        <ele>1531.35</ele>
      </trkpt>
      <trkpt lat="12.0178859308362" lon="108.46769596450031">
        <ele>1531.48</ele>
      </trkpt>
      <trkpt lat="12.017939994111657" lon="108.46768498420715">
        <ele>1531.65</ele>
      </trkpt>
      <trkpt lat="12.017973940819502" lon="108.46767098642886">
        <ele>1531.79</ele>
      </trkpt>
      <trkpt lat="12.018007971346378" lon="108.46765698865056">
        <ele>1531.93</ele>
      </trkpt>
      <trkpt lat="12.01803496107459" lon="108.46766293980181">
        <ele>1531.99</ele>
      </trkpt>
      <trkpt lat="12.01805298216641" lon="108.46766796894372">
        <ele>1532.04</ele>
      </trkpt>
      <trkpt lat="12.018146943300962" lon="108.46768892370164">
        <ele>1532.08</ele>
      </trkpt>
      <trkpt lat="12.018203940242529" lon="108.46772697754204">
        <ele>1532.05</ele>
      </trkpt>
      <trkpt lat="12.018233947455883" lon="108.46774399280548">
        <ele>1532.03</ele>
      </trkpt>
      <trkpt lat="12.018313994631171" lon="108.46779093146324">
        <ele>1531.95</ele>
      </trkpt>
      <trkpt lat="12.018423965200782" lon="108.4678449947387">
        <ele>1531.86</ele>
      </trkpt>
      <trkpt lat="12.018478950485587" lon="108.46785396337509">
        <ele>1531.9</ele>
      </trkpt>
      <trkpt lat="12.018481967970729" lon="108.46785396337509">
        <ele>1532.03</ele>
      </trkpt>
      <trkpt lat="12.018498983234167" lon="108.46783795394003">
        <ele>1532.23</ele>
      </trkpt>
      <trkpt lat="12.018511975184083" lon="108.46781993284822">
        <ele>1532.5</ele>
      </trkpt>
      <trkpt lat="12.018520943820477" lon="108.46779998391867">
        <ele>1532.83</ele>
      </trkpt>
      <trkpt lat="12.018520943820477" lon="108.4677979722619">
        <ele>1533.24</ele>
      </trkpt>
      <trkpt lat="12.018539970740676" lon="108.46778992563486">
        <ele>1533.7</ele>
      </trkpt>
      <trkpt lat="12.018539970740676" lon="108.46776997670531">
        <ele>1534.29</ele>
      </trkpt>
      <trkpt lat="12.01857098378241" lon="108.46776092424989">
        <ele>1534.91</ele>
      </trkpt>
      <trkpt lat="12.018538964912295" lon="108.4676219522953">
        <ele>1535.75</ele>
      </trkpt>
      <trkpt lat="12.018534941598773" lon="108.467599991709">
        <ele>1536.62</ele>
      </trkpt>
      <trkpt lat="12.018479956313968" lon="108.46739899367094">
        <ele>1537.76</ele>
      </trkpt>
      <trkpt lat="12.01848498545587" lon="108.4672199562192">
        <ele>1538.94</ele>
      </trkpt>
      <trkpt lat="12.018534941598773" lon="108.46696699038148">
        <ele>1540.33</ele>
      </trkpt>
      <trkpt lat="12.018633931875229" lon="108.46675995737314">
        <ele>1541.44</ele>
      </trkpt>
      <trkpt lat="12.018810957670212" lon="108.46650598570704">
        <ele>1542.72</ele>
      </trkpt>
      <trkpt lat="12.018933249637485" lon="108.46635217778385">
        <ele>1544.15</ele>
      </trkpt>
      <trkpt lat="12.019055960699916" lon="108.46619795076549">
        <ele>1545.6</ele>
      </trkpt>
      <trkpt lat="12.019138941541314" lon="108.46608295105398">
        <ele>1547.01</ele>
      </trkpt>
      <trkpt lat="12.019199961796403" lon="108.4659849666059">
        <ele>1548.39</ele>
      </trkpt>
      <trkpt lat="12.01934396289289" lon="108.46580794081092">
        <ele>1549.61</ele>
      </trkpt>
      <trkpt lat="12.019391991198063" lon="108.46575094386935">
        <ele>1550.88</ele>
      </trkpt>
      <trkpt lat="12.019556947052479" lon="108.46552597358823">
        <ele>1552.09</ele>
      </trkpt>
      <trkpt lat="12.01957798562944" lon="108.46549797803164">
        <ele>1553.36</ele>
      </trkpt>
      <trkpt lat="12.019672868773341" lon="108.46536914817989">
        <ele>1554.58</ele>
      </trkpt>
      <trkpt lat="12.019767919555306" lon="108.46523998305202">
        <ele>1555.96</ele>
      </trkpt>
      <trkpt lat="12.019820977002382" lon="108.46511693671346">
        <ele>1557.44</ele>
      </trkpt>
      <trkpt lat="12.019828939810395" lon="108.4650509711355">
        <ele>1558.86</ele>
      </trkpt>
      <trkpt lat="12.019819971174002" lon="108.46487897448242">
        <ele>1560.35</ele>
      </trkpt>
      <trkpt lat="12.019802955910563" lon="108.4647969994694">
        <ele>1561.73</ele>
      </trkpt>
      <trkpt lat="12.019782923161983" lon="108.46473799087107">
        <ele>1563.09</ele>
      </trkpt>
      <trkpt lat="12.019742941483855" lon="108.46461796201766">
        <ele>1564.47</ele>
      </trkpt>
      <trkpt lat="12.01970698311925" lon="108.46452995203435">
        <ele>1565.81</ele>
      </trkpt>
      <trkpt lat="12.019697930663824" lon="108.464499944821">
        <ele>1567.07</ele>
      </trkpt>
      <trkpt lat="12.01962299644947" lon="108.46427598036826">
        <ele>1568.5</ele>
      </trkpt>
      <trkpt lat="12.0195799972862" lon="108.46410892903805">
        <ele>1569.83</ele>
      </trkpt>
      <trkpt lat="12.019548984244466" lon="108.46391094848514">
        <ele>1571.11</ele>
      </trkpt>
      <trkpt lat="12.019541943445802" lon="108.46368195489049">
        <ele>1572.23</ele>
      </trkpt>
      <trkpt lat="12.01953993178904" lon="108.4636539593339">
        <ele>1573.3</ele>
      </trkpt>
      <trkpt lat="12.019521994516253" lon="108.46349897794425">
        <ele>1574.32</ele>
      </trkpt>
      <trkpt lat="12.01951495371759" lon="108.46342697739601">
        <ele>1575.32</ele>
      </trkpt>
      <trkpt lat="12.019500955939293" lon="108.46333695575595">
        <ele>1576.32</ele>
      </trkpt>
      <trkpt lat="12.019489975646138" lon="108.46325296908617">
        <ele>1577.3</ele>
      </trkpt>
      <trkpt lat="12.019485952332616" lon="108.46320795826614">
        <ele>1578.28</ele>
      </trkpt>
      <trkpt lat="12.019476983696222" lon="108.4631409868598">
        <ele>1579.25</ele>
      </trkpt>
      <trkpt lat="12.019464997574687" lon="108.46300193108618">
        <ele>1580.19</ele>
      </trkpt>
      <trkpt lat="12.019447982311249" lon="108.46291392110288">
        <ele>1581.19</ele>
      </trkpt>
      <trkpt lat="12.019418980926275" lon="108.46282197162509">
        <ele>1582.21</ele>
      </trkpt>
      <trkpt lat="12.019361983984709" lon="108.4626399166882">
        <ele>1583.35</ele>
      </trkpt>
      <trkpt lat="12.019248995929956" lon="108.46251192502677">
        <ele>1584.58</ele>
      </trkpt>
      <trkpt lat="12.019077921286225" lon="108.462427938357">
        <ele>1585.7</ele>
      </trkpt>
      <trkpt lat="12.018843982368708" lon="108.4624329674989">
        <ele>1586.87</ele>
      </trkpt>
      <trkpt lat="12.018598979339004" lon="108.46247395500541">
        <ele>1588.04</ele>
      </trkpt>
      <trkpt lat="12.018373925238848" lon="108.46251795999706">
        <ele>1589.13</ele>
      </trkpt>
      <trkpt lat="12.018127916380763" lon="108.46256699413061">
        <ele>1590.14</ele>
      </trkpt>
      <trkpt lat="12.017918955534697" lon="108.46261393278837">
        <ele>1590.99</ele>
      </trkpt>
      <trkpt lat="12.017781995236874" lon="108.46263094805181">
        <ele>1591.82</ele>
      </trkpt>
      <trkpt lat="12.017698930576444" lon="108.46261292695999">
        <ele>1592.49</ele>
      </trkpt>
      <trkpt lat="12.017640927806497" lon="108.46260496415198">
        <ele>1593.14</ele>
      </trkpt>
      <trkpt lat="12.017624918371439" lon="108.46262591890991">
        <ele>1593.77</ele>
      </trkpt>
      <trkpt lat="12.0176269300282" lon="108.46264192834496">
        <ele>1594.35</ele>
      </trkpt>
      <trkpt lat="12.017614608630538" lon="108.46264779567719">
        <ele>1594.91</ele>
      </trkpt>
      <trkpt lat="12.017555935308337" lon="108.46267595887184">
        <ele>1595.43</ele>
      </trkpt>
      <trkpt lat="12.017437918111682" lon="108.4626039583236">
        <ele>1595.99</ele>
      </trkpt>
      <trkpt lat="12.017402965575457" lon="108.46259297803044">
        <ele>1596.45</ele>
      </trkpt>
      <trkpt lat="12.017366923391819" lon="108.46257797442377">
        <ele>1596.92</ele>
      </trkpt>
      <trkpt lat="12.017332976683974" lon="108.4625569358468">
        <ele>1597.4</ele>
      </trkpt>
      <trkpt lat="12.017243960872293" lon="108.46248694695532">
        <ele>1597.94</ele>
      </trkpt>
      <trkpt lat="12.0171969383955" lon="108.46236599609256">
        <ele>1598.56</ele>
      </trkpt>
      <trkpt lat="12.01719593256712" lon="108.46234797500074">
        <ele>1599.05</ele>
      </trkpt>
      <trkpt lat="12.017141953110695" lon="108.46226993948221">
        <ele>1599.6</ele>
      </trkpt>
      <trkpt lat="12.017127955332398" lon="108.46222995780408">
        <ele>1600.13</ele>
      </trkpt>
      <trkpt lat="12.017097948119044" lon="108.46212795004249">
        <ele>1600.64</ele>
      </trkpt>
      <trkpt lat="12.017030976712704" lon="108.46200096420944">
        <ele>1601.14</ele>
      </trkpt>
      <trkpt lat="12.0170259475708" lon="108.46193994395435">
        <ele>1601.69</ele>
      </trkpt>
      <trkpt lat="12.017017984762788" lon="108.46192393451929">
        <ele>1602.31</ele>
      </trkpt>
      <trkpt lat="12.017005998641253" lon="108.46187699586153">
        <ele>1603.0</ele>
      </trkpt>
      <trkpt lat="12.016991917043924" lon="108.46183994784951">
        <ele>1603.74</ele>
      </trkpt>
      <trkpt lat="12.016986971721053" lon="108.46176492981613">
        <ele>1604.56</ele>
      </trkpt>
      <trkpt lat="12.016979930922389" lon="108.46173098310828">
        <ele>1605.4</ele>
      </trkpt>
      <trkpt lat="12.016973979771137" lon="108.46165998838842">
        <ele>1606.34</ele>
      </trkpt>
      <trkpt lat="12.016972973942757" lon="108.4616329986602">
        <ele>1607.32</ele>
      </trkpt>
      <trkpt lat="12.016972973942757" lon="108.46159293316305">
        <ele>1608.38</ele>
      </trkpt>
      <trkpt lat="12.016986971721053" lon="108.46156594343483">
        <ele>1609.49</ele>
      </trkpt>
      <trkpt lat="12.016986971721053" lon="108.46155093982816">
        <ele>1610.63</ele>
      </trkpt>
      <trkpt lat="12.016953947022557" lon="108.4614379517734">
        <ele>1611.92</ele>
      </trkpt>
      <trkpt lat="12.016934920102358" lon="108.4613499417901">
        <ele>1613.25</ele>
      </trkpt>
      <trkpt lat="12.016917988657951" lon="108.46124592237175">
        <ele>1614.67</ele>
      </trkpt>
      <trkpt lat="12.016885969787836" lon="108.46111994236708">
        <ele>1616.12</ele>
      </trkpt>
      <trkpt lat="12.016859985888004" lon="108.46098298206925">
        <ele>1617.69</ele>
      </trkpt>
      <trkpt lat="12.016849927604198" lon="108.46089296042919">
        <ele>1619.21</ele>
      </trkpt>
      <trkpt lat="12.016849927604198" lon="108.46088298596442">
        <ele>1620.63</ele>
      </trkpt>
      <trkpt lat="12.016841964796185" lon="108.46071794629097">
        <ele>1622.25</ele>
      </trkpt>
      <trkpt lat="12.016826961189508" lon="108.46065499819815">
        <ele>1623.76</ele>
      </trkpt>
      <trkpt lat="12.016817992553115" lon="108.46062893047929">
        <ele>1625.22</ele>
      </trkpt>
      <trkpt lat="12.016797959804535" lon="108.46059397794306">
        <ele>1626.68</ele>
      </trkpt>
      <trkpt lat="12.016773987561464" lon="108.46053496934474">
        <ele>1628.15</ele>
      </trkpt>
      <trkpt lat="12.016693940386176" lon="108.46037797629833">
        <ele>1629.66</ele>
      </trkpt>
      <trkpt lat="12.016672985628247" lon="108.46036196686327">
        <ele>1631.05</ele>
      </trkpt>
      <trkpt lat="12.016630992293358" lon="108.46027697436512">
        <ele>1632.49</ele>
      </trkpt>
      <trkpt lat="12.016609953716397" lon="108.46024394966662">
        <ele>1633.84</ele>
      </trkpt>
      <trkpt lat="12.016581958159804" lon="108.46015493385494">
        <ele>1635.19</ele>
      </trkpt>
      <trkpt lat="12.016559997573495" lon="108.4601019602269">
        <ele>1636.52</ele>
      </trkpt>
      <trkpt lat="12.016538958996534" lon="108.4599169716239">
        <ele>1637.87</ele>
      </trkpt>
      <trkpt lat="12.016555974259973" lon="108.45981194637716">
        <ele>1639.2</ele>
      </trkpt>
      <trkpt lat="12.016533929854631" lon="108.45968797802925">
        <ele>1640.54</ele>
      </trkpt>
      <trkpt lat="12.016501994803548" lon="108.45957993529737">
        <ele>1641.92</ele>
      </trkpt>
      <trkpt lat="12.01646494679153" lon="108.45944398082793">
        <ele>1643.31</ele>
      </trkpt>
      <trkpt lat="12.01644591987133" lon="108.45936493948102">
        <ele>1644.67</ele>
      </trkpt>
      <trkpt lat="12.016438962891698" lon="108.45931892283261">
        <ele>1645.97</ele>
      </trkpt>
      <trkpt lat="12.016367968171835" lon="108.45912898890674">
        <ele>1647.42</ele>
      </trkpt>
      <trkpt lat="12.016328992322087" lon="108.45902094617486">
        <ele>1648.83</ele>
      </trkpt>
      <trkpt lat="12.01627098955214" lon="108.45899797976017">
        <ele>1650.11</ele>
      </trkpt>
      <trkpt lat="12.016225978732109" lon="108.45898792147636">
        <ele>1651.31</ele>
      </trkpt>
      <trkpt lat="12.01614391990006" lon="108.45897995866835">
        <ele>1652.49</ele>
      </trkpt>
      <trkpt lat="12.01603696681559" lon="108.4589639492333">
        <ele>1653.64</ele>
      </trkpt>
      <trkpt lat="12.01592992991209" lon="108.45892296172678">
        <ele>1654.74</ele>
      </trkpt>
      <trkpt lat="12.015826916322112" lon="108.45889194868505">
        <ele>1655.77</ele>
      </trkpt>
      <trkpt lat="12.01571292243898" lon="108.45884995535016">
        <ele>1656.74</ele>
      </trkpt>
      <trkpt lat="12.015558946877718" lon="108.45875498838723">
        <ele>1657.65</ele>
      </trkpt>
      <trkpt lat="12.015393991023302" lon="108.45859992317855">
        <ele>1658.56</ele>
      </trkpt>
      <trkpt lat="12.015319978818297" lon="108.4585009329021">
        <ele>1659.43</ele>
      </trkpt>
      <trkpt lat="12.015255941078067" lon="108.45846195705235">
        <ele>1660.19</ele>
      </trkpt>
      <trkpt lat="12.01513297855854" lon="108.45833899453282">
        <ele>1660.97</ele>
      </trkpt>
      <trkpt lat="12.015035999938846" lon="108.45825693570077">
        <ele>1661.6</ele>
      </trkpt>
      <trkpt lat="12.015022924169898" lon="108.45823497511446">
        <ele>1662.25</ele>
      </trkpt>
      <trkpt lat="12.014935920014977" lon="108.45805895514786">
        <ele>1662.89</ele>
      </trkpt>
      <trkpt lat="12.014886969700456" lon="108.45793196931481">
        <ele>1663.59</ele>
      </trkpt>
      <trkpt lat="12.014867942780256" lon="108.4578909818083">
        <ele>1664.17</ele>
      </trkpt>
      <trkpt lat="12.014840953052044" lon="108.45775192603469">
        <ele>1664.86</ele>
      </trkpt>
      <trkpt lat="12.014808934181929" lon="108.45752092078328">
        <ele>1665.56</ele>
      </trkpt>
      <trkpt lat="12.014784961938858" lon="108.45743793994188">
        <ele>1665.99</ele>
      </trkpt>
      <trkpt lat="12.014751937240362" lon="108.45732595771551">
        <ele>1666.29</ele>
      </trkpt>
      <trkpt lat="12.014741962775588" lon="108.45730198547244">
        <ele>1666.63</ele>
      </trkpt>
      <trkpt lat="12.014709943905473" lon="108.45714993774891">
        <ele>1666.88</ele>
      </trkpt>
      <trkpt lat="12.014707932248712" lon="108.45712395384908">
        <ele>1667.21</ele>
      </trkpt>
      <trkpt lat="12.014707932248712" lon="108.45698297023773">
        <ele>1667.48</ele>
      </trkpt>
      <trkpt lat="12.014719918370247" lon="108.45688892528415">
        <ele>1667.79</ele>
      </trkpt>
      <trkpt lat="12.014763923361897" lon="108.45662497915328">
        <ele>1668.25</ele>
      </trkpt>
      <trkpt lat="12.014763923361897" lon="108.45644996501505">
        <ele>1668.63</ele>
      </trkpt>
      <trkpt lat="12.014750931411982" lon="108.45636396668851">
        <ele>1668.92</ele>
      </trkpt>
      <trkpt lat="12.014640960842371" lon="108.45607898198068">
        <ele>1669.15</ele>
      </trkpt>
      <trkpt lat="12.014546999707818" lon="108.45595291815698">
        <ele>1669.35</ele>
      </trkpt>
      <trkpt lat="12.0144909247756" lon="108.45586993731558">
        <ele>1669.52</ele>
      </trkpt>
      <trkpt lat="12.01431792229414" lon="108.4557169675827">
        <ele>1669.67</ele>
      </trkpt>
      <trkpt lat="12.014109967276454" lon="108.45558394677937">
        <ele>1669.7</ele>
      </trkpt>
      <trkpt lat="12.014047941192985" lon="108.45551999285817">
        <ele>1669.83</ele>
      </trkpt>
      <trkpt lat="12.013983987271786" lon="108.45547992736101">
        <ele>1670.0</ele>
      </trkpt>
      <trkpt lat="12.013918943703175" lon="108.45543692819774">
        <ele>1670.17</ele>
      </trkpt>
      <trkpt lat="12.013896983116865" lon="108.45542695373297">
        <ele>1670.33</ele>
      </trkpt>
      <trkpt lat="12.013833951205015" lon="108.45539694651961">
        <ele>1670.47</ele>
      </trkpt>
      <trkpt lat="12.01382297091186" lon="108.45539191737771">
        <ele>1670.64</ele>
      </trkpt>
      <trkpt lat="12.013699924573302" lon="108.45528697595">
        <ele>1670.81</ele>
      </trkpt>
      <trkpt lat="12.01354494318366" lon="108.4552039951086">
        <ele>1670.98</ele>
      </trkpt>
      <trkpt lat="12.013515941798687" lon="108.45519192516804">
        <ele>1671.1</ele>
      </trkpt>
      <trkpt lat="12.013297928497195" lon="108.45501196570694">
        <ele>1671.26</ele>
      </trkpt>
      <trkpt lat="12.01322391629219" lon="108.45488891936839">
        <ele>1671.34</ele>
      </trkpt>
      <trkpt lat="12.013146970421076" lon="108.45476796850562">
        <ele>1671.36</ele>
      </trkpt>
      <trkpt lat="12.012998946011066" lon="108.45461399294436">
        <ele>1671.35</ele>
      </trkpt>
      <trkpt lat="12.01289894990623" lon="108.45454894937575">
        <ele>1671.22</ele>
      </trkpt>
      <trkpt lat="12.012828961014748" lon="108.45448097214103">
        <ele>1671.02</ele>
      </trkpt>
      <trkpt lat="12.012786967679858" lon="108.45439497381449">
        <ele>1670.79</ele>
      </trkpt>
      <trkpt lat="12.012763917446136" lon="108.45435893163085">
        <ele>1670.38</ele>
      </trkpt>
      <trkpt lat="12.01270398683846" lon="108.45427796244621">
        <ele>1669.95</ele>
      </trkpt>
      <trkpt lat="12.012636931613088" lon="108.45423295162618">
        <ele>1669.3</ele>
      </trkpt>
      <trkpt lat="12.012458983808756" lon="108.45415692776442">
        <ele>1668.45</ele>
      </trkpt>
      <trkpt lat="12.012417996302247" lon="108.45414997078478">
        <ele>1667.45</ele>
      </trkpt>
      <trkpt lat="12.012336943298578" lon="108.45414795912802">
        <ele>1666.23</ele>
      </trkpt>
      <trkpt lat="12.012202916666865" lon="108.45415198244154">
        <ele>1664.69</ele>
      </trkpt>
      <trkpt lat="12.012162934988737" lon="108.45416598021984">
        <ele>1663.21</ele>
      </trkpt>
      <trkpt lat="12.011969983577728" lon="108.45415692776442">
        <ele>1661.47</ele>
      </trkpt>
      <trkpt lat="12.011783989146352" lon="108.45417897216976">
        <ele>1659.67</ele>
      </trkpt>
      <trkpt lat="12.011646945029497" lon="108.45428198575974">
        <ele>1657.84</ele>
      </trkpt>
      <trkpt lat="12.011537980288267" lon="108.4544029366225">
        <ele>1656.04</ele>
      </trkpt>
      <trkpt lat="12.011510990560055" lon="108.45445096492767">
        <ele>1654.2</ele>
      </trkpt>
      <trkpt lat="12.011486934497952" lon="108.4545189421624">
        <ele>1652.27</ele>
      </trkpt>
      <trkpt lat="12.011456927284598" lon="108.45469697378576">
        <ele>1650.13</ele>
      </trkpt>
      <trkpt lat="12.011553989723325" lon="108.45489696599543">
        <ele>1647.97</ele>
      </trkpt>
      <trkpt lat="12.011581985279918" lon="108.4550179168582">
        <ele>1645.99</ele>
      </trkpt>
      <trkpt lat="12.011558935046196" lon="108.45510995015502">
        <ele>1644.09</ele>
      </trkpt>
      <trkpt lat="12.011359948664904" lon="108.4552459884435">
        <ele>1642.19</ele>
      </trkpt>
      <trkpt lat="12.011246960610151" lon="108.45523391850293">
        <ele>1640.59</ele>
      </trkpt>
      <trkpt lat="12.01111595146358" lon="108.45514599233866">
        <ele>1639.06</ele>
      </trkpt>
      <trkpt lat="12.011068928986788" lon="108.45510098151863">
        <ele>1637.61</ele>
      </trkpt>
      <trkpt lat="12.01100799255073" lon="108.4550609998405">
        <ele>1636.21</ele>
      </trkpt>
      <trkpt lat="12.010804982855916" lon="108.45492797903717">
        <ele>1634.8</ele>
      </trkpt>
      <trkpt lat="12.01057892292738" lon="108.45481591299176">
        <ele>1633.36</ele>
      </trkpt>
      <trkpt lat="12.010350935161114" lon="108.45470292493701">
        <ele>1632.1</ele>
      </trkpt>
      <trkpt lat="12.010144991800189" lon="108.45462799072266">
        <ele>1630.96</ele>
      </trkpt>
      <trkpt lat="12.010076930746436" lon="108.45463796518743">
        <ele>1629.85</ele>
      </trkpt>
      <trkpt lat="12.01004197821021" lon="108.45464894548059">
        <ele>1628.85</ele>
      </trkpt>
      <trkpt lat="12.010014988481998" lon="108.4546479396522">
        <ele>1627.94</ele>
      </trkpt>
      <trkpt lat="12.009983975440264" lon="108.45464592799544">
        <ele>1627.09</ele>
      </trkpt>
      <trkpt lat="12.009971989318728" lon="108.45464693382382">
        <ele>1626.25</ele>
      </trkpt>
      <trkpt lat="12.009845925495028" lon="108.45464693382382">
        <ele>1625.47</ele>
      </trkpt>
      <trkpt lat="12.009707959368825" lon="108.45464894548059">
        <ele>1624.53</ele>
      </trkpt>
      <trkpt lat="12.009601928293705" lon="108.45463897101581">
        <ele>1623.65</ele>
      </trkpt>
      <trkpt lat="12.009597988799214" lon="108.45463796518743">
        <ele>1622.85</ele>
      </trkpt>
      <trkpt lat="12.009570999071002" lon="108.45464299432933">
        <ele>1622.01</ele>
      </trkpt>
      <trkpt lat="12.009453987702727" lon="108.45470493659377">
        <ele>1621.01</ele>
      </trkpt>
      <trkpt lat="12.009401936084032" lon="108.45471097156405">
        <ele>1620.12</ele>
      </trkpt>
      <trkpt lat="12.009366983547807" lon="108.45469697378576">
        <ele>1619.22</ele>
      </trkpt>
      <trkpt lat="12.009372934699059" lon="108.45470795407891">
        <ele>1618.3</ele>
      </trkpt>
      <trkpt lat="12.009350974112749" lon="108.45469093881547">
        <ele>1617.33</ele>
      </trkpt>
      <trkpt lat="12.009336976334453" lon="108.45468197017908">
        <ele>1616.3</ele>
      </trkpt>
      <trkpt lat="12.009255923330784" lon="108.45461994409561">
        <ele>1615.19</ele>
      </trkpt>
      <trkpt lat="12.009103959426284" lon="108.45449899323285">
        <ele>1613.97</ele>
      </trkpt>
      <trkpt lat="12.00907495804131" lon="108.4544909466058">
        <ele>1612.72</ele>
      </trkpt>
      <trkpt lat="12.009000945836306" lon="108.45447996631265">
        <ele>1611.34</ele>
      </trkpt>
      <trkpt lat="12.00888292863965" lon="108.45440997742116">
        <ele>1609.84</ele>
      </trkpt>
      <trkpt lat="12.008860968053341" lon="108.45437393523753">
        <ele>1608.38</ele>
      </trkpt>
      <trkpt lat="12.008833978325129" lon="108.45429095439613">
        <ele>1606.87</ele>
      </trkpt>
      <trkpt lat="12.008819980546832" lon="108.45419095829129">
        <ele>1605.32</ele>
      </trkpt>
      <trkpt lat="12.008732976391912" lon="108.4540939796716">
        <ele>1603.53</ele>
      </trkpt>
      <trkpt lat="12.008701963350177" lon="108.45406799577177">
        <ele>1601.81</ele>
      </trkpt>
      <trkpt lat="12.008596938103437" lon="108.45400496385992">
        <ele>1599.87</ele>
      </trkpt>
      <trkpt lat="12.008498953655362" lon="108.45397596247494">
        <ele>1598.0</ele>
      </trkpt>
      <trkpt lat="12.008459977805614" lon="108.45399993471801">
        <ele>1596.29</ele>
      </trkpt>
      <trkpt lat="12.00840499252081" lon="108.45401393249631">
        <ele>1594.58</ele>
      </trkpt>
      <trkpt lat="12.008286975324154" lon="108.45399993471801">
        <ele>1592.74</ele>
      </trkpt>
      <trkpt lat="12.008100980892777" lon="108.45398099161685">
        <ele>1590.85</ele>
      </trkpt>
      <trkpt lat="12.008055970072746" lon="108.45397495664656">
        <ele>1589.26</ele>
      </trkpt>
      <trkpt lat="12.008014982566237" lon="108.45397193916142">
        <ele>1587.75</ele>
      </trkpt>
      <trkpt lat="12.008004924282432" lon="108.45397495664656">
        <ele>1586.36</ele>
      </trkpt>
      <trkpt lat="12.007863940671086" lon="108.45397093333304">
        <ele>1584.89</ele>
      </trkpt>
      <trkpt lat="12.007703930139542" lon="108.45395794138312">
        <ele>1583.58</ele>
      </trkpt>
      <trkpt lat="12.007605945691466" lon="108.45390597358346">
        <ele>1582.41</ele>
      </trkpt>
      <trkpt lat="12.007587924599648" lon="108.4538899641484">
        <ele>1581.4</ele>
      </trkpt>
      <trkpt lat="12.007476696744561" lon="108.45377320423722">
        <ele>1580.44</ele>
      </trkpt>
      <trkpt lat="12.007364965975285" lon="108.45365594141185">
        <ele>1579.59</ele>
      </trkpt>
      <trkpt lat="12.007220964878798" lon="108.45348394475877">
        <ele>1578.86</ele>
      </trkpt>
      <trkpt lat="12.007102947682142" lon="108.45340599305928">
        <ele>1578.22</ele>
      </trkpt>
      <trkpt lat="12.006814945489168" lon="108.453288981691">
        <ele>1577.69</ele>
      </trkpt>
      <trkpt lat="12.006614953279495" lon="108.45322293229401">
        <ele>1577.24</ele>
      </trkpt>
      <trkpt lat="12.006536917760968" lon="108.45318898558617">
        <ele>1576.83</ele>
      </trkpt>
      <trkpt lat="12.006315970793366" lon="108.45311095006764">
        <ele>1576.6</ele>
      </trkpt>
      <trkpt lat="12.006251933053136" lon="108.4530939348042">
        <ele>1576.32</ele>
      </trkpt>
      <trkpt lat="12.006243970245123" lon="108.45308697782457">
        <ele>1576.05</ele>
      </trkpt>
      <trkpt lat="12.006235923618078" lon="108.45308194868267">
        <ele>1575.8</ele>
      </trkpt>
      <trkpt lat="12.006236929446459" lon="108.45309292897582">
        <ele>1575.56</ele>
      </trkpt>
      <trkpt lat="12.006204994395375" lon="108.45308898948133">
        <ele>1575.32</ele>
      </trkpt>
      <trkpt lat="12.006082953885198" lon="108.4530579764396">
        <ele>1575.07</ele>
      </trkpt>
      <trkpt lat="12.005924955010414" lon="108.4530249517411">
        <ele>1574.82</ele>
      </trkpt>
      <trkpt lat="12.005819929763675" lon="108.45298295840621">
        <ele>1574.55</ele>
      </trkpt>
      <trkpt lat="12.005761926993728" lon="108.45294993370771">
        <ele>1574.23</ele>
      </trkpt>
      <trkpt lat="12.00566092506051" lon="108.45290198922157">
        <ele>1573.89</ele>
      </trkpt>
      <trkpt lat="12.00544198974967" lon="108.45277491956949">
        <ele>1573.59</ele>
      </trkpt>
      <trkpt lat="12.005312405526638" lon="108.4526792820543">
        <ele>1573.08</ele>
      </trkpt>
      <trkpt lat="12.005181983113289" lon="108.45258297398686">
        <ele>1572.5</ele>
      </trkpt>
      <trkpt lat="12.00500713661313" lon="108.45248733647168">
        <ele>1571.87</ele>
      </trkpt>
      <trkpt lat="12.004830949008465" lon="108.4523909445852">
        <ele>1571.17</ele>
      </trkpt>
      <trkpt lat="12.004681918770075" lon="108.45233897678554">
        <ele>1570.47</ele>
      </trkpt>
      <trkpt lat="12.004441944882274" lon="108.45228793099523">
        <ele>1569.66</ele>
      </trkpt>
      <trkpt lat="12.004277324303985" lon="108.45224861986935">
        <ele>1568.91</ele>
      </trkpt>
      <trkpt lat="12.00411094352603" lon="108.45220897346735">
        <ele>1568.11</ele>
      </trkpt>
      <trkpt lat="12.003956967964768" lon="108.45212892629206">
        <ele>1567.43</ele>
      </trkpt>
      <trkpt lat="12.003763932734728" lon="108.45196195878088">
        <ele>1566.82</ele>
      </trkpt>
      <trkpt lat="12.003710959106684" lon="108.45189498737454">
        <ele>1566.39</ele>
      </trkpt>
      <trkpt lat="12.003517923876643" lon="108.45164495520294">
        <ele>1566.18</ele>
      </trkpt>
      <trkpt lat="12.003440978005528" lon="108.45151394605637">
        <ele>1565.85</ele>
      </trkpt>
      <trkpt lat="12.003415999934077" lon="108.45146298408508">
        <ele>1565.56</ele>
      </trkpt>
      <trkpt lat="12.003349950537086" lon="108.45132593996823">
        <ele>1565.33</ele>
      </trkpt>
      <trkpt lat="12.003262946382165" lon="108.45114899799228">
        <ele>1565.11</ele>
      </trkpt>
      <trkpt lat="12.003151969984174" lon="108.4510079305619">
        <ele>1564.99</ele>
      </trkpt>
      <trkpt lat="12.003117939457297" lon="108.45097599551082">
        <ele>1564.93</ele>
      </trkpt>
      <trkpt lat="12.003066977486014" lon="108.45093693584204">
        <ele>1564.96</ele>
      </trkpt>
      <trkpt lat="12.002981984987855" lon="108.45089795999229">
        <ele>1565.07</ele>
      </trkpt>
      <trkpt lat="12.00292699970305" lon="108.45087993890047">
        <ele>1565.24</ele>
      </trkpt>
      <trkpt lat="12.002769922837615" lon="108.4508419688791">
        <ele>1565.44</ele>
      </trkpt>
      <trkpt lat="12.002729941159487" lon="108.4508369397372">
        <ele>1565.71</ele>
      </trkpt>
      <trkpt lat="12.002630950883031" lon="108.45082394778728">
        <ele>1566.04</ele>
      </trkpt>
      <trkpt lat="12.002444956451654" lon="108.45080299302936">
        <ele>1566.49</ele>
      </trkpt>
      <trkpt lat="12.002187967300415" lon="108.45078798942268">
        <ele>1567.02</ele>
      </trkpt>
      <trkpt lat="12.002144968137145" lon="108.45078899525106">
        <ele>1567.51</ele>
      </trkpt>
      <trkpt lat="12.002104986459017" lon="108.45079796388745">
        <ele>1568.04</ele>
      </trkpt>
      <trkpt lat="12.001903988420963" lon="108.45085797831416">
        <ele>1568.67</ele>
      </trkpt>
      <trkpt lat="12.001732997596264" lon="108.4508699644357">
        <ele>1569.31</ele>
      </trkpt>
      <trkpt lat="12.001548931002617" lon="108.45079092308879">
        <ele>1569.97</ele>
      </trkpt>
      <trkpt lat="12.001472990959883" lon="108.45069696195424">
        <ele>1570.51</ele>
      </trkpt>
      <trkpt lat="12.00142596848309" lon="108.4506299905479">
        <ele>1571.05</ele>
      </trkpt>
      <trkpt lat="12.00136293657124" lon="108.45055597834289">
        <ele>1571.58</ele>
      </trkpt>
      <trkpt lat="12.001181971281767" lon="108.450439972803">
        <ele>1572.09</ele>
      </trkpt>
      <trkpt lat="12.001012992113829" lon="108.45033997669816">
        <ele>1572.6</ele>
      </trkpt>
      <trkpt lat="12.000935962423682" lon="108.45023998059332">
        <ele>1573.12</ele>
      </trkpt>
      <trkpt lat="12.000876953825355" lon="108.45012992620468">
        <ele>1573.58</ele>
      </trkpt>
      <trkpt lat="12.000795481726527" lon="108.44997100532055">
        <ele>1574.02</ele>
      </trkpt>
      <trkpt lat="12.000713925808668" lon="108.44981191679835">
        <ele>1574.47</ele>
      </trkpt>
      <trkpt lat="12.000681990757585" lon="108.44974796287715">
        <ele>1574.88</ele>
      </trkpt>
      <trkpt lat="12.000615941360593" lon="108.44965199008584">
        <ele>1575.28</ele>
      </trkpt>
      <trkpt lat="12.00047898106277" lon="108.44949591904879">
        <ele>1575.71</ele>
      </trkpt>
      <trkpt lat="12.000299943611026" lon="108.44937396235764">
        <ele>1576.08</ele>
      </trkpt>
      <trkpt lat="12.00026297941804" lon="108.44935493543744">
        <ele>1576.29</ele>
      </trkpt>
      <trkpt lat="12.000084947794676" lon="108.44927094876766">
        <ele>1576.39</ele>
      </trkpt>
      <trkpt lat="12.000013953074813" lon="108.44924395903945">
        <ele>1576.43</ele>
      </trkpt>
      <trkpt lat="11.999845979735255" lon="108.44912099651992">
        <ele>1576.42</ele>
      </trkpt>
      <trkpt lat="11.999722933396697" lon="108.4489079285413">
        <ele>1576.41</ele>
      </trkpt>
      <trkpt lat="11.999662918969989" lon="108.44874498434365">
        <ele>1576.24</ele>
      </trkpt>
      <trkpt lat="11.99964297004044" lon="108.44856896437705">
        <ele>1575.98</ele>
      </trkpt>
      <trkpt lat="11.999645987525582" lon="108.44852395355701">
        <ele>1575.56</ele>
      </trkpt>
      <trkpt lat="11.999649927020073" lon="108.4484829660505">
        <ele>1575.06</ele>
      </trkpt>
      <trkpt lat="11.999671971425414" lon="108.4483349416405">
        <ele>1574.48</ele>
      </trkpt>
      <trkpt lat="11.999713964760303" lon="108.44807996414602">
        <ele>1573.73</ele>
      </trkpt>
      <trkpt lat="11.99968596920371" lon="108.44791199080646">
        <ele>1572.93</ele>
      </trkpt>
      <trkpt lat="11.999656967818737" lon="108.44786396250129">
        <ele>1572.09</ele>
      </trkpt>
      <trkpt lat="11.999558983370662" lon="108.44773597083986">
        <ele>1571.12</ele>
      </trkpt>
      <trkpt lat="11.999441972002387" lon="108.4476039558649">
        <ele>1570.2</ele>
      </trkpt>
      <trkpt lat="11.999299982562661" lon="108.44748493283987">
        <ele>1569.22</ele>
      </trkpt>
      <trkpt lat="11.999152041971684" lon="108.44740178436041">
        <ele>1568.1</ele>
      </trkpt>
      <trkpt lat="11.999002927914262" lon="108.4473179653287">
        <ele>1566.99</ele>
      </trkpt>
      <trkpt lat="11.998818274587393" lon="108.44722735695541">
        <ele>1565.91</ele>
      </trkpt>
      <trkpt lat="11.99863194487989" lon="108.44713599421084">
        <ele>1564.87</ele>
      </trkpt>
      <trkpt lat="11.998535972088575" lon="108.44710799865425">
        <ele>1563.94</ele>
      </trkpt>
      <trkpt lat="11.998372860252857" lon="108.44708511605859">
        <ele>1563.03</ele>
      </trkpt>
      <trkpt lat="11.998207988217473" lon="108.44706198200583">
        <ele>1562.21</ele>
      </trkpt>
      <trkpt lat="11.998019982129335" lon="108.44700699672103">
        <ele>1561.52</ele>
      </trkpt>
      <trkpt lat="11.997852930799127" lon="108.44695092178881">
        <ele>1560.9</ele>
      </trkpt>
      <trkpt lat="11.99777196161449" lon="108.4469339903444">
        <ele>1560.38</ele>
      </trkpt>
      <trkpt lat="11.997553948312998" lon="108.44688495621085">
        <ele>1559.96</ele>
      </trkpt>
      <trkpt lat="11.997432997450233" lon="108.44685092568398">
        <ele>1559.67</ele>
      </trkpt>
      <trkpt lat="11.997277932241559" lon="108.4468049928546">
        <ele>1559.49</ele>
      </trkpt>
      <trkpt lat="11.996974926441908" lon="108.44678496010602">
        <ele>1559.43</ele>
      </trkpt>
      <trkpt lat="11.99678155593574" lon="108.44678747467697">
        <ele>1559.36</ele>
      </trkpt>
      <trkpt lat="11.996585922315717" lon="108.44678998924792">
        <ele>1559.38</ele>
      </trkpt>
      <trkpt lat="11.996430940926075" lon="108.44676492735744">
        <ele>1559.46</ele>
      </trkpt>
      <trkpt lat="11.996258944272995" lon="108.44673793762922">
        <ele>1559.59</ele>
      </trkpt>
      <trkpt lat="11.996103711426258" lon="108.44669762067497">
        <ele>1559.82</ele>
      </trkpt>
      <trkpt lat="11.99594696983695" lon="108.44665696844459">
        <ele>1560.13</ele>
      </trkpt>
      <trkpt lat="11.995823923498392" lon="108.44661598093808">
        <ele>1560.49</ele>
      </trkpt>
      <trkpt lat="11.995741948485374" lon="108.44660491682589">
        <ele>1560.91</ele>
      </trkpt>
      <trkpt lat="11.995524941012263" lon="108.44662293791771">
        <ele>1561.46</ele>
      </trkpt>
      <trkpt lat="11.995446989312768" lon="108.44662193208933">
        <ele>1561.97</ele>
      </trkpt>
      <trkpt lat="11.995404995977879" lon="108.44661799259484">
        <ele>1562.5</ele>
      </trkpt>
      <trkpt lat="11.995311956852674" lon="108.44662092626095">
        <ele>1563.09</ele>
      </trkpt>
      <trkpt lat="11.995205925777555" lon="108.44659192487597">
        <ele>1563.68</ele>
      </trkpt>
      <trkpt lat="11.995028983801603" lon="108.44649796374142">
        <ele>1564.28</ele>
      </trkpt>
      <trkpt lat="11.99487492442131" lon="108.44641196541488">
        <ele>1564.83</ele>
      </trkpt>
      <trkpt lat="11.994724972173572" lon="108.44629696570337">
        <ele>1565.27</ele>
      </trkpt>
      <trkpt lat="11.994617935270071" lon="108.44621398486197">
        <ele>1565.67</ele>
      </trkpt>
      <trkpt lat="11.99448793195188" lon="108.44608993269503">
        <ele>1566.02</ele>
      </trkpt>
      <trkpt lat="11.994434958323836" lon="108.44602094963193">
        <ele>1566.44</ele>
      </trkpt>
      <trkpt lat="11.994389947503805" lon="108.4459669701755">
        <ele>1566.8</ele>
      </trkpt>
      <trkpt lat="11.994246952235699" lon="108.44584392383695">
        <ele>1567.16</ele>
      </trkpt>
      <trkpt lat="11.99422993697226" lon="108.44582498073578">
        <ele>1567.42</ele>
      </trkpt>
      <trkpt lat="11.994131952524185" lon="108.44573395326734">
        <ele>1567.67</ele>
      </trkpt>
      <trkpt lat="11.99401494115591" lon="108.4456429257989">
        <ele>1567.86</ele>
      </trkpt>
      <trkpt lat="11.993988957256079" lon="108.44560897909105">
        <ele>1567.91</ele>
      </trkpt>
      <trkpt lat="11.99392894282937" lon="108.44556195661426">
        <ele>1567.91</ele>
      </trkpt>
      <trkpt lat="11.993724927306175" lon="108.4454989247024">
        <ele>1567.82</ele>
      </trkpt>
      <trkpt lat="11.993525940924883" lon="108.44550495967269">
        <ele>1567.64</ele>
      </trkpt>
      <trkpt lat="11.993265934288502" lon="108.4455129224807">
        <ele>1567.23</ele>
      </trkpt>
      <trkpt lat="11.993038700893521" lon="108.44550848007202">
        <ele>1566.73</ele>
      </trkpt>
      <trkpt lat="11.99280895292759" lon="108.44550395384431">
        <ele>1566.22</ele>
      </trkpt>
      <trkpt lat="11.992539977654815" lon="108.44539792276919">
        <ele>1565.64</ele>
      </trkpt>
      <trkpt lat="11.992477951571345" lon="108.4453699272126">
        <ele>1565.24</ele>
      </trkpt>
      <trkpt lat="11.992344930768013" lon="108.44534494914114">
        <ele>1564.78</ele>
      </trkpt>
      <trkpt lat="11.992179891094565" lon="108.4453424345702">
        <ele>1564.34</ele>
      </trkpt>
      <trkpt lat="11.992012923583388" lon="108.44533991999924">
        <ele>1563.94</ele>
      </trkpt>
      <trkpt lat="11.99188593775034" lon="108.44533799216151">
        <ele>1563.58</ele>
      </trkpt>
      <trkpt lat="11.991754928603768" lon="108.44535299576819">
        <ele>1563.23</ele>
      </trkpt>
      <trkpt lat="11.991684939712286" lon="108.4453559294343">
        <ele>1562.93</ele>
      </trkpt>
      <trkpt lat="11.99154295027256" lon="108.44534293748438">
        <ele>1562.6</ele>
      </trkpt>
      <trkpt lat="11.991409929469228" lon="108.4453059732914">
        <ele>1562.28</ele>
      </trkpt>
      <trkpt lat="11.99135192669928" lon="108.4452779777348">
        <ele>1561.96</ele>
      </trkpt>
      <trkpt lat="11.991171967238188" lon="108.44522098079324">
        <ele>1561.65</ele>
      </trkpt>
      <trkpt lat="11.9910469930619" lon="108.44522492028773">
        <ele>1561.32</ele>
      </trkpt>
      <trkpt lat="11.99085395783186" lon="108.44521393999457">
        <ele>1561.05</ele>
      </trkpt>
      <trkpt lat="11.990820933133364" lon="108.44521997496486">
        <ele>1560.62</ele>
      </trkpt>
      <trkpt lat="11.990644996985793" lon="108.44529893249273">
        <ele>1560.28</ele>
      </trkpt>
      <trkpt lat="11.990549946203828" lon="108.44537797383964">
        <ele>1559.74</ele>
      </trkpt>
      <trkpt lat="11.99052999727428" lon="108.44539892859757">
        <ele>1559.07</ele>
      </trkpt>
      <trkpt lat="11.990512982010841" lon="108.44541795551777">
        <ele>1558.29</ele>
      </trkpt>
      <trkpt lat="11.990401921793818" lon="108.44556899741292">
        <ele>1557.43</ele>
      </trkpt>
      <trkpt lat="11.990268984809518" lon="108.44581592828035">
        <ele>1556.27</ele>
      </trkpt>
      <trkpt lat="11.990157924592495" lon="108.44600393436849">
        <ele>1555.11</ele>
      </trkpt>
      <trkpt lat="11.990063963457942" lon="108.44611097127199">
        <ele>1553.89</ele>
      </trkpt>
      <trkpt lat="11.989893894642591" lon="108.4462745860219">
        <ele>1552.57</ele>
      </trkpt>
      <trkpt lat="11.989722987636924" lon="108.4464389551431">
        <ele>1551.17</ele>
      </trkpt>
      <trkpt lat="11.989538418129086" lon="108.4466009773314">
        <ele>1549.72</ele>
      </trkpt>
      <trkpt lat="11.9893529266119" lon="108.44676392152905">
        <ele>1548.33</ele>
      </trkpt>
      <trkpt lat="11.989227952435613" lon="108.44687095843256">
        <ele>1546.94</ele>
      </trkpt>
      <trkpt lat="11.98915695771575" lon="108.44691596925259">
        <ele>1545.6</ele>
      </trkpt>
      <trkpt lat="11.98900792747736" lon="108.44700096175075">
        <ele>1544.14</ele>
      </trkpt>
      <trkpt lat="11.988933999091387" lon="108.44704396091402">
        <ele>1542.72</ele>
      </trkpt>
      <trkpt lat="11.988718919456005" lon="108.44717597588897">
        <ele>1541.12</ele>
      </trkpt>
      <trkpt lat="11.988499984145164" lon="108.4472899697721">
        <ele>1539.7</ele>
      </trkpt>
      <trkpt lat="11.988264955580235" lon="108.44739591702819">
        <ele>1538.49</ele>
      </trkpt>
      <trkpt lat="11.988108968362212" lon="108.44743497669697">
        <ele>1537.47</ele>
      </trkpt>
      <trkpt lat="11.987945940345526" lon="108.4474469628185">
        <ele>1536.6</ele>
      </trkpt>
      <trkpt lat="11.987725999206305" lon="108.44734797254205">
        <ele>1535.75</ele>
      </trkpt>
      <trkpt lat="11.987579986453056" lon="108.44730799086392">
        <ele>1535.0</ele>
      </trkpt>
      <trkpt lat="11.987348981201649" lon="108.4472569450736">
        <ele>1534.41</ele>
      </trkpt>
      <trkpt lat="11.987219983711839" lon="108.44720799475908">
        <ele>1533.75</ele>
      </trkpt>
      <trkpt lat="11.987059973180294" lon="108.44710296951234">
        <ele>1533.06</ele>
      </trkpt>
      <trkpt lat="11.986903985962272" lon="108.44698998145759">
        <ele>1532.42</ele>
      </trkpt>
      <trkpt lat="11.9867729768157" lon="108.44687992706895">
        <ele>1531.77</ele>
      </trkpt>
      <trkpt lat="11.986581953242421" lon="108.44678496010602">
        <ele>1531.21</ele>
      </trkpt>
      <trkpt lat="11.986576924100518" lon="108.44678395427763">
        <ele>1530.65</ele>
      </trkpt>
      <trkpt lat="11.986564937978983" lon="108.446776997298">
        <ele>1530.07</ele>
      </trkpt>
      <trkpt lat="11.986477933824062" lon="108.44673994928598">
        <ele>1529.47</ele>
      </trkpt>
      <trkpt lat="11.986373998224735" lon="108.44670097343624">
        <ele>1528.85</ele>
      </trkpt>
      <trkpt lat="11.986215999349952" lon="108.44664799980819">
        <ele>1528.17</ele>
      </trkpt>
      <trkpt lat="11.98617098852992" lon="108.44664297066629">
        <ele>1527.49</ele>
      </trkpt>
      <trkpt lat="11.986158918589354" lon="108.44663894735277">
        <ele>1526.77</ele>
      </trkpt>
      <trkpt lat="11.986145926639438" lon="108.44663391821086">
        <ele>1525.99</ele>
      </trkpt>
      <trkpt lat="11.986133940517902" lon="108.44662997871637">
        <ele>1525.17</ele>
      </trkpt>
      <trkpt lat="11.986108962446451" lon="108.44662092626095">
        <ele>1524.27</ele>
      </trkpt>
      <trkpt lat="11.98604098521173" lon="108.44659192487597">
        <ele>1523.3</ele>
      </trkpt>
      <trkpt lat="11.985909976065159" lon="108.44651397317648">
        <ele>1522.12</ele>
      </trkpt>
      <trkpt lat="11.985754994675517" lon="108.44642696902156">
        <ele>1520.87</ele>
      </trkpt>
      <trkpt lat="11.985594984143972" lon="108.44636695459485">
        <ele>1519.57</ele>
      </trkpt>
      <trkpt lat="11.98535593226552" lon="108.4463319182396">
        <ele>1518.27</ele>
      </trkpt>
      <trkpt lat="11.985115958377719" lon="108.44630199484527">
        <ele>1517.21</ele>
      </trkpt>
      <trkpt lat="11.985051920637488" lon="108.44629394821823">
        <ele>1516.12</ele>
      </trkpt>
      <trkpt lat="11.984851928427815" lon="108.446303922683">
        <ele>1515.05</ele>
      </trkpt>
      <trkpt lat="11.984807923436165" lon="108.44629897736013">
        <ele>1513.89</ele>
      </trkpt>
      <trkpt lat="11.9846679456532" lon="108.44628497958183">
        <ele>1512.68</ele>
      </trkpt>
      <trkpt lat="11.984371980652213" lon="108.44624198041856">
        <ele>1511.42</ele>
      </trkpt>
      <trkpt lat="11.984269972890615" lon="108.44623594544828">
        <ele>1510.28</ele>
      </trkpt>
      <trkpt lat="11.98415195569396" lon="108.44623192213476">
        <ele>1509.16</ele>
      </trkpt>
      <trkpt lat="11.984085990116" lon="108.44623695127666">
        <ele>1508.05</ele>
      </trkpt>
      <trkpt lat="11.98393695987761" lon="108.44622898846865">
        <ele>1506.91</ele>
      </trkpt>
      <trkpt lat="11.98380695655942" lon="108.44621792435646">
        <ele>1505.8</ele>
      </trkpt>
      <trkpt lat="11.983630433678627" lon="108.44620208255947">
        <ele>1504.77</ele>
      </trkpt>
      <trkpt lat="11.983451982960105" lon="108.44618598930538">
        <ele>1503.81</ele>
      </trkpt>
      <trkpt lat="11.983190970495343" lon="108.4461709856987">
        <ele>1502.89</ele>
      </trkpt>
      <trkpt lat="11.983066918328404" lon="108.44616997987032">
        <ele>1501.82</ele>
      </trkpt>
      <trkpt lat="11.982833985239267" lon="108.44616997987032">
        <ele>1500.72</ele>
      </trkpt>
      <trkpt lat="11.982779921963811" lon="108.4461569879204">
        <ele>1499.75</ele>
      </trkpt>
      <trkpt lat="11.982682943344116" lon="108.44612597487867">
        <ele>1498.75</ele>
      </trkpt>
      <trkpt lat="11.982511952519417" lon="108.4460779465735">
        <ele>1497.72</ele>
      </trkpt>
      <trkpt lat="11.982396952807903" lon="108.44610694795847">
        <ele>1496.98</ele>
      </trkpt>
      <trkpt lat="11.982363928109407" lon="108.44611993990839">
        <ele>1496.39</ele>
      </trkpt>
      <trkpt lat="11.982275918126106" lon="108.4461429901421">
        <ele>1495.9</ele>
      </trkpt>
      <trkpt lat="11.98221699334681" lon="108.44614793546498">
        <ele>1495.5</ele>
      </trkpt>
      <trkpt lat="11.98202496394515" lon="108.44612295739353">
        <ele>1495.07</ele>
      </trkpt>
      <trkpt lat="11.981793958693743" lon="108.44611692242324">
        <ele>1494.88</ele>
      </trkpt>
      <trkpt lat="11.981589943170547" lon="108.4461659565568">
        <ele>1494.76</ele>
      </trkpt>
      <trkpt lat="11.981419958174229" lon="108.44633292406797">
        <ele>1494.79</ele>
      </trkpt>
      <trkpt lat="11.981382993981242" lon="108.44643794931471">
        <ele>1495.02</ele>
      </trkpt>
      <trkpt lat="11.981374947354198" lon="108.4464939404279">
        <ele>1495.4</ele>
      </trkpt>
      <trkpt lat="11.98137796483934" lon="108.44654498621821">
        <ele>1495.91</ele>
      </trkpt>
      <trkpt lat="11.981390956789255" lon="108.44662595540285">
        <ele>1496.55</ele>
      </trkpt>
      <trkpt lat="11.98139799758792" lon="108.44665898010135">
        <ele>1497.3</ele>
      </trkpt>
      <trkpt lat="11.981405960395932" lon="108.44668999314308">
        <ele>1498.17</ele>
      </trkpt>
      <trkpt lat="11.98144099675119" lon="108.44679895788431">
        <ele>1499.23</ele>
      </trkpt>
      <trkpt lat="11.981459939852357" lon="108.44685696065426">
        <ele>1500.29</ele>
      </trkpt>
      <trkpt lat="11.981528922915459" lon="108.44706592150033">
        <ele>1501.55</ele>
      </trkpt>
      <trkpt lat="11.981627997010946" lon="108.44729298725724">
        <ele>1502.88</ele>
      </trkpt>
      <trkpt lat="11.981773925945163" lon="108.44748795032501">
        <ele>1504.3</ele>
      </trkpt>
      <trkpt lat="11.981862941756845" lon="108.44767193309963">
        <ele>1505.44</ele>
      </trkpt>
      <trkpt lat="11.981952963396907" lon="108.44780394807458">
        <ele>1506.53</ele>
      </trkpt>
      <trkpt lat="11.982071986421943" lon="108.447857927531">
        <ele>1507.65</ele>
      </trkpt>
      <trkpt lat="11.9821519497782" lon="108.4478959813714">
        <ele>1508.63</ele>
      </trkpt>
      <trkpt lat="11.982205929234624" lon="108.44791492447257">
        <ele>1509.54</ele>
      </trkpt>
      <trkpt lat="11.982235936447978" lon="108.44794694334269">
        <ele>1510.36</ele>
      </trkpt>
      <trkpt lat="11.98223895393312" lon="108.44800595194101">
        <ele>1511.06</ele>
      </trkpt>
      <trkpt lat="11.98217491619289" lon="108.44812296330929">
        <ele>1511.68</ele>
      </trkpt>
      <trkpt lat="11.982140969485044" lon="108.44816294498742">
        <ele>1512.24</ele>
      </trkpt>
      <trkpt lat="11.981941983103752" lon="108.44836796633899">
        <ele>1512.59</ele>
      </trkpt>
      <trkpt lat="11.981759928166866" lon="108.44853292219341">
        <ele>1512.9</ele>
      </trkpt>
      <trkpt lat="11.981689939275384" lon="108.4486079402268">
        <ele>1513.19</ele>
      </trkpt>
      <trkpt lat="11.981662949547172" lon="108.4486819524318">
        <ele>1513.5</ele>
      </trkpt>
      <trkpt lat="11.981664961203933" lon="108.4487149771303">
        <ele>1513.78</ele>
      </trkpt>
      <trkpt lat="11.981719946488738" lon="108.44883492216468">
        <ele>1514.1</ele>
      </trkpt>
      <trkpt lat="11.98174693621695" lon="108.44884799793363">
        <ele>1514.25</ele>
      </trkpt>
      <trkpt lat="11.981781972572207" lon="108.44885193742812">
        <ele>1514.33</ele>
      </trkpt>
      <trkpt lat="11.981843998655677" lon="108.44882193021476">
        <ele>1514.3</ele>
      </trkpt>
      <trkpt lat="11.981933936476707" lon="108.44878597185016">
        <ele>1514.15</ele>
      </trkpt>
      <trkpt lat="11.982031920924783" lon="108.44875797629356">
        <ele>1513.96</ele>
      </trkpt>
      <trkpt lat="11.98215396143496" lon="108.44874892383814">
        <ele>1513.71</ele>
      </trkpt>
      <trkpt lat="11.982247922569513" lon="108.44875797629356">
        <ele>1513.34</ele>
      </trkpt>
      <trkpt lat="11.982460990548134" lon="108.44883492216468">
        <ele>1512.95</ele>
      </trkpt>
      <trkpt lat="11.982499966397882" lon="108.4489269554615">
        <ele>1512.36</ele>
      </trkpt>
      <trkpt lat="11.982490997761488" lon="108.44899099320173">
        <ele>1511.68</ele>
      </trkpt>
      <trkpt lat="11.98247398249805" lon="108.44904396682978">
        <ele>1510.91</ele>
      </trkpt>
      <trkpt lat="11.982356971129775" lon="108.44916491769254">
        <ele>1509.92</ele>
      </trkpt>
      <trkpt lat="11.98221892118454" lon="108.44927698373795">
        <ele>1509.07</ele>
      </trkpt>
      <trkpt lat="11.98217692784965" lon="108.44929492101073">
        <ele>1508.21</ele>
      </trkpt>
      <trkpt lat="11.982018258422613" lon="108.44934571534395">
        <ele>1507.26</ele>
      </trkpt>
      <trkpt lat="11.981857996433973" lon="108.44939692877233">
        <ele>1506.27</ele>
      </trkpt>
      <trkpt lat="11.981796976178885" lon="108.44941897317767">
        <ele>1505.41</ele>
      </trkpt>
      <trkpt lat="11.981719946488738" lon="108.44945794902742">
        <ele>1504.59</ele>
      </trkpt>
      <trkpt lat="11.981621962040663" lon="108.44950597733259">
        <ele>1503.8</ele>
      </trkpt>
      <trkpt lat="11.98146496899426" lon="108.44957294873893">
        <ele>1503.12</ele>
      </trkpt>
      <trkpt lat="11.9812919665128" lon="108.44967696815729">
        <ele>1502.56</ele>
      </trkpt>
      <trkpt lat="11.981138996779919" lon="108.4497269243002">
        <ele>1502.09</ele>
      </trkpt>
      <trkpt lat="11.981052998453379" lon="108.449736982584">
        <ele>1501.7</ele>
      </trkpt>
      <trkpt lat="11.98097194544971" lon="108.449736982584">
        <ele>1501.39</ele>
      </trkpt>
      <trkpt lat="11.980831967666745" lon="108.4497269243002">
        <ele>1501.17</ele>
      </trkpt>
      <trkpt lat="11.980619989335537" lon="108.44969691708684">
        <ele>1501.03</ele>
      </trkpt>
      <trkpt lat="11.980378925800323" lon="108.44968996010721">
        <ele>1500.97</ele>
      </trkpt>
      <trkpt lat="11.98030499741435" lon="108.44969691708684">
        <ele>1501.13</ele>
      </trkpt>
      <trkpt lat="11.980252945795655" lon="108.44967395067215">
        <ele>1501.27</ele>
      </trkpt>
      <trkpt lat="11.980201983824372" lon="108.44964696094394">
        <ele>1501.46</ele>
      </trkpt>
      <trkpt lat="11.98017792776227" lon="108.4496249165386">
        <ele>1501.66</ele>
      </trkpt>
      <trkpt lat="11.980146998539567" lon="108.44960999675095">
        <ele>1501.91</ele>
      </trkpt>
      <trkpt lat="11.980096958577633" lon="108.44959197565913">
        <ele>1502.25</ele>
      </trkpt>
      <trkpt lat="11.979874921962619" lon="108.44954495318234">
        <ele>1502.87</ele>
      </trkpt>
      <trkpt lat="11.979863941669464" lon="108.44952592626214">
        <ele>1503.08</ele>
      </trkpt>
      <trkpt lat="11.979861930012703" lon="108.44950899481773">
        <ele>1503.3</ele>
      </trkpt>
      <trkpt lat="11.979871988296509" lon="108.44945694319904">
        <ele>1503.47</ele>
      </trkpt>
      <trkpt lat="11.97991699911654" lon="108.44934797845781">
        <ele>1503.6</ele>
      </trkpt>
      <trkpt lat="11.979911969974637" lon="108.44923599623144">
        <ele>1503.88</ele>
      </trkpt>
      <trkpt lat="11.979914987459779" lon="108.44910196959972">
        <ele>1504.25</ele>
      </trkpt>
      <trkpt lat="11.97991993278265" lon="108.44908193685114">
        <ele>1504.69</ele>
      </trkpt>
      <trkpt lat="11.97991599328816" lon="108.44907699152827">
        <ele>1505.18</ele>
      </trkpt>
      <trkpt lat="11.979913981631398" lon="108.44907296821475">
        <ele>1505.69</ele>
      </trkpt>
      <trkpt lat="11.97992093861103" lon="108.44903499819338">
        <ele>1506.27</ele>
      </trkpt>
      <trkpt lat="11.979909958317876" lon="108.44900893047452">
        <ele>1506.91</ele>
      </trkpt>
      <trkpt lat="11.979907946661115" lon="108.44900297932327">
        <ele>1507.56</ele>
      </trkpt>
      <trkpt lat="11.97987693361938" lon="108.44895293936133">
        <ele>1508.35</ele>
      </trkpt>
      <trkpt lat="11.97987299412489" lon="108.44894698821008">
        <ele>1509.08</ele>
      </trkpt>
      <trkpt lat="11.979861930012703" lon="108.44893299043179">
        <ele>1509.86</ele>
      </trkpt>
      <trkpt lat="11.979844998568296" lon="108.44891698099673">
        <ele>1510.72</ele>
      </trkpt>
      <trkpt lat="11.979825971648097" lon="108.44890692271292">
        <ele>1511.61</ele>
      </trkpt>
      <trkpt lat="11.97978699579835" lon="108.44887892715633">
        <ele>1512.59</ele>
      </trkpt>
      <trkpt lat="11.97976897470653" lon="108.44887599349022">
        <ele>1513.49</ele>
      </trkpt>
      <trkpt lat="11.979762939736247" lon="108.44887498766184">
        <ele>1514.39</ele>
      </trkpt>
      <trkpt lat="11.979739973321557" lon="108.44887398183346">
        <ele>1515.36</ele>
      </trkpt>
      <trkpt lat="11.979730920866132" lon="108.44886895269156">
        <ele>1516.31</ele>
      </trkpt>
      <trkpt lat="11.979714995250106" lon="108.44886492937803">
        <ele>1517.3</ele>
      </trkpt>
      <trkpt lat="11.97968096472323" lon="108.44884196296334">
        <ele>1518.35</ele>
      </trkpt>
      <trkpt lat="11.979658920317888" lon="108.4488249476999">
        <ele>1519.35</ele>
      </trkpt>
      <trkpt lat="11.979625979438424" lon="108.44880097545683">
        <ele>1520.37</ele>
      </trkpt>
      <trkpt lat="11.979585997760296" lon="108.44876895658672">
        <ele>1521.37</ele>
      </trkpt>
      <trkpt lat="11.979578956961632" lon="108.44876392744482">
        <ele>1522.25</ele>
      </trkpt>
      <trkpt lat="11.979565965011716" lon="108.44875395298004">
        <ele>1523.12</ele>
      </trkpt>
      <trkpt lat="11.979554984718561" lon="108.44874096103013">
        <ele>1523.97</ele>
      </trkpt>
      <trkpt lat="11.979536963626742" lon="108.44872796908021">
        <ele>1524.8</ele>
      </trkpt>
      <trkpt lat="11.979525983333588" lon="108.44869293272495">
        <ele>1525.58</ele>
      </trkpt>
      <trkpt lat="11.979505950585008" lon="108.44865596853197">
        <ele>1526.34</ele>
      </trkpt>
      <trkpt lat="11.979482984170318" lon="108.44862394966185">
        <ele>1527.05</ele>
      </trkpt>
      <trkpt lat="11.97946798056364" lon="108.4485989715904">
        <ele>1527.67</ele>
      </trkpt>
      <trkpt lat="11.979450965300202" lon="108.44858195632696">
        <ele>1528.22</ele>
      </trkpt>
      <trkpt lat="11.979390950873494" lon="108.44848397187889">
        <ele>1528.7</ele>
      </trkpt>
      <trkpt lat="11.979327918961644" lon="108.44835698604584">
        <ele>1529.08</ele>
      </trkpt>
      <trkpt lat="11.97929891757667" lon="108.44831298105419">
        <ele>1529.41</ele>
      </trkpt>
      <trkpt lat="11.97929497808218" lon="108.44830895774066">
        <ele>1529.64</ele>
      </trkpt>
      <trkpt lat="11.979270922020078" lon="108.44830895774066">
        <ele>1529.8</ele>
      </trkpt>
      <trkpt lat="11.979266982525587" lon="108.44830493442714">
        <ele>1529.9</ele>
      </trkpt>
      <trkpt lat="11.979237981140614" lon="108.44827593304217">
        <ele>1529.93</ele>
      </trkpt>
      <trkpt lat="11.979217948392034" lon="108.44824793748558">
        <ele>1529.93</ele>
      </trkpt>
      <trkpt lat="11.979213925078511" lon="108.44822991639376">
        <ele>1529.89</ele>
      </trkpt>
      <trkpt lat="11.979206968098879" lon="108.44821097329259">
        <ele>1529.83</ele>
      </trkpt>
      <trkpt lat="11.97920797392726" lon="108.44820896163583">
        <ele>1529.74</ele>
      </trkpt>
      <trkpt lat="11.979192970320582" lon="108.44818993471563">
        <ele>1529.6</ele>
      </trkpt>
      <trkpt lat="11.97918995283544" lon="108.44818691723049">
        <ele>1529.44</ele>
      </trkpt>
      <trkpt lat="11.979175955057144" lon="108.44817392528057">
        <ele>1529.25</ele>
      </trkpt>
      <trkpt lat="11.979168998077512" lon="108.44815297052264">
        <ele>1529.03</ele>
      </trkpt>
      <trkpt lat="11.979133961722255" lon="108.44812095165253">
        <ele>1528.8</ele>
      </trkpt>
      <trkpt lat="11.979124993085861" lon="108.44810896553099">
        <ele>1528.6</ele>
      </trkpt>
      <trkpt lat="11.979067996144295" lon="108.44809295609593">
        <ele>1528.39</ele>
      </trkpt>
      <trkpt lat="11.978957522660494" lon="108.44808692112565">
        <ele>1528.28</ele>
      </trkpt>
    </trkseg>
  </trk>
</gpx>
