<?xml version="1.0"?>
<gpx xmlns="http://www.topografix.com/GPX/1/1" xmlns:xsi="http://www.w3.org/2001/XMLSchema-instance" xmlns:wptx1="http://www.garmin.com/xmlschemas/WaypointExtension/v1" xmlns:gpxtrx="http://www.garmin.com/xmlschemas/GpxExtensions/v3" xmlns:gpxtpx="http://www.garmin.com/xmlschemas/TrackPointExtension/v1" xmlns:gpxx="http://www.garmin.com/xmlschemas/GpxExtensions/v3" xmlns:trp="http://www.garmin.com/xmlschemas/TripExtensions/v1" xmlns:adv="http://www.garmin.com/xmlschemas/AdventuresExtensions/v1" xmlns:prs="http://www.garmin.com/xmlschemas/PressureExtension/v1" xmlns:tmd="http://www.garmin.com/xmlschemas/TripMetaDataExtensions/v1" xmlns:vptm="http://www.garmin.com/xmlschemas/ViaPointTransportationModeExtensions/v1" xmlns:ctx="http://www.garmin.com/xmlschemas/CreationTimeExtension/v1" xmlns:gpxacc="http://www.garmin.com/xmlschemas/AccelerationExtension/v1" xmlns:gpxpx="http://www.garmin.com/xmlschemas/PowerExtension/v1" xmlns:vidx1="http://www.garmin.com/xmlschemas/VideoExtension/v1" creator="Garmin Desktop App" version="1.1" xsi:schemaLocation="http://www.topografix.com/GPX/1/1 http://www.topografix.com/GPX/1/1/gpx.xsd http://www.garmin.com/xmlschemas/WaypointExtension/v1 http://www8.garmin.com/xmlschemas/WaypointExtensionv1.xsd http://www.garmin.com/xmlschemas/TrackPointExtension/v1 http://www.garmin.com/xmlschemas/TrackPointExtensionv1.xsd http://www.garmin.com/xmlschemas/GpxExtensions/v3 http://www8.garmin.com/xmlschemas/GpxExtensionsv3.xsd http://www.garmin.com/xmlschemas/ActivityExtension/v1 http://www8.garmin.com/xmlschemas/ActivityExtensionv1.xsd http://www.garmin.com/xmlschemas/AdventuresExtensions/v1 http://www8.garmin.com/xmlschemas/AdventuresExtensionv1.xsd http://www.garmin.com/xmlschemas/PressureExtension/v1 http://www.garmin.com/xmlschemas/PressureExtensionv1.xsd http://www.garmin.com/xmlschemas/TripExtensions/v1 http://www.garmin.com/xmlschemas/TripExtensionsv1.xsd http://www.garmin.com/xmlschemas/TripMetaDataExtensions/v1 http://www.garmin.com/xmlschemas/TripMetaDataExtensionsv1.xsd http://www.garmin.com/xmlschemas/ViaPointTransportationModeExtensions/v1 http://www.garmin.com/xmlschemas/ViaPointTransportationModeExtensionsv1.xsd http://www.garmin.com/xmlschemas/CreationTimeExtension/v1 http://www.garmin.com/xmlschemas/CreationTimeExtensionsv1.xsd http://www.garmin.com/xmlschemas/AccelerationExtension/v1 http://www.garmin.com/xmlschemas/AccelerationExtensionv1.xsd http://www.garmin.com/xmlschemas/PowerExtension/v1 http://www.garmin.com/xmlschemas/PowerExtensionv1.xsd http://www.garmin.com/xmlschemas/VideoExtension/v1 http://www.garmin.com/xmlschemas/VideoExtensionv1.xsd">
  <metadata>
    <link href="http://www.garmin.com">
      <text>Garmin International</text>
    </link>
    <time>2026-03-19T14:57:58Z</time>
    <bounds maxlat="12.036468023434281" maxlon="108.46881402656436" minlat="11.977701997384429" minlon="108.442623009905219"/>
  </metadata>
  <wpt lat="12.020134376361966" lon="108.463511131703854">
    <time>2026-03-19T14:39:43Z</time>
    <name>Check point 1</name>
    <sym>Waypoint</sym>
    <type>user</type>
    <extensions>
      <gpxx:WaypointExtension>
        <gpxx:DisplayMode>SymbolAndName</gpxx:DisplayMode>
      </gpxx:WaypointExtension>
      <wptx1:WaypointExtension>
        <wptx1:DisplayMode>SymbolAndName</wptx1:DisplayMode>
      </wptx1:WaypointExtension>
      <ctx:CreationTimeExtension>
        <ctx:CreationTime>2026-03-19T14:39:43Z</ctx:CreationTime>
      </ctx:CreationTimeExtension>
    </extensions>
  </wpt>
  <wpt lat="12.017567167058587" lon="108.449733378365636">
    <time>2026-03-19T14:39:43Z</time>
    <name>Check point 10</name>
    <cmt>COT&lt;br&gt;21km - 10:30&lt;br&gt;50km - 18:00&lt;br&gt;70km - 20:00&lt;br&gt;100km - 20:00</cmt>
    <desc>COT&lt;br&gt;21km - 10:30&lt;br&gt;50km - 18:00&lt;br&gt;70km - 20:00&lt;br&gt;100km - 20:00</desc>
    <sym>Waypoint</sym>
    <type>user</type>
    <extensions>
      <gpxx:WaypointExtension>
        <gpxx:DisplayMode>SymbolAndName</gpxx:DisplayMode>
      </gpxx:WaypointExtension>
      <wptx1:WaypointExtension>
        <wptx1:DisplayMode>SymbolAndName</wptx1:DisplayMode>
      </wptx1:WaypointExtension>
      <ctx:CreationTimeExtension>
        <ctx:CreationTime>2026-03-19T14:39:43Z</ctx:CreationTime>
      </ctx:CreationTimeExtension>
    </extensions>
  </wpt>
  <wpt lat="11.979189030826092" lon="108.448029002174735">
    <ele>1524.099999999999909</ele>
    <time>2026-03-19T14:39:43Z</time>
    <name>Điểm cuối của DUT 2026 - 21km</name>
    <cmt>Độ cao: 1524 m</cmt>
    <desc>Độ cao: 1524 m</desc>
    <sym>Waypoint</sym>
    <type>user</type>
    <extensions>
      <gpxx:WaypointExtension>
        <gpxx:DisplayMode>SymbolAndName</gpxx:DisplayMode>
      </gpxx:WaypointExtension>
      <wptx1:WaypointExtension>
        <wptx1:DisplayMode>SymbolAndName</wptx1:DisplayMode>
      </wptx1:WaypointExtension>
      <ctx:CreationTimeExtension>
        <ctx:CreationTime>2026-03-19T14:39:43Z</ctx:CreationTime>
      </ctx:CreationTimeExtension>
    </extensions>
  </wpt>
  <wpt lat="11.977786989882588" lon="108.447826998308301">
    <ele>1528.200000000000045</ele>
    <time>2026-03-19T14:39:43Z</time>
    <name>Điểm xuất phát của DUT 2026 - 21km</name>
    <cmt>Độ cao: 1528 m</cmt>
    <desc>Độ cao: 1528 m</desc>
    <sym>Waypoint</sym>
    <type>user</type>
    <extensions>
      <gpxx:WaypointExtension>
        <gpxx:DisplayMode>SymbolAndName</gpxx:DisplayMode>
      </gpxx:WaypointExtension>
      <wptx1:WaypointExtension>
        <wptx1:DisplayMode>SymbolAndName</wptx1:DisplayMode>
      </wptx1:WaypointExtension>
      <ctx:CreationTimeExtension>
        <ctx:CreationTime>2026-03-19T14:39:43Z</ctx:CreationTime>
      </ctx:CreationTimeExtension>
    </extensions>
  </wpt>
  <trk>
    <name>DUT 2026 - 21km</name>
    <desc>Thống kê được tính từ dữ liệu đã nhập&lt;br&gt;&lt;br&gt;Khoảng cách: 21,2 km&lt;br&gt;Độ cao tối thiểu: 1458 m&lt;br&gt;Độ cao tối đa: 1789 m&lt;br&gt;Tổng độ cao lên dốc: 962 m&lt;br&gt;Tổng độ cao xuống dốc: 964 m</desc>
    <extensions>
      <gpxx:TrackExtension>
        <gpxx:DisplayColor>DarkGray</gpxx:DisplayColor>
      </gpxx:TrackExtension>
    </extensions>
    <trkseg>
      <trkpt lat="11.977786989882588" lon="108.447826998308301">
        <ele>1528.200000000000045</ele>
      </trkpt>
      <trkpt lat="11.977791013196111" lon="108.447851976379752">
        <ele>1517.200000000000045</ele>
      </trkpt>
      <trkpt lat="11.977791013196111" lon="108.44786798581481">
        <ele>1517.200000000000045</ele>
      </trkpt>
      <trkpt lat="11.977777015417814" lon="108.44795398414135">
        <ele>1517.200000000000045</ele>
      </trkpt>
      <trkpt lat="11.977787995710969" lon="108.448130004107952">
        <ele>1517</ele>
      </trkpt>
      <trkpt lat="11.977781960740685" lon="108.448182977735996">
        <ele>1517</ele>
      </trkpt>
      <trkpt lat="11.977778021246195" lon="108.448324967175722">
        <ele>1517</ele>
      </trkpt>
      <trkpt lat="11.977782966569066" lon="108.44876803457737">
        <ele>1517</ele>
      </trkpt>
      <trkpt lat="11.977784978225827" lon="108.448955034837127">
        <ele>1517.400000000000091</ele>
      </trkpt>
      <trkpt lat="11.977772992104292" lon="108.449129965156317">
        <ele>1517.599999999999909</ele>
      </trkpt>
      <trkpt lat="11.977764023467898" lon="108.449215963482857">
        <ele>1517.799999999999955</ele>
      </trkpt>
      <trkpt lat="11.977753965184093" lon="108.449300033971667">
        <ele>1518</ele>
      </trkpt>
      <trkpt lat="11.977744996547699" lon="108.449384020641446">
        <ele>1518.200000000000045</ele>
      </trkpt>
      <trkpt lat="11.977709038183093" lon="108.449827004224062">
        <ele>1518.799999999999955</ele>
      </trkpt>
      <trkpt lat="11.977707026526332" lon="108.449922977015376">
        <ele>1519</ele>
      </trkpt>
      <trkpt lat="11.977701997384429" lon="108.450107965618372">
        <ele>1519.200000000000045</ele>
      </trkpt>
      <trkpt lat="11.977707026526332" lon="108.450291026383638">
        <ele>1519.400000000000091</ele>
      </trkpt>
      <trkpt lat="11.977764023467898" lon="108.450735015794635">
        <ele>1519.400000000000091</ele>
      </trkpt>
      <trkpt lat="11.977781960740685" lon="108.450819002464414">
        <ele>1519.400000000000091</ele>
      </trkpt>
      <trkpt lat="11.977866031229496" lon="108.451164001598954">
        <ele>1518.400000000000091</ele>
      </trkpt>
      <trkpt lat="11.977888997644186" lon="108.451248994097114">
        <ele>1518.200000000000045</ele>
      </trkpt>
      <trkpt lat="11.977910036221147" lon="108.451332980766892">
        <ele>1518.200000000000045</ele>
      </trkpt>
      <trkpt lat="11.977931996807456" lon="108.451416967436671">
        <ele>1518</ele>
      </trkpt>
      <trkpt lat="11.977993017062545" lon="108.451664987951517">
        <ele>1517.599999999999909</ele>
      </trkpt>
      <trkpt lat="11.978012965992093" lon="108.451826004311442">
        <ele>1517.599999999999909</ele>
      </trkpt>
      <trkpt lat="11.978017995133996" lon="108.451904039829969">
        <ele>1517.799999999999955</ele>
      </trkpt>
      <trkpt lat="11.978020006790757" lon="108.451979979872704">
        <ele>1517.799999999999955</ele>
      </trkpt>
      <trkpt lat="11.978020006790757" lon="108.452053992077708">
        <ele>1517.799999999999955</ele>
      </trkpt>
      <trkpt lat="11.978022018447518" lon="108.452124986797571">
        <ele>1518</ele>
      </trkpt>
      <trkpt lat="11.97802403010428" lon="108.452182989567518">
        <ele>1518.599999999999909</ele>
      </trkpt>
      <trkpt lat="11.978026041761041" lon="108.452254990115762">
        <ele>1519.400000000000091</ele>
      </trkpt>
      <trkpt lat="11.97802796959877" lon="108.452339982613921">
        <ele>1519.799999999999955</ele>
      </trkpt>
      <trkpt lat="11.978029981255531" lon="108.452411983162165">
        <ele>1520.400000000000091</ele>
      </trkpt>
      <trkpt lat="11.97802796959877" lon="108.452485995367169">
        <ele>1520.599999999999909</ele>
      </trkpt>
      <trkpt lat="11.978026041761041" lon="108.452721023932099">
        <ele>1521.799999999999955</ele>
      </trkpt>
      <trkpt lat="11.978028975427151" lon="108.452935013920069">
        <ele>1522.799999999999955</ele>
      </trkpt>
      <trkpt lat="11.978028975427151" lon="108.452989999204874">
        <ele>1523.200000000000045</ele>
      </trkpt>
      <trkpt lat="11.978034004569054" lon="108.453036015853286">
        <ele>1523.599999999999909</ele>
      </trkpt>
      <trkpt lat="11.978039033710957" lon="108.453074991703033">
        <ele>1524</ele>
      </trkpt>
      <trkpt lat="11.97804800234735" lon="108.45310902222991">
        <ele>1524.200000000000045</ele>
      </trkpt>
      <trkpt lat="11.978064011782408" lon="108.453139029443264">
        <ele>1524.400000000000091</ele>
      </trkpt>
      <trkpt lat="11.978087984025478" lon="108.453155038878322">
        <ele>1524.599999999999909</ele>
      </trkpt>
      <trkpt lat="11.978116985410452" lon="108.453167024999857">
        <ele>1524.599999999999909</ele>
      </trkpt>
      <trkpt lat="11.978149004280567" lon="108.453176999464631">
        <ele>1524.799999999999955</ele>
      </trkpt>
      <trkpt lat="11.978190997615457" lon="108.453184962272644">
        <ele>1524.799999999999955</ele>
      </trkpt>
      <trkpt lat="11.978237014263868" lon="108.453192003071308">
        <ele>1525</ele>
      </trkpt>
      <trkpt lat="11.978280013427138" lon="108.45319602638483">
        <ele>1525.200000000000045</ele>
      </trkpt>
      <trkpt lat="11.978333992883563" lon="108.453204995021224">
        <ele>1525.200000000000045</ele>
      </trkpt>
      <trkpt lat="11.97839199565351" lon="108.453212035819888">
        <ele>1525.400000000000091</ele>
      </trkpt>
      <trkpt lat="11.978461984544992" lon="108.45321899279952">
        <ele>1525.599999999999909</ele>
      </trkpt>
      <trkpt lat="11.978526022285223" lon="108.453225027769804">
        <ele>1525.799999999999955</ele>
      </trkpt>
      <trkpt lat="11.978589976206422" lon="108.453230978921056">
        <ele>1526</ele>
      </trkpt>
      <trkpt lat="11.978644961491227" lon="108.4532390255481">
        <ele>1526.400000000000091</ele>
      </trkpt>
      <trkpt lat="11.978711010888219" lon="108.453256040811539">
        <ele>1527</ele>
      </trkpt>
      <trkpt lat="11.978790974244475" lon="108.453279007226229">
        <ele>1527.200000000000045</ele>
      </trkpt>
      <trkpt lat="11.978860041126609" lon="108.453284958377481">
        <ele>1527.599999999999909</ele>
      </trkpt>
      <trkpt lat="11.978925000876188" lon="108.453308008611202">
        <ele>1528</ele>
      </trkpt>
      <trkpt lat="11.978976968675852" lon="108.453322006389499">
        <ele>1528.400000000000091</ele>
      </trkpt>
      <trkpt lat="11.979038994759321" lon="108.453342039138079">
        <ele>1528.599999999999909</ele>
      </trkpt>
      <trkpt lat="11.979116024449468" lon="108.453366011381149">
        <ele>1529</ele>
      </trkpt>
      <trkpt lat="11.979181990027428" lon="108.453384032472968">
        <ele>1529</ele>
      </trkpt>
      <trkpt lat="11.979252984747291" lon="108.453406998887658">
        <ele>1529.200000000000045</ele>
      </trkpt>
      <trkpt lat="11.979306964203715" lon="108.453420996665955">
        <ele>1529.200000000000045</ele>
      </trkpt>
      <trkpt lat="11.979377958923578" lon="108.453438011929393">
        <ele>1529.400000000000091</ele>
      </trkpt>
      <trkpt lat="11.979448031634092" lon="108.453451003879309">
        <ele>1530</ele>
      </trkpt>
      <trkpt lat="11.979532018303871" lon="108.453465001657605">
        <ele>1530.200000000000045</ele>
      </trkpt>
      <trkpt lat="11.979604018852115" lon="108.453477993607521">
        <ele>1530.599999999999909</ele>
      </trkpt>
      <trkpt lat="11.979677025228739" lon="108.453492997214198">
        <ele>1531</ele>
      </trkpt>
      <trkpt lat="11.979738967493176" lon="108.453504983335733">
        <ele>1531.400000000000091</ele>
      </trkpt>
      <trkpt lat="11.979823037981987" lon="108.453515963628888">
        <ele>1532</ele>
      </trkpt>
      <trkpt lat="11.979929991066456" lon="108.453529039397836">
        <ele>1532.400000000000091</ele>
      </trkpt>
      <trkpt lat="11.980024036020041" lon="108.453542031347752">
        <ele>1532.799999999999955</ele>
      </trkpt>
      <trkpt lat="11.980116991326213" lon="108.453560974448919">
        <ele>1533</ele>
      </trkpt>
      <trkpt lat="11.980211958289146" lon="108.45358301885426">
        <ele>1533.400000000000091</ele>
      </trkpt>
      <trkpt lat="11.980306003242731" lon="108.45360598526895">
        <ele>1533.799999999999955</ele>
      </trkpt>
      <trkpt lat="11.980400970205665" lon="108.453629035502672">
        <ele>1534.400000000000091</ele>
      </trkpt>
      <trkpt lat="11.980495015159249" lon="108.45364898443222">
        <ele>1534.599999999999909</ele>
      </trkpt>
      <trkpt lat="11.980588976293802" lon="108.45366801135242">
        <ele>1535.200000000000045</ele>
      </trkpt>
      <trkpt lat="11.980678997933865" lon="108.45369198359549">
        <ele>1535.599999999999909</ele>
      </trkpt>
      <trkpt lat="11.980768013745546" lon="108.453718973323703">
        <ele>1536</ele>
      </trkpt>
      <trkpt lat="11.980856023728848" lon="108.45375400967896">
        <ele>1536.400000000000091</ele>
      </trkpt>
      <trkpt lat="11.980944033712149" lon="108.453789968043566">
        <ele>1536.599999999999909</ele>
      </trkpt>
      <trkpt lat="11.981030032038689" lon="108.4538209810853">
        <ele>1537.200000000000045</ele>
      </trkpt>
      <trkpt lat="11.981117036193609" lon="108.453854005783796">
        <ele>1537.599999999999909</ele>
      </trkpt>
      <trkpt lat="11.981187025085092" lon="108.453877978026867">
        <ele>1538.599999999999909</ele>
      </trkpt>
      <trkpt lat="11.981290960684419" lon="108.453915026038885">
        <ele>1538.799999999999955</ele>
      </trkpt>
      <trkpt lat="11.981375031173229" lon="108.453943021595478">
        <ele>1540</ele>
      </trkpt>
      <trkpt lat="11.981463963165879" lon="108.453966993838549">
        <ele>1540.799999999999955</ele>
      </trkpt>
      <trkpt lat="11.98154803365469" lon="108.454002030193806">
        <ele>1541.200000000000045</ele>
      </trkpt>
      <trkpt lat="11.981617016717792" lon="108.45403203740716">
        <ele>1542.200000000000045</ele>
      </trkpt>
      <trkpt lat="11.981698991730809" lon="108.454074030742049">
        <ele>1542.599999999999909</ele>
      </trkpt>
      <trkpt lat="11.981793036684394" lon="108.454130021855235">
        <ele>1543.799999999999955</ele>
      </trkpt>
      <trkpt lat="11.981875011697412" lon="108.454181989654899">
        <ele>1544.400000000000091</ele>
      </trkpt>
      <trkpt lat="11.98195899836719" lon="108.454230017960072">
        <ele>1545.400000000000091</ele>
      </trkpt>
      <trkpt lat="11.98204399086535" lon="108.454277040436864">
        <ele>1545.799999999999955</ele>
      </trkpt>
      <trkpt lat="11.982110040262341" lon="108.454315010458231">
        <ele>1546.400000000000091</ele>
      </trkpt>
      <trkpt lat="11.982190003618598" lon="108.454359015449882">
        <ele>1547</ele>
      </trkpt>
      <trkpt lat="11.98228295892477" lon="108.454409977421165">
        <ele>1547.200000000000045</ele>
      </trkpt>
      <trkpt lat="11.982355965301394" lon="108.454452976584435">
        <ele>1547.599999999999909</ele>
      </trkpt>
      <trkpt lat="11.982426038011909" lon="108.454496981576085">
        <ele>1548</ele>
      </trkpt>
      <trkpt lat="11.982480017468333" lon="108.454534029588103">
        <ele>1548.200000000000045</ele>
      </trkpt>
      <trkpt lat="11.982544977217913" lon="108.454583985731006">
        <ele>1548.400000000000091</ele>
      </trkpt>
      <trkpt lat="11.982600968331099" lon="108.454638971015811">
        <ele>1548.599999999999909</ele>
      </trkpt>
      <trkpt lat="11.982652014121413" lon="108.454718012362719">
        <ele>1549.200000000000045</ele>
      </trkpt>
      <trkpt lat="11.982681015506387" lon="108.454795964062214">
        <ele>1549.200000000000045</ele>
      </trkpt>
      <trkpt lat="11.982701970264316" lon="108.454863019287586">
        <ele>1549.400000000000091</ele>
      </trkpt>
      <trkpt lat="11.982728037983179" lon="108.454950023442507">
        <ele>1549.599999999999909</ele>
      </trkpt>
      <trkpt lat="11.982758967205882" lon="108.455059994012117">
        <ele>1549.599999999999909</ele>
      </trkpt>
      <trkpt lat="11.982781011611223" lon="108.455154960975051">
        <ele>1549.599999999999909</ele>
      </trkpt>
      <trkpt lat="11.982802972197533" lon="108.455251017585397">
        <ele>1550</ele>
      </trkpt>
      <trkpt lat="11.982821999117732" lon="108.455329975113273">
        <ele>1550</ele>
      </trkpt>
      <trkpt lat="11.982845971360803" lon="108.455424020066857">
        <ele>1550.200000000000045</ele>
      </trkpt>
      <trkpt lat="11.982870027422905" lon="108.455524016171694">
        <ele>1550.599999999999909</ele>
      </trkpt>
      <trkpt lat="11.982883019372821" lon="108.455583024770021">
        <ele>1550.799999999999955</ele>
      </trkpt>
      <trkpt lat="11.982890982180834" lon="108.45562401227653">
        <ele>1551.400000000000091</ele>
      </trkpt>
      <trkpt lat="11.982895005494356" lon="108.455641027539968">
        <ele>1551.599999999999909</ele>
      </trkpt>
      <trkpt lat="11.982899028807878" lon="108.455644967034459">
        <ele>1552.200000000000045</ele>
      </trkpt>
      <trkpt lat="11.982902968302369" lon="108.455651002004743">
        <ele>1552.400000000000091</ele>
      </trkpt>
      <trkpt lat="11.982906991615891" lon="108.455662988126278">
        <ele>1552.799999999999955</ele>
      </trkpt>
      <trkpt lat="11.982914032414556" lon="108.455677991732955">
        <ele>1553</ele>
      </trkpt>
      <trkpt lat="11.982927024364471" lon="108.455691989511251">
        <ele>1553.200000000000045</ele>
      </trkpt>
      <trkpt lat="11.982931969687343" lon="108.455699030309916">
        <ele>1553.400000000000091</ele>
      </trkpt>
      <trkpt lat="11.982938004657626" lon="108.455716967582703">
        <ele>1553.400000000000091</ele>
      </trkpt>
      <trkpt lat="11.982938004657626" lon="108.455733982846141">
        <ele>1554.200000000000045</ele>
      </trkpt>
      <trkpt lat="11.982934987172484" lon="108.455746974796057">
        <ele>1554.599999999999909</ele>
      </trkpt>
      <trkpt lat="11.982931969687343" lon="108.455766001716256">
        <ele>1555</ele>
      </trkpt>
      <trkpt lat="11.982931969687343" lon="108.455784022808075">
        <ele>1555.200000000000045</ele>
      </trkpt>
      <trkpt lat="11.982934987172484" lon="108.455813024193048">
        <ele>1555.599999999999909</ele>
      </trkpt>
      <trkpt lat="11.9829479791224" lon="108.455843031406403">
        <ele>1556.200000000000045</ele>
      </trkpt>
      <trkpt lat="11.982955019921064" lon="108.455867003649473">
        <ele>1556.200000000000045</ele>
      </trkpt>
      <trkpt lat="11.982964994385839" lon="108.455887958407402">
        <ele>1556.599999999999909</ele>
      </trkpt>
      <trkpt lat="11.982978992164135" lon="108.455900028347969">
        <ele>1556.599999999999909</ele>
      </trkpt>
      <trkpt lat="11.982997013255954" lon="108.455919977277517">
        <ele>1556.799999999999955</ele>
      </trkpt>
      <trkpt lat="11.98301101103425" lon="108.455943027511239">
        <ele>1556.799999999999955</ele>
      </trkpt>
      <trkpt lat="11.983024002984166" lon="108.455974962562323">
        <ele>1557.599999999999909</ele>
      </trkpt>
      <trkpt lat="11.98303397744894" lon="108.456002958118916">
        <ele>1557.599999999999909</ele>
      </trkpt>
      <trkpt lat="11.983045041561127" lon="108.45603103749454">
        <ele>1558</ele>
      </trkpt>
      <trkpt lat="11.983050992712379" lon="108.456048974767327">
        <ele>1558.400000000000091</ele>
      </trkpt>
      <trkpt lat="11.983057027682662" lon="108.456071019172668">
        <ele>1558.400000000000091</ele>
      </trkpt>
      <trkpt lat="11.983067002147436" lon="108.456099014729261">
        <ele>1558.799999999999955</ele>
      </trkpt>
      <trkpt lat="11.983072031289339" lon="108.45611996948719">
        <ele>1559</ele>
      </trkpt>
      <trkpt lat="11.983072031289339" lon="108.456144025549293">
        <ele>1559.400000000000091</ele>
      </trkpt>
      <trkpt lat="11.983062978833914" lon="108.45616003498435">
        <ele>1559.599999999999909</ele>
      </trkpt>
      <trkpt lat="11.98305300436914" lon="108.45618300139904">
        <ele>1559.799999999999955</ele>
      </trkpt>
      <trkpt lat="11.983045041561127" lon="108.456219965592027">
        <ele>1560</ele>
      </trkpt>
      <trkpt lat="11.983042024075985" lon="108.456252990290523">
        <ele>1560.200000000000045</ele>
      </trkpt>
      <trkpt lat="11.983043029904366" lon="108.456284003332257">
        <ele>1560.599999999999909</ele>
      </trkpt>
      <trkpt lat="11.983044035732746" lon="108.456305963918567">
        <ele>1560.599999999999909</ele>
      </trkpt>
      <trkpt lat="11.983045041561127" lon="108.45633203163743">
        <ele>1560.799999999999955</ele>
      </trkpt>
      <trkpt lat="11.983051998540759" lon="108.456351980566978">
        <ele>1561</ele>
      </trkpt>
      <trkpt lat="11.983057027682662" lon="108.456373019143939">
        <ele>1561.400000000000091</ele>
      </trkpt>
      <trkpt lat="11.983055016025901" lon="108.456392968073487">
        <ele>1561.599999999999909</ele>
      </trkpt>
      <trkpt lat="11.983051998540759" lon="108.456413000822067">
        <ele>1562</ele>
      </trkpt>
      <trkpt lat="11.983048981055617" lon="108.456431021913886">
        <ele>1562.200000000000045</ele>
      </trkpt>
      <trkpt lat="11.983043029904366" lon="108.456453988328576">
        <ele>1562.599999999999909</ele>
      </trkpt>
      <trkpt lat="11.983031965792179" lon="108.456488018855453">
        <ele>1563.799999999999955</ele>
      </trkpt>
      <trkpt lat="11.983021991327405" lon="108.456519031897187">
        <ele>1564.200000000000045</ele>
      </trkpt>
      <trkpt lat="11.983015034347773" lon="108.456553984433413">
        <ele>1564.799999999999955</ele>
      </trkpt>
      <trkpt lat="11.983017968013883" lon="108.456584997475147">
        <ele>1565.200000000000045</ele>
      </trkpt>
      <trkpt lat="11.983025008812547" lon="108.456620033830404">
        <ele>1565.799999999999955</ele>
      </trkpt>
      <trkpt lat="11.983034983277321" lon="108.456660015508533">
        <ele>1566</ele>
      </trkpt>
      <trkpt lat="11.983048981055617" lon="108.456689016893506">
        <ele>1566.400000000000091</ele>
      </trkpt>
      <trkpt lat="11.983065996319056" lon="108.45671801827848">
        <ele>1566.799999999999955</ele>
      </trkpt>
      <trkpt lat="11.98307697661221" lon="108.456742996349931">
        <ele>1566.799999999999955</ele>
      </trkpt>
      <trkpt lat="11.983088040724397" lon="108.456776021048427">
        <ele>1567.599999999999909</ele>
      </trkpt>
      <trkpt lat="11.983092986047268" lon="108.456808961927891">
        <ele>1568</ele>
      </trkpt>
      <trkpt lat="11.983093991875648" lon="108.456850033253431">
        <ele>1568.799999999999955</ele>
      </trkpt>
      <trkpt lat="11.983103966340423" lon="108.456880962476134">
        <ele>1569.200000000000045</ele>
      </trkpt>
      <trkpt lat="11.983114024624228" lon="108.456903006881475">
        <ele>1570</ele>
      </trkpt>
      <trkpt lat="11.983126010745764" lon="108.456929996609688">
        <ele>1570.599999999999909</ele>
      </trkpt>
      <trkpt lat="11.98314000852406" lon="108.456957992166281">
        <ele>1571.599999999999909</ele>
      </trkpt>
      <trkpt lat="11.98316004127264" lon="108.456989005208015">
        <ele>1572.400000000000091</ele>
      </trkpt>
      <trkpt lat="11.983172027394176" lon="108.457013983279467">
        <ele>1572.799999999999955</ele>
      </trkpt>
      <trkpt lat="11.983170015737414" lon="108.457034016028047">
        <ele>1573.400000000000091</ele>
      </trkpt>
      <trkpt lat="11.983170015737414" lon="108.457057988271117">
        <ele>1574</ele>
      </trkpt>
      <trkpt lat="11.983175966888666" lon="108.457095036283135">
        <ele>1574.599999999999909</ele>
      </trkpt>
      <trkpt lat="11.983177978545427" lon="108.457133006304502">
        <ele>1575</ele>
      </trkpt>
      <trkpt lat="11.98318200185895" lon="108.457162007689476">
        <ele>1575.799999999999955</ele>
      </trkpt>
      <trkpt lat="11.983188036829233" lon="108.457186985760927">
        <ele>1576.200000000000045</ele>
      </trkpt>
      <trkpt lat="11.983190970495343" lon="108.457208024337888">
        <ele>1577</ele>
      </trkpt>
      <trkpt lat="11.983192982152104" lon="108.457233002409339">
        <ele>1577.799999999999955</ele>
      </trkpt>
      <trkpt lat="11.983200022950768" lon="108.457259992137551">
        <ele>1578.200000000000045</ele>
      </trkpt>
      <trkpt lat="11.98320496827364" lon="108.45727801322937">
        <ele>1578.799999999999955</ele>
      </trkpt>
      <trkpt lat="11.983207985758781" lon="108.457303997129202">
        <ele>1579.400000000000091</ele>
      </trkpt>
      <trkpt lat="11.983209997415543" lon="108.457319000735879">
        <ele>1580.400000000000091</ele>
      </trkpt>
      <trkpt lat="11.983215026557446" lon="108.457332998514175">
        <ele>1580.799999999999955</ele>
      </trkpt>
      <trkpt lat="11.983219971880317" lon="108.45734397880733">
        <ele>1581.400000000000091</ele>
      </trkpt>
      <trkpt lat="11.98322500102222" lon="108.457345990464091">
        <ele>1581.799999999999955</ele>
      </trkpt>
      <trkpt lat="11.983228018507361" lon="108.45734397880733">
        <ele>1582.400000000000091</ele>
      </trkpt>
      <trkpt lat="11.983235981315374" lon="108.457350013777614">
        <ele>1585</ele>
      </trkpt>
      <trkpt lat="11.983237992972136" lon="108.457353031262755">
        <ele>1585.400000000000091</ele>
      </trkpt>
      <trkpt lat="11.983244027942419" lon="108.457359988242388">
        <ele>1585.599999999999909</ele>
      </trkpt>
      <trkpt lat="11.98324796743691" lon="108.45736401155591">
        <ele>1586.200000000000045</ele>
      </trkpt>
      <trkpt lat="11.98324796743691" lon="108.457366023212671">
        <ele>1586.200000000000045</ele>
      </trkpt>
      <trkpt lat="11.98324897326529" lon="108.457371974363923">
        <ele>1586.400000000000091</ele>
      </trkpt>
      <trkpt lat="11.983246961608529" lon="108.457378009334207">
        <ele>1587.400000000000091</ele>
      </trkpt>
      <trkpt lat="11.9832450337708" lon="108.457387983798981">
        <ele>1587.400000000000091</ele>
      </trkpt>
      <trkpt lat="11.983240004628897" lon="108.457409022375941">
        <ele>1589.400000000000091</ele>
      </trkpt>
      <trkpt lat="11.983233969658613" lon="108.45742603763938">
        <ele>1589.400000000000091</ele>
      </trkpt>
      <trkpt lat="11.98322500102222" lon="108.457440035417676">
        <ele>1589.599999999999909</ele>
      </trkpt>
      <trkpt lat="11.983219971880317" lon="108.457457972690463">
        <ele>1589.599999999999909</ele>
      </trkpt>
      <trkpt lat="11.983216032385826" lon="108.457475993782282">
        <ele>1589.599999999999909</ele>
      </trkpt>
      <trkpt lat="11.983212009072304" lon="108.457496026530862">
        <ele>1589.599999999999909</ele>
      </trkpt>
      <trkpt lat="11.983208991587162" lon="108.457516981288791">
        <ele>1589.599999999999909</ele>
      </trkpt>
      <trkpt lat="11.983206979930401" lon="108.457538019865751">
        <ele>1589.799999999999955</ele>
      </trkpt>
      <trkpt lat="11.983207985758781" lon="108.457562997937202">
        <ele>1589.799999999999955</ele>
      </trkpt>
      <trkpt lat="11.983215026557446" lon="108.457589987665415">
        <ele>1590.200000000000045</ele>
      </trkpt>
      <trkpt lat="11.983228018507361" lon="108.457625024020672">
        <ele>1590.200000000000045</ele>
      </trkpt>
      <trkpt lat="11.98324603959918" lon="108.457660982385278">
        <ele>1590.400000000000091</ele>
      </trkpt>
      <trkpt lat="11.983266994357109" lon="108.457700964063406">
        <ele>1590.599999999999909</ele>
      </trkpt>
      <trkpt lat="11.983286021277308" lon="108.457736000418663">
        <ele>1590.599999999999909</ele>
      </trkpt>
      <trkpt lat="11.983298007398844" lon="108.457757961004972">
        <ele>1590.599999999999909</ele>
      </trkpt>
      <trkpt lat="11.98331200517714" lon="108.457783022895455">
        <ele>1590.599999999999909</ele>
      </trkpt>
      <trkpt lat="11.983321979641914" lon="108.457798026502132">
        <ele>1591.599999999999909</ele>
      </trkpt>
      <trkpt lat="11.983336983248591" lon="108.457818981260061">
        <ele>1592</ele>
      </trkpt>
      <trkpt lat="11.983346035704017" lon="108.457830967381597">
        <ele>1593.200000000000045</ele>
      </trkpt>
      <trkpt lat="11.983348969370127" lon="108.457833984866738">
        <ele>1593.599999999999909</ele>
      </trkpt>
      <trkpt lat="11.983349975198507" lon="108.457833984866738">
        <ele>1597.200000000000045</ele>
      </trkpt>
      <trkpt lat="11.983357015997171" lon="108.457841025665402">
        <ele>1597.200000000000045</ele>
      </trkpt>
      <trkpt lat="11.983361961320043" lon="108.457844965159893">
        <ele>1597.200000000000045</ele>
      </trkpt>
      <trkpt lat="11.983362967148423" lon="108.457845970988274">
        <ele>1597.200000000000045</ele>
      </trkpt>
      <trkpt lat="11.98337696492672" lon="108.457858040928841">
        <ele>1597.400000000000091</ele>
      </trkpt>
      <trkpt lat="11.983392974361777" lon="108.457874972373247">
        <ele>1597.400000000000091</ele>
      </trkpt>
      <trkpt lat="11.983405966311693" lon="108.457889975979924">
        <ele>1597.599999999999909</ele>
      </trkpt>
      <trkpt lat="11.983424993231893" lon="108.457910008728504">
        <ele>1598</ele>
      </trkpt>
      <trkpt lat="11.983453994616866" lon="108.457943033427">
        <ele>1598.799999999999955</ele>
      </trkpt>
      <trkpt lat="11.983474027365446" lon="108.457967005670071">
        <ele>1599</ele>
      </trkpt>
      <trkpt lat="11.983490036800504" lon="108.457983015105128">
        <ele>1599.599999999999909</ele>
      </trkpt>
      <trkpt lat="11.983499005436897" lon="108.457999024540186">
        <ele>1599.799999999999955</ele>
      </trkpt>
      <trkpt lat="11.983501017093658" lon="108.458011010661721">
        <ele>1600</ele>
      </trkpt>
      <trkpt lat="11.983502022922039" lon="108.45803196541965">
        <ele>1600.200000000000045</ele>
      </trkpt>
      <trkpt lat="11.983505040407181" lon="108.458068007603288">
        <ele>1600.400000000000091</ele>
      </trkpt>
      <trkpt lat="11.983517026528716" lon="108.458104971796274">
        <ele>1600.400000000000091</ele>
      </trkpt>
      <trkpt lat="11.983521971851587" lon="108.45813799649477">
        <ele>1600.599999999999909</ele>
      </trkpt>
      <trkpt lat="11.983531024307013" lon="108.458169009536505">
        <ele>1600.599999999999909</ele>
      </trkpt>
      <trkpt lat="11.983539992943406" lon="108.458206979557872">
        <ele>1600.599999999999909</ele>
      </trkpt>
      <trkpt lat="11.9835489615798" lon="108.458245033398271">
        <ele>1600.799999999999955</ele>
      </trkpt>
      <trkpt lat="11.983554996550083" lon="108.458270011469722">
        <ele>1600.799999999999955</ele>
      </trkpt>
      <trkpt lat="11.983557008206844" lon="108.458297001197934">
        <ele>1601.200000000000045</ele>
      </trkpt>
      <trkpt lat="11.983560025691986" lon="108.458326002582908">
        <ele>1601.200000000000045</ele>
      </trkpt>
      <trkpt lat="11.98357000015676" lon="108.458355003967881">
        <ele>1601.400000000000091</ele>
      </trkpt>
      <trkpt lat="11.983565976843238" lon="108.458386017009616">
        <ele>1601.799999999999955</ele>
      </trkpt>
      <trkpt lat="11.983566982671618" lon="108.458421975374222">
        <ele>1601.799999999999955</ele>
      </trkpt>
      <trkpt lat="11.983566982671618" lon="108.458452988415956">
        <ele>1602</ele>
      </trkpt>
      <trkpt lat="11.983577040955424" lon="108.458476038649678">
        <ele>1602.200000000000045</ele>
      </trkpt>
      <trkpt lat="11.983591038733721" lon="108.458515014499426">
        <ele>1602.400000000000091</ele>
      </trkpt>
      <trkpt lat="11.983599001541734" lon="108.458551978692412">
        <ele>1602.400000000000091</ele>
      </trkpt>
      <trkpt lat="11.983603024855256" lon="108.458587015047669">
        <ele>1602.599999999999909</ele>
      </trkpt>
      <trkpt lat="11.983621967956424" lon="108.458620039746165">
        <ele>1602.599999999999909</ele>
      </trkpt>
      <trkpt lat="11.983646024018526" lon="108.458666978403926">
        <ele>1602.599999999999909</ele>
      </trkpt>
      <trkpt lat="11.983669996261597" lon="108.458711989223957">
        <ele>1602.599999999999909</ele>
      </trkpt>
      <trkpt lat="11.983679970726371" lon="108.458770997822285">
        <ele>1602.599999999999909</ele>
      </trkpt>
      <trkpt lat="11.983696985989809" lon="108.458826988935471">
        <ele>1602.599999999999909</ele>
      </trkpt>
      <trkpt lat="11.983701009303331" lon="108.458871999755502">
        <ele>1602.599999999999909</ele>
      </trkpt>
      <trkpt lat="11.98369899764657" lon="108.458921033889055">
        <ele>1602.599999999999909</ele>
      </trkpt>
      <trkpt lat="11.983694974333048" lon="108.458955986425281">
        <ele>1602.400000000000091</ele>
      </trkpt>
      <trkpt lat="11.983686005696654" lon="108.458989011123776">
        <ele>1602.200000000000045</ele>
      </trkpt>
      <trkpt lat="11.983689023181796" lon="108.459022035822272">
        <ele>1601.799999999999955</ele>
      </trkpt>
      <trkpt lat="11.983705032616854" lon="108.459051959216595">
        <ele>1601.799999999999955</ele>
      </trkpt>
      <trkpt lat="11.98372095823288" lon="108.459094036370516">
        <ele>1601.200000000000045</ele>
      </trkpt>
      <trkpt lat="11.983727999031544" lon="108.459149021655321">
        <ele>1601</ele>
      </trkpt>
      <trkpt lat="11.983733028173447" lon="108.45925304107368">
        <ele>1600</ele>
      </trkpt>
      <trkpt lat="11.983735961839557" lon="108.459282964468002">
        <ele>1599.599999999999909</ele>
      </trkpt>
      <trkpt lat="11.983724981546402" lon="108.45934197306633">
        <ele>1598.799999999999955</ele>
      </trkpt>
      <trkpt lat="11.983727999031544" lon="108.459458984434605">
        <ele>1597.799999999999955</ele>
      </trkpt>
      <trkpt lat="11.983790025115013" lon="108.459667023271322">
        <ele>1597.400000000000091</ele>
      </trkpt>
      <trkpt lat="11.983821960166097" lon="108.459871960803866">
        <ele>1597.400000000000091</ele>
      </trkpt>
      <trkpt lat="11.983836041763425" lon="108.459915965795517">
        <ele>1597.400000000000091</ele>
      </trkpt>
      <trkpt lat="11.983855990692973" lon="108.459954019635916">
        <ele>1597.400000000000091</ele>
      </trkpt>
      <trkpt lat="11.983924973756075" lon="108.46007295884192">
        <ele>1598.200000000000045</ele>
      </trkpt>
      <trkpt lat="11.983950035646558" lon="108.460122998803854">
        <ele>1598.400000000000091</ele>
      </trkpt>
      <trkpt lat="11.983995968475938" lon="108.460230035707355">
        <ele>1598.799999999999955</ele>
      </trkpt>
      <trkpt lat="11.98402002453804" lon="108.460274962708354">
        <ele>1599.200000000000045</ele>
      </trkpt>
      <trkpt lat="11.984036033973098" lon="108.460311004891992">
        <ele>1599.400000000000091</ele>
      </trkpt>
      <trkpt lat="11.984050031751394" lon="108.460340006276965">
        <ele>1599.799999999999955</ele>
      </trkpt>
      <trkpt lat="11.984065035358071" lon="108.460368001833558">
        <ele>1600.400000000000091</ele>
      </trkpt>
      <trkpt lat="11.984083978459239" lon="108.460389040410519">
        <ele>1600.599999999999909</ele>
      </trkpt>
      <trkpt lat="11.984112979844213" lon="108.460413012653589">
        <ele>1601.400000000000091</ele>
      </trkpt>
      <trkpt lat="11.984169976785779" lon="108.460466992110014">
        <ele>1602.200000000000045</ele>
      </trkpt>
      <trkpt lat="11.984189003705978" lon="108.460484007373452">
        <ele>1602.200000000000045</ele>
      </trkpt>
      <trkpt lat="11.984200989827514" lon="108.460495993494987">
        <ele>1602.400000000000091</ele>
      </trkpt>
      <trkpt lat="11.984219010919333" lon="108.460504962131381">
        <ele>1602.400000000000091</ele>
      </trkpt>
      <trkpt lat="11.984238959848881" lon="108.460518037900329">
        <ele>1602.400000000000091</ele>
      </trkpt>
      <trkpt lat="11.984258992597461" lon="108.460538992658257">
        <ele>1602.400000000000091</ele>
      </trkpt>
      <trkpt lat="11.984281959012151" lon="108.460553996264935">
        <ele>1602.200000000000045</ele>
      </trkpt>
      <trkpt lat="11.984302997589111" lon="108.46056698821485">
        <ele>1601.799999999999955</ele>
      </trkpt>
      <trkpt lat="11.984334010630846" lon="108.460577968508005">
        <ele>1601.599999999999909</ele>
      </trkpt>
      <trkpt lat="11.984362006187439" lon="108.460585009306669">
        <ele>1601.400000000000091</ele>
      </trkpt>
      <trkpt lat="11.984396036714315" lon="108.460595989599824">
        <ele>1601.400000000000091</ele>
      </trkpt>
      <trkpt lat="11.984438030049205" lon="108.460611999034882">
        <ele>1600.799999999999955</ele>
      </trkpt>
      <trkpt lat="11.984468037262559" lon="108.460625996813178">
        <ele>1600.400000000000091</ele>
      </trkpt>
      <trkpt lat="11.984512964263558" lon="108.460644017904997">
        <ele>1599.799999999999955</ele>
      </trkpt>
      <trkpt lat="11.984566021710634" lon="108.460659021511674">
        <ele>1599</ele>
      </trkpt>
      <trkpt lat="11.984612960368395" lon="108.460674025118351">
        <ele>1598.400000000000091</ele>
      </trkpt>
      <trkpt lat="11.984656965360045" lon="108.460679976269603">
        <ele>1597.200000000000045</ele>
      </trkpt>
      <trkpt lat="11.9846869725734" lon="108.460690034553409">
        <ele>1596.599999999999909</ele>
      </trkpt>
      <trkpt lat="11.98473097756505" lon="108.460703026503325">
        <ele>1595.799999999999955</ele>
      </trkpt>
      <trkpt lat="11.984841031953692" lon="108.460748037323356">
        <ele>1594.400000000000091</ele>
      </trkpt>
      <trkpt lat="11.984882019460201" lon="108.46075901761651">
        <ele>1593.799999999999955</ele>
      </trkpt>
      <trkpt lat="11.984932981431484" lon="108.460778966546059">
        <ele>1593</ele>
      </trkpt>
      <trkpt lat="11.985046975314617" lon="108.460821965709329">
        <ele>1591.599999999999909</ele>
      </trkpt>
      <trkpt lat="11.985098021104932" lon="108.460831018164754">
        <ele>1591</ele>
      </trkpt>
      <trkpt lat="11.985146971419454" lon="108.460822971537709">
        <ele>1590.799999999999955</ele>
      </trkpt>
      <trkpt lat="11.985207991674542" lon="108.46084401011467">
        <ele>1589.799999999999955</ele>
      </trkpt>
      <trkpt lat="11.985262976959348" lon="108.460855996236205">
        <ele>1589.400000000000091</ele>
      </trkpt>
      <trkpt lat="11.985388034954667" lon="108.460883991792798">
        <ele>1588.400000000000091</ele>
      </trkpt>
      <trkpt lat="11.985432039946318" lon="108.460892038419843">
        <ele>1588</ele>
      </trkpt>
      <trkpt lat="11.985479984432459" lon="108.460901007056236">
        <ele>1587.799999999999955</ele>
      </trkpt>
      <trkpt lat="11.985521977767348" lon="108.460915004834533">
        <ele>1587.799999999999955</ele>
      </trkpt>
      <trkpt lat="11.985572017729282" lon="108.460932020097971">
        <ele>1587.599999999999909</ele>
      </trkpt>
      <trkpt lat="11.985616022720933" lon="108.460948029533029">
        <ele>1587.599999999999909</ele>
      </trkpt>
      <trkpt lat="11.985659021884203" lon="108.460960015654564">
        <ele>1587.599999999999909</ele>
      </trkpt>
      <trkpt lat="11.985695986077189" lon="108.460968984290957">
        <ele>1587.599999999999909</ele>
      </trkpt>
      <trkpt lat="11.985893966630101" lon="108.460997985675931">
        <ele>1588</ele>
      </trkpt>
      <trkpt lat="11.985945012420416" lon="108.461003014817834">
        <ele>1588</ele>
      </trkpt>
      <trkpt lat="11.986036961898208" lon="108.46101600676775">
        <ele>1588</ele>
      </trkpt>
      <trkpt lat="11.986077027395368" lon="108.461022963747382">
        <ele>1588.200000000000045</ele>
      </trkpt>
      <trkpt lat="11.986199989914894" lon="108.461050959303975">
        <ele>1588.200000000000045</ele>
      </trkpt>
      <trkpt lat="11.986252041533589" lon="108.461065040901303">
        <ele>1588.200000000000045</ele>
      </trkpt>
      <trkpt lat="11.986291017383337" lon="108.461073003709316">
        <ele>1588.200000000000045</ele>
      </trkpt>
      <trkpt lat="11.986326975747943" lon="108.461085995659232">
        <ele>1588.200000000000045</ele>
      </trkpt>
      <trkpt lat="11.986361006274819" lon="108.46110200509429">
        <ele>1588.200000000000045</ele>
      </trkpt>
      <trkpt lat="11.98640501126647" lon="108.461119020357728">
        <ele>1588.200000000000045</ele>
      </trkpt>
      <trkpt lat="11.986455973237753" lon="108.461136035621166">
        <ele>1588.200000000000045</ele>
      </trkpt>
      <trkpt lat="11.986544989049435" lon="108.461149027571082">
        <ele>1588.200000000000045</ele>
      </trkpt>
      <trkpt lat="11.986582037061453" lon="108.461149027571082">
        <ele>1588.200000000000045</ele>
      </trkpt>
      <trkpt lat="11.986626964062452" lon="108.461143998429179">
        <ele>1588.400000000000091</ele>
      </trkpt>
      <trkpt lat="11.986670969054103" lon="108.461138969287276">
        <ele>1588.400000000000091</ele>
      </trkpt>
      <trkpt lat="11.986704999580979" lon="108.461135029792786">
        <ele>1588.400000000000091</ele>
      </trkpt>
      <trkpt lat="11.986742969602346" lon="108.461130000650883">
        <ele>1588.400000000000091</ele>
      </trkpt>
      <trkpt lat="11.986774988472462" lon="108.461126983165741">
        <ele>1588.599999999999909</ele>
      </trkpt>
      <trkpt lat="11.987077994272113" lon="108.461117008700967">
        <ele>1589.200000000000045</ele>
      </trkpt>
      <trkpt lat="11.987175978720188" lon="108.461110973730683">
        <ele>1589.599999999999909</ele>
      </trkpt>
      <trkpt lat="11.987343030050397" lon="108.461108040064573">
        <ele>1591</ele>
      </trkpt>
      <trkpt lat="11.987388962879777" lon="108.461107034236193">
        <ele>1591.400000000000091</ele>
      </trkpt>
      <trkpt lat="11.987434979528189" lon="108.461111979559064">
        <ele>1591.799999999999955</ele>
      </trkpt>
      <trkpt lat="11.987470015883446" lon="108.461113991215825">
        <ele>1592.799999999999955</ele>
      </trkpt>
      <trkpt lat="11.987509997561574" lon="108.461120026186109">
        <ele>1593.200000000000045</ele>
      </trkpt>
      <trkpt lat="11.987547967582941" lon="108.461132012307644">
        <ele>1593.599999999999909</ele>
      </trkpt>
      <trkpt lat="11.987590966746211" lon="108.461151961237192">
        <ele>1594.200000000000045</ele>
      </trkpt>
      <trkpt lat="11.987628014758229" lon="108.461165959015489">
        <ele>1594.599999999999909</ele>
      </trkpt>
      <trkpt lat="11.987663973122835" lon="108.461177023127675">
        <ele>1595.799999999999955</ele>
      </trkpt>
      <trkpt lat="11.987705966457725" lon="108.461195966228843">
        <ele>1596</ele>
      </trkpt>
      <trkpt lat="11.987741002812982" lon="108.461207030341029">
        <ele>1596.799999999999955</ele>
      </trkpt>
      <trkpt lat="11.987779978662729" lon="108.461215998977423">
        <ele>1597</ele>
      </trkpt>
      <trkpt lat="11.987806968390942" lon="108.461222033947706">
        <ele>1597.599999999999909</ele>
      </trkpt>
      <trkpt lat="11.987838987261057" lon="108.461225973442197">
        <ele>1598</ele>
      </trkpt>
      <trkpt lat="11.987871006131172" lon="108.461233014240861">
        <ele>1599.200000000000045</ele>
      </trkpt>
      <trkpt lat="11.987886009737849" lon="108.461237037554383">
        <ele>1599.599999999999909</ele>
      </trkpt>
      <trkpt lat="11.987897995859385" lon="108.4612310025841">
        <ele>1600.400000000000091</ele>
      </trkpt>
      <trkpt lat="11.987918028607965" lon="108.461236031726003">
        <ele>1601.400000000000091</ele>
      </trkpt>
      <trkpt lat="11.987943006679416" lon="108.461234020069242">
        <ele>1602</ele>
      </trkpt>
      <trkpt lat="11.98797401972115" lon="108.461245000362396">
        <ele>1602.799999999999955</ele>
      </trkpt>
      <trkpt lat="11.98799698613584" lon="108.46125396899879">
        <ele>1603</ele>
      </trkpt>
      <trkpt lat="11.988019030541182" lon="108.461269978433847">
        <ele>1603.799999999999955</ele>
      </trkpt>
      <trkpt lat="11.988044008612633" lon="108.461290011182427">
        <ele>1604</ele>
      </trkpt>
      <trkpt lat="11.988065969198942" lon="108.461303003132343">
        <ele>1604.599999999999909</ele>
      </trkpt>
      <trkpt lat="11.988098993897438" lon="108.461324963718653">
        <ele>1605</ele>
      </trkpt>
      <trkpt lat="11.988129001110792" lon="108.461349019780755">
        <ele>1605.799999999999955</ele>
      </trkpt>
      <trkpt lat="11.988152973353863" lon="108.46133703365922">
        <ele>1606.599999999999909</ele>
      </trkpt>
      <trkpt lat="11.98816898278892" lon="108.4613380394876">
        <ele>1607</ele>
      </trkpt>
      <trkpt lat="11.988187003880739" lon="108.461342984810472">
        <ele>1607.799999999999955</ele>
      </trkpt>
      <trkpt lat="11.98821097612381" lon="108.461344996467233">
        <ele>1608.200000000000045</ele>
      </trkpt>
      <trkpt lat="11.988238971680403" lon="108.461348013952374">
        <ele>1609.400000000000091</ele>
      </trkpt>
      <trkpt lat="11.988262021914124" lon="108.461358994245529">
        <ele>1610</ele>
      </trkpt>
      <trkpt lat="11.988285994157195" lon="108.461364023387432">
        <ele>1610.799999999999955</ele>
      </trkpt>
      <trkpt lat="11.988308038562536" lon="108.46136100590229">
        <ele>1611.200000000000045</ele>
      </trkpt>
      <trkpt lat="11.988333016633987" lon="108.461367962881923">
        <ele>1612.200000000000045</ele>
      </trkpt>
      <trkpt lat="11.988366041332483" lon="108.46138103865087">
        <ele>1612.799999999999955</ele>
      </trkpt>
      <trkpt lat="11.988401999697089" lon="108.461398975923657">
        <ele>1613.400000000000091</ele>
      </trkpt>
      <trkpt lat="11.988436030223966" lon="108.461410040035844">
        <ele>1614.400000000000091</ele>
      </trkpt>
      <trkpt lat="11.988461008295417" lon="108.461420014500618">
        <ele>1614.799999999999955</ele>
      </trkpt>
      <trkpt lat="11.988499984145164" lon="108.461410040035844">
        <ele>1616</ele>
      </trkpt>
      <trkpt lat="11.988541977480054" lon="108.461406016722322">
        <ele>1616.400000000000091</ele>
      </trkpt>
      <trkpt lat="11.988580031320453" lon="108.461411967873573">
        <ele>1617.599999999999909</ele>
      </trkpt>
      <trkpt lat="11.988612972199917" lon="108.461438035592437">
        <ele>1618</ele>
      </trkpt>
      <trkpt lat="11.988630993291736" lon="108.461453961208463">
        <ele>1619.200000000000045</ele>
      </trkpt>
      <trkpt lat="11.988643985241652" lon="108.461472988128662">
        <ele>1620.599999999999909</ele>
      </trkpt>
      <trkpt lat="11.988649014383554" lon="108.461479023098946">
        <ele>1621</ele>
      </trkpt>
      <trkpt lat="11.988669969141483" lon="108.461505006998777">
        <ele>1624.400000000000091</ele>
      </trkpt>
      <trkpt lat="11.988694025203586" lon="108.46153300255537">
        <ele>1624.400000000000091</ele>
      </trkpt>
      <trkpt lat="11.988720009103417" lon="108.461563009768724">
        <ele>1624.400000000000091</ele>
      </trkpt>
      <trkpt lat="11.988744987174869" lon="108.46159796230495">
        <ele>1624.400000000000091</ele>
      </trkpt>
      <trkpt lat="11.988806007429957" lon="108.461712962016463">
        <ele>1624.200000000000045</ele>
      </trkpt>
      <trkpt lat="11.988825034350157" lon="108.461753027513623">
        <ele>1624.200000000000045</ele>
      </trkpt>
      <trkpt lat="11.988883959129453" lon="108.461881019175053">
        <ele>1623.799999999999955</ele>
      </trkpt>
      <trkpt lat="11.988933999091387" lon="108.461947990581393">
        <ele>1623.200000000000045</ele>
      </trkpt>
      <trkpt lat="11.988959982991219" lon="108.461971040815115">
        <ele>1622.799999999999955</ele>
      </trkpt>
      <trkpt lat="11.98898496106267" lon="108.461989983916283">
        <ele>1622.599999999999909</ele>
      </trkpt>
      <trkpt lat="11.989008011296391" lon="108.46200599335134">
        <ele>1622.200000000000045</ele>
      </trkpt>
      <trkpt lat="11.989027038216591" lon="108.462018985301256">
        <ele>1621.799999999999955</ele>
      </trkpt>
      <trkpt lat="11.989051010459661" lon="108.462032983079553">
        <ele>1621.400000000000091</ele>
      </trkpt>
      <trkpt lat="11.989110019057989" lon="108.462063996121287">
        <ele>1621</ele>
      </trkpt>
      <trkpt lat="11.98917699046433" lon="108.462077993899584">
        <ele>1620.599999999999909</ele>
      </trkpt>
      <trkpt lat="11.989309005439281" lon="108.462103977799416">
        <ele>1619.799999999999955</ele>
      </trkpt>
      <trkpt lat="11.989344041794538" lon="108.462106995284557">
        <ele>1619.599999999999909</ele>
      </trkpt>
      <trkpt lat="11.989371031522751" lon="108.462100038304925">
        <ele>1619</ele>
      </trkpt>
      <trkpt lat="11.989396009594202" lon="108.462094003334641">
        <ele>1618.599999999999909</ele>
      </trkpt>
      <trkpt lat="11.989424005150795" lon="108.46209199167788">
        <ele>1617.799999999999955</ele>
      </trkpt>
      <trkpt lat="11.98945602402091" lon="108.462096014991403">
        <ele>1617.400000000000091</ele>
      </trkpt>
      <trkpt lat="11.989488964900374" lon="108.462105989456177">
        <ele>1616.599999999999909</ele>
      </trkpt>
      <trkpt lat="11.989529030397534" lon="108.462109006941319">
        <ele>1615.799999999999955</ele>
      </trkpt>
      <trkpt lat="11.98960698209703" lon="108.462092997506261">
        <ele>1614.599999999999909</ele>
      </trkpt>
      <trkpt lat="11.989636989310384" lon="108.462089980021119">
        <ele>1614.400000000000091</ele>
      </trkpt>
      <trkpt lat="11.989673031494021" lon="108.462096014991403">
        <ele>1613.400000000000091</ele>
      </trkpt>
      <trkpt lat="11.989747965708375" lon="108.462121998891234">
        <ele>1612.200000000000045</ele>
      </trkpt>
      <trkpt lat="11.989788031205535" lon="108.462129961699247">
        <ele>1611.400000000000091</ele>
      </trkpt>
      <trkpt lat="11.989830024540424" lon="108.462131973356009">
        <ele>1611</ele>
      </trkpt>
      <trkpt lat="11.989915017038584" lon="108.46213499084115">
        <ele>1609.799999999999955</ele>
      </trkpt>
      <trkpt lat="11.989999003708363" lon="108.462124010547996">
        <ele>1609</ele>
      </trkpt>
      <trkpt lat="11.990038985386491" lon="108.462118981406093">
        <ele>1608</ele>
      </trkpt>
      <trkpt lat="11.990060023963451" lon="108.462116969749331">
        <ele>1607.400000000000091</ele>
      </trkpt>
      <trkpt lat="11.990094976499677" lon="108.46211495809257">
        <ele>1606.400000000000091</ele>
      </trkpt>
      <trkpt lat="11.990178963169456" lon="108.462099032476544">
        <ele>1605.400000000000091</ele>
      </trkpt>
      <trkpt lat="11.990223973989487" lon="108.462088974192739">
        <ele>1604.599999999999909</ele>
      </trkpt>
      <trkpt lat="11.99029597453773" lon="108.46206902526319">
        <ele>1603.400000000000091</ele>
      </trkpt>
      <trkpt lat="11.990370992571115" lon="108.462033988907933">
        <ele>1602.200000000000045</ele>
      </trkpt>
      <trkpt lat="11.99040200561285" lon="108.462019991129637">
        <ele>1601.799999999999955</ele>
      </trkpt>
      <trkpt lat="11.990431006997824" lon="108.462009010836482">
        <ele>1601</ele>
      </trkpt>
      <trkpt lat="11.990459002554417" lon="108.46200498752296">
        <ele>1600.200000000000045</ele>
      </trkpt>
      <trkpt lat="11.990485992282629" lon="108.461999958381057">
        <ele>1599.799999999999955</ele>
      </trkpt>
      <trkpt lat="11.990514993667603" lon="108.461994007229805">
        <ele>1599</ele>
      </trkpt>
      <trkpt lat="11.990537960082293" lon="108.461988978087902">
        <ele>1598.799999999999955</ele>
      </trkpt>
      <trkpt lat="11.99059403501451" lon="108.461976991966367">
        <ele>1597.799999999999955</ele>
      </trkpt>
      <trkpt lat="11.990621024742723" lon="108.461972968652844">
        <ele>1597.400000000000091</ele>
      </trkpt>
      <trkpt lat="11.990646002814174" lon="108.461969029158354">
        <ele>1597.200000000000045</ele>
      </trkpt>
      <trkpt lat="11.990665029734373" lon="108.461966011673212">
        <ele>1596.599999999999909</ele>
      </trkpt>
      <trkpt lat="11.990695036947727" lon="108.461964000016451">
        <ele>1596</ele>
      </trkpt>
      <trkpt lat="11.99072202667594" lon="108.46196299418807">
        <ele>1595.599999999999909</ele>
      </trkpt>
      <trkpt lat="11.990792015567422" lon="108.461969029158354">
        <ele>1594.799999999999955</ele>
      </trkpt>
      <trkpt lat="11.990823028609157" lon="108.461972968652844">
        <ele>1594.200000000000045</ele>
      </trkpt>
      <trkpt lat="11.99085102416575" lon="108.461971040815115">
        <ele>1593.799999999999955</ele>
      </trkpt>
      <trkpt lat="11.990908021107316" lon="108.461960982531309">
        <ele>1592.799999999999955</ele>
      </trkpt>
      <trkpt lat="11.990929981693625" lon="108.461956959217787">
        <ele>1592.400000000000091</ele>
      </trkpt>
      <trkpt lat="11.990989996120334" lon="108.461939021945">
        <ele>1591.200000000000045</ele>
      </trkpt>
      <trkpt lat="11.991084963083267" lon="108.461913960054517">
        <ele>1589.400000000000091</ele>
      </trkpt>
      <trkpt lat="11.99111002497375" lon="108.461907003074884">
        <ele>1589.200000000000045</ele>
      </trkpt>
      <trkpt lat="11.991136008873582" lon="108.461898034438491">
        <ele>1588.799999999999955</ele>
      </trkpt>
      <trkpt lat="11.991166016086936" lon="108.461884958669543">
        <ele>1588.400000000000091</ele>
      </trkpt>
      <trkpt lat="11.991197029128671" lon="108.461874984204769">
        <ele>1587.599999999999909</ele>
      </trkpt>
      <trkpt lat="11.991283027455211" lon="108.461830979213119">
        <ele>1586.200000000000045</ele>
      </trkpt>
      <trkpt lat="11.991330971941352" lon="108.461799966171384">
        <ele>1585.400000000000091</ele>
      </trkpt>
      <trkpt lat="11.991395009681582" lon="108.461786974221468">
        <ele>1584.799999999999955</ele>
      </trkpt>
      <trkpt lat="11.991488970816135" lon="108.461763001978397">
        <ele>1583.599999999999909</ele>
      </trkpt>
      <trkpt lat="11.991548985242844" lon="108.461749004200101">
        <ele>1583</ele>
      </trkpt>
      <trkpt lat="11.991578992456198" lon="108.461741963401437">
        <ele>1582.799999999999955</ele>
      </trkpt>
      <trkpt lat="11.991610005497932" lon="108.461734000593424">
        <ele>1582.200000000000045</ele>
      </trkpt>
      <trkpt lat="11.991640012711287" lon="108.46172796562314">
        <ele>1582</ele>
      </trkpt>
      <trkpt lat="11.991698015481234" lon="108.461715979501605">
        <ele>1581.599999999999909</ele>
      </trkpt>
      <trkpt lat="11.991730034351349" lon="108.461710028350353">
        <ele>1581.200000000000045</ele>
      </trkpt>
      <trkpt lat="11.991786025464535" lon="108.46172402612865">
        <ele>1580.799999999999955</ele>
      </trkpt>
      <trkpt lat="11.991809997707605" lon="108.461732994765043">
        <ele>1580.400000000000091</ele>
      </trkpt>
      <trkpt lat="11.991845034062862" lon="108.461730983108282">
        <ele>1580.200000000000045</ele>
      </trkpt>
      <trkpt lat="11.991879986599088" lon="108.46172796562314">
        <ele>1579.799999999999955</ele>
      </trkpt>
      <trkpt lat="11.991913011297584" lon="108.461721008643508">
        <ele>1579.599999999999909</ele>
      </trkpt>
      <trkpt lat="11.991948969662189" lon="108.461718996986747">
        <ele>1579.200000000000045</ele>
      </trkpt>
      <trkpt lat="11.992023987695575" lon="108.461711034178734">
        <ele>1578.400000000000091</ele>
      </trkpt>
      <trkpt lat="11.992082996293902" lon="108.461689995601773">
        <ele>1577.599999999999909</ele>
      </trkpt>
      <trkpt lat="11.992115015164018" lon="108.461680021136999">
        <ele>1577.200000000000045</ele>
      </trkpt>
      <trkpt lat="11.992146028205752" lon="108.461672980338335">
        <ele>1577</ele>
      </trkpt>
      <trkpt lat="11.992230014875531" lon="108.461663005873561">
        <ele>1576</ele>
      </trkpt>
      <trkpt lat="11.992236971855164" lon="108.4616609942168">
        <ele>1575.799999999999955</ele>
      </trkpt>
      <trkpt lat="11.992247030138969" lon="108.461664011701941">
        <ele>1575.599999999999909</ele>
      </trkpt>
      <trkpt lat="11.992266979068518" lon="108.461668035015464">
        <ele>1575.200000000000045</ele>
      </trkpt>
      <trkpt lat="11.992296986281872" lon="108.46166200004518">
        <ele>1575</ele>
      </trkpt>
      <trkpt lat="11.992355994880199" lon="108.46164096146822">
        <ele>1574.799999999999955</ele>
      </trkpt>
      <trkpt lat="11.992391031235456" lon="108.461636016145349">
        <ele>1574.599999999999909</ele>
      </trkpt>
      <trkpt lat="11.992490021511912" lon="108.461636016145349">
        <ele>1574.400000000000091</ele>
      </trkpt>
      <trkpt lat="11.992524974048138" lon="108.461629981175065">
        <ele>1574.400000000000091</ele>
      </trkpt>
      <trkpt lat="11.992621030658484" lon="108.461634004488587">
        <ele>1574.200000000000045</ele>
      </trkpt>
      <trkpt lat="11.992648020386696" lon="108.461640039458871">
        <ele>1574.200000000000045</ele>
      </trkpt>
      <trkpt lat="11.992670986801386" lon="108.46164096146822">
        <ele>1574</ele>
      </trkpt>
      <trkpt lat="11.992685990408063" lon="108.46163802780211">
        <ele>1574</ele>
      </trkpt>
      <trkpt lat="11.992703005671501" lon="108.461632998660207">
        <ele>1573.799999999999955</ele>
      </trkpt>
      <trkpt lat="11.992782969027758" lon="108.461632998660207">
        <ele>1573.599999999999909</ele>
      </trkpt>
      <trkpt lat="11.9928930234164" lon="108.461650013923645">
        <ele>1573</ele>
      </trkpt>
      <trkpt lat="11.992911966517568" lon="108.461657976731658">
        <ele>1572.799999999999955</ele>
      </trkpt>
      <trkpt lat="11.992938034236431" lon="108.461665017530322">
        <ele>1572.599999999999909</ele>
      </trkpt>
      <trkpt lat="11.992965023964643" lon="108.461667029187083">
        <ele>1572.400000000000091</ele>
      </trkpt>
      <trkpt lat="11.993015985935926" lon="108.461688989773393">
        <ele>1571.799999999999955</ele>
      </trkpt>
      <trkpt lat="11.993055967614055" lon="108.461716985329986">
        <ele>1571.400000000000091</ele>
      </trkpt>
      <trkpt lat="11.993057979270816" lon="108.461716985329986">
        <ele>1580.799999999999955</ele>
      </trkpt>
      <trkpt lat="11.993236010894179" lon="108.46177096478641">
        <ele>1579.5</ele>
      </trkpt>
      <trkpt lat="11.993341958150268" lon="108.46181103028357">
        <ele>1578.700000000000045</ele>
      </trkpt>
      <trkpt lat="11.993429968133569" lon="108.461824022233486">
        <ele>1577.599999999999909</ele>
      </trkpt>
      <trkpt lat="11.993522001430392" lon="108.461846988648176">
        <ele>1576.5</ele>
      </trkpt>
      <trkpt lat="11.993594001978636" lon="108.461872972548008">
        <ele>1575.599999999999909</ele>
      </trkpt>
      <trkpt lat="11.99366700835526" lon="108.461890993639827">
        <ele>1574.799999999999955</ele>
      </trkpt>
      <trkpt lat="11.993745965883136" lon="108.461894011124969">
        <ele>1573.900000000000091</ele>
      </trkpt>
      <trkpt lat="11.993817966431379" lon="108.46189996227622">
        <ele>1573.200000000000045</ele>
      </trkpt>
      <trkpt lat="11.993856020271778" lon="108.461915971711278">
        <ele>1572.799999999999955</ele>
      </trkpt>
      <trkpt lat="11.993888039141893" lon="108.461947990581393">
        <ele>1572.299999999999955</ele>
      </trkpt>
      <trkpt lat="11.993919974192977" lon="108.461986966431141">
        <ele>1571.900000000000091</ele>
      </trkpt>
      <trkpt lat="11.993960039690137" lon="108.462040023878217">
        <ele>1571.400000000000091</ele>
      </trkpt>
      <trkpt lat="11.993993986397982" lon="108.462086040526628">
        <ele>1570.900000000000091</ele>
      </trkpt>
      <trkpt lat="11.994028016924858" lon="108.462130967527628">
        <ele>1570.5</ele>
      </trkpt>
      <trkpt lat="11.994048971682787" lon="108.462172960862517">
        <ele>1570.299999999999955</ele>
      </trkpt>
      <trkpt lat="11.994066992774606" lon="108.462217971682549">
        <ele>1570.099999999999909</ele>
      </trkpt>
      <trkpt lat="11.994092976674438" lon="108.462268011644483">
        <ele>1569.799999999999955</ele>
      </trkpt>
      <trkpt lat="11.994116026908159" lon="108.462314028292894">
        <ele>1569.5</ele>
      </trkpt>
      <trkpt lat="11.994124995544553" lon="108.462360966950655">
        <ele>1569.400000000000091</ele>
      </trkpt>
      <trkpt lat="11.994132036343217" lon="108.462419975548983">
        <ele>1569.299999999999955</ele>
      </trkpt>
      <trkpt lat="11.99411996640265" lon="108.462460963055491">
        <ele>1569.299999999999955</ele>
      </trkpt>
      <trkpt lat="11.994108986109495" lon="108.462509997189045">
        <ele>1569.099999999999909</ele>
      </trkpt>
      <trkpt lat="11.994089959189296" lon="108.462558025494218">
        <ele>1568.5</ele>
      </trkpt>
      <trkpt lat="11.994064981117845" lon="108.462610999122262">
        <ele>1567.799999999999955</ele>
      </trkpt>
      <trkpt lat="11.99403396807611" lon="108.46267000772059">
        <ele>1567</ele>
      </trkpt>
      <trkpt lat="11.993998009711504" lon="108.462747037410736">
        <ele>1566</ele>
      </trkpt>
      <trkpt lat="11.99396800249815" lon="108.462825994938612">
        <ele>1564.799999999999955</ele>
      </trkpt>
      <trkpt lat="11.993934977799654" lon="108.462899001315236">
        <ele>1563.700000000000045</ele>
      </trkpt>
      <trkpt lat="11.993921985849738" lon="108.46297200769186">
        <ele>1562.5</ele>
      </trkpt>
      <trkpt lat="11.993919974192977" lon="108.463059011846781">
        <ele>1561.099999999999909</ele>
      </trkpt>
      <trkpt lat="11.993949981406331" lon="108.463155990466475">
        <ele>1559.599999999999909</ele>
      </trkpt>
      <trkpt lat="11.993963979184628" lon="108.463236037641764">
        <ele>1558.299999999999955</ele>
      </trkpt>
      <trkpt lat="11.994003038853407" lon="108.463340979069471">
        <ele>1556.900000000000091</ele>
      </trkpt>
      <trkpt lat="11.99405500665307" lon="108.46346503123641">
        <ele>1558.299999999999955</ele>
      </trkpt>
      <trkpt lat="11.994110997766256" lon="108.463577013462782">
        <ele>1559.400000000000091</ele>
      </trkpt>
      <trkpt lat="11.994150979444385" lon="108.463661000132561">
        <ele>1560.200000000000045</ele>
      </trkpt>
      <trkpt lat="11.994175035506487" lon="108.463772982358932">
        <ele>1561.200000000000045</ele>
      </trkpt>
      <trkpt lat="11.994234966114163" lon="108.463832996785641">
        <ele>1545</ele>
      </trkpt>
      <trkpt lat="11.994271008297801" lon="108.463857974857092">
        <ele>1545.200000000000045</ele>
      </trkpt>
      <trkpt lat="11.994377039372921" lon="108.463935004547238">
        <ele>1546.599999999999909</ele>
      </trkpt>
      <trkpt lat="11.994410986080766" lon="108.463963000103831">
        <ele>1546.799999999999955</ele>
      </trkpt>
      <trkpt lat="11.994446022436023" lon="108.463994013145566">
        <ele>1547.200000000000045</ele>
      </trkpt>
      <trkpt lat="11.994478041306138" lon="108.464026032015681">
        <ele>1547.599999999999909</ele>
      </trkpt>
      <trkpt lat="11.994508970528841" lon="108.464058972895145">
        <ele>1547.799999999999955</ele>
      </trkpt>
      <trkpt lat="11.994538977742195" lon="108.46408998593688">
        <ele>1548.200000000000045</ele>
      </trkpt>
      <trkpt lat="11.994560016319156" lon="108.464125022292137">
        <ele>1548.599999999999909</ele>
      </trkpt>
      <trkpt lat="11.994582982733846" lon="108.46415201202035">
        <ele>1549.200000000000045</ele>
      </trkpt>
      <trkpt lat="11.994606032967567" lon="108.464177995920181">
        <ele>1549.400000000000091</ele>
      </trkpt>
      <trkpt lat="11.99463302269578" lon="108.464203979820013">
        <ele>1550</ele>
      </trkpt>
      <trkpt lat="11.994661018252373" lon="108.464224012568593">
        <ele>1550.200000000000045</ele>
      </trkpt>
      <trkpt lat="11.994693037122488" lon="108.464246978983283">
        <ele>1551</ele>
      </trkpt>
      <trkpt lat="11.994722038507462" lon="108.464266005903482">
        <ele>1551.200000000000045</ele>
      </trkpt>
      <trkpt lat="11.994745004922152" lon="108.464287966489792">
        <ele>1551.799999999999955</ele>
      </trkpt>
      <trkpt lat="11.994761014357209" lon="108.464300958439708">
        <ele>1553</ele>
      </trkpt>
      <trkpt lat="11.994776017963886" lon="108.464328031986952">
        <ele>1553.400000000000091</ele>
      </trkpt>
      <trkpt lat="11.994788004085422" lon="108.46434697508812">
        <ele>1554</ele>
      </trkpt>
      <trkpt lat="11.994807031005621" lon="108.464370025321841">
        <ele>1554.200000000000045</ele>
      </trkpt>
      <trkpt lat="11.994832009077072" lon="108.46438997425139">
        <ele>1554.599999999999909</ele>
      </trkpt>
      <trkpt lat="11.994857992976904" lon="108.464409001171589">
        <ele>1554.799999999999955</ele>
      </trkpt>
      <trkpt lat="11.994885988533497" lon="108.464435990899801">
        <ele>1555.200000000000045</ele>
      </trkpt>
      <trkpt lat="11.994911972433329" lon="108.464465998113155">
        <ele>1555.599999999999909</ele>
      </trkpt>
      <trkpt lat="11.994937034323812" lon="108.46449701115489">
        <ele>1556.200000000000045</ele>
      </trkpt>
      <trkpt lat="11.994961006566882" lon="108.464518971741199">
        <ele>1556.599999999999909</ele>
      </trkpt>
      <trkpt lat="11.994976010173559" lon="108.464531963691115">
        <ele>1556.799999999999955</ele>
      </trkpt>
      <trkpt lat="11.994987996295094" lon="108.464551996439695">
        <ele>1557</ele>
      </trkpt>
      <trkpt lat="11.994993025436997" lon="108.464571023359895">
        <ele>1557.200000000000045</ele>
      </trkpt>
      <trkpt lat="11.994995959103107" lon="108.464590972289443">
        <ele>1557.400000000000091</ele>
      </trkpt>
      <trkpt lat="11.99500098824501" lon="108.464611005038023">
        <ele>1557.599999999999909</ele>
      </trkpt>
      <trkpt lat="11.995009034872055" lon="108.464644029736519">
        <ele>1557.799999999999955</ele>
      </trkpt>
      <trkpt lat="11.995018003508449" lon="108.464679988101125">
        <ele>1558</ele>
      </trkpt>
      <trkpt lat="11.995024960488081" lon="108.464726004749537">
        <ele>1558</ele>
      </trkpt>
      <trkpt lat="11.995044993236661" lon="108.464780990034342">
        <ele>1558.200000000000045</ele>
      </trkpt>
      <trkpt lat="11.995066031813622" lon="108.464846033602953">
        <ele>1558.400000000000091</ele>
      </trkpt>
      <trkpt lat="11.99508698657155" lon="108.464899007230997">
        <ele>1558.599999999999909</ele>
      </trkpt>
      <trkpt lat="11.995111964643002" lon="108.464956004172564">
        <ele>1558.599999999999909</ele>
      </trkpt>
      <trkpt lat="11.995125962421298" lon="108.464995985850692">
        <ele>1558.799999999999955</ele>
      </trkpt>
      <trkpt lat="11.99512998573482" lon="108.465020963922143">
        <ele>1558.799999999999955</ele>
      </trkpt>
      <trkpt lat="11.995125962421298" lon="108.465045019984245">
        <ele>1559</ele>
      </trkpt>
      <trkpt lat="11.995115987956524" lon="108.465068992227316">
        <ele>1559</ele>
      </trkpt>
      <trkpt lat="11.995112970471382" lon="108.465091036632657">
        <ele>1559.200000000000045</ele>
      </trkpt>
      <trkpt lat="11.995119005441666" lon="108.46512196585536">
        <ele>1559.400000000000091</ele>
      </trkpt>
      <trkpt lat="11.995111964643002" lon="108.465148033574224">
        <ele>1559.599999999999909</ele>
      </trkpt>
      <trkpt lat="11.995099978521466" lon="108.465170999988914">
        <ele>1559.799999999999955</ele>
      </trkpt>
      <trkpt lat="11.995088998228312" lon="108.465194972231984">
        <ele>1560</ele>
      </trkpt>
      <trkpt lat="11.995077012106776" lon="108.465225985273719">
        <ele>1560.400000000000091</ele>
      </trkpt>
      <trkpt lat="11.99506402015686" lon="108.465266972780228">
        <ele>1560.599999999999909</ele>
      </trkpt>
      <trkpt lat="11.995055973529816" lon="108.465301003307104">
        <ele>1561</ele>
      </trkpt>
      <trkpt lat="11.995056979358196" lon="108.465339979156852">
        <ele>1561.200000000000045</ele>
      </trkpt>
      <trkpt lat="11.995070977136493" lon="108.465375015512109">
        <ele>1561.599999999999909</ele>
      </trkpt>
      <trkpt lat="11.99508698657155" lon="108.465404016897082">
        <ele>1562</ele>
      </trkpt>
      <trkpt lat="11.99510601349175" lon="108.465435029938817">
        <ele>1562.200000000000045</ele>
      </trkpt>
      <trkpt lat="11.99512998573482" lon="108.465477023273706">
        <ele>1563</ele>
      </trkpt>
      <trkpt lat="11.995158987119794" lon="108.465517004951835">
        <ele>1563</ele>
      </trkpt>
      <trkpt lat="11.995186982676387" lon="108.465550029650331">
        <ele>1563.400000000000091</ele>
      </trkpt>
      <trkpt lat="11.995219001546502" lon="108.465569978579879">
        <ele>1563.599999999999909</ele>
      </trkpt>
      <trkpt lat="11.995254959911108" lon="108.465584982186556">
        <ele>1563.799999999999955</ele>
      </trkpt>
      <trkpt lat="11.995289996266365" lon="108.465607026591897">
        <ele>1563.799999999999955</ele>
      </trkpt>
      <trkpt lat="11.995324026793242" lon="108.465625969693065">
        <ele>1564</ele>
      </trkpt>
      <trkpt lat="11.995350010693073" lon="108.465638039633632">
        <ele>1564</ele>
      </trkpt>
      <trkpt lat="11.995374988764524" lon="108.465648014098406">
        <ele>1564.400000000000091</ele>
      </trkpt>
      <trkpt lat="11.995400972664356" lon="108.465656982734799">
        <ele>1564.400000000000091</ele>
      </trkpt>
      <trkpt lat="11.995422011241317" lon="108.46567802131176">
        <ele>1564.400000000000091</ele>
      </trkpt>
      <trkpt lat="11.995446989312768" lon="108.465697970241308">
        <ele>1564.400000000000091</ele>
      </trkpt>
      <trkpt lat="11.995482025668025" lon="108.465710962191224">
        <ele>1564.400000000000091</ele>
      </trkpt>
      <trkpt lat="11.995528964325786" lon="108.465724959969521">
        <ele>1564.200000000000045</ele>
      </trkpt>
      <trkpt lat="11.995576992630959" lon="108.465739041566849">
        <ele>1564.200000000000045</ele>
      </trkpt>
      <trkpt lat="11.995610017329454" lon="108.465757984668016">
        <ele>1564.400000000000091</ele>
      </trkpt>
      <trkpt lat="11.995642958208919" lon="108.465783968567848">
        <ele>1564.400000000000091</ele>
      </trkpt>
      <trkpt lat="11.995671037584543" lon="108.465823028236628">
        <ele>1564.400000000000091</ele>
      </trkpt>
      <trkpt lat="11.995694003999233" lon="108.465859992429614">
        <ele>1564.400000000000091</ele>
      </trkpt>
      <trkpt lat="11.995714958757162" lon="108.465892011299729">
        <ele>1564.400000000000091</ele>
      </trkpt>
      <trkpt lat="11.995733985677361" lon="108.465913971886039">
        <ele>1564.400000000000091</ele>
      </trkpt>
      <trkpt lat="11.995755024254322" lon="108.465930987149477">
        <ele>1564.400000000000091</ele>
      </trkpt>
      <trkpt lat="11.995759969577193" lon="108.465935010462999">
        <ele>1564.400000000000091</ele>
      </trkpt>
      <trkpt lat="11.995767010375857" lon="108.465943979099393">
        <ele>1565.200000000000045</ele>
      </trkpt>
      <trkpt lat="11.995824007317424" lon="108.46595898270607">
        <ele>1565.200000000000045</ele>
      </trkpt>
      <trkpt lat="11.995855020359159" lon="108.46595898270607">
        <ele>1565.200000000000045</ele>
      </trkpt>
      <trkpt lat="11.995883015915751" lon="108.465955965220928">
        <ele>1565.200000000000045</ele>
      </trkpt>
      <trkpt lat="11.99596700258553" lon="108.465945990756154">
        <ele>1565</ele>
      </trkpt>
      <trkpt lat="11.996151991188526" lon="108.465907014906406">
        <ele>1564.200000000000045</ele>
      </trkpt>
      <trkpt lat="11.996408980339766" lon="108.465868961066008">
        <ele>1564</ele>
      </trkpt>
      <trkpt lat="11.996442005038261" lon="108.465864015743136">
        <ele>1564.200000000000045</ele>
      </trkpt>
      <trkpt lat="11.996774012222886" lon="108.465848006308079">
        <ele>1564.599999999999909</ele>
      </trkpt>
      <trkpt lat="11.996905021369457" lon="108.465844988822937">
        <ele>1564.799999999999955</ele>
      </trkpt>
      <trkpt lat="11.996945003047585" lon="108.465849012136459">
        <ele>1564.799999999999955</ele>
      </trkpt>
      <trkpt lat="11.996985990554094" lon="108.465848006308079">
        <ele>1564.799999999999955</ele>
      </trkpt>
      <trkpt lat="11.997027983888984" lon="108.465833002701402">
        <ele>1565</ele>
      </trkpt>
      <trkpt lat="11.997103001922369" lon="108.465802995488048">
        <ele>1565.200000000000045</ele>
      </trkpt>
      <trkpt lat="11.997141977772117" lon="108.46578698605299">
        <ele>1565.400000000000091</ele>
      </trkpt>
      <trkpt lat="11.997261000797153" lon="108.465752033516765">
        <ele>1565.799999999999955</ele>
      </trkpt>
      <trkpt lat="11.997300982475281" lon="108.465736024081707">
        <ele>1566</ele>
      </trkpt>
      <trkpt lat="11.99734196998179" lon="108.46572102047503">
        <ele>1566</ele>
      </trkpt>
      <trkpt lat="11.99738203547895" lon="108.465707022696733">
        <ele>1566</ele>
      </trkpt>
      <trkpt lat="11.99742796830833" lon="108.465692019090056">
        <ele>1566</ele>
      </trkpt>
      <trkpt lat="11.997467027977109" lon="108.465685984119773">
        <ele>1566.200000000000045</ele>
      </trkpt>
      <trkpt lat="11.997502986341715" lon="108.465681038796902">
        <ele>1566.200000000000045</ele>
      </trkpt>
      <trkpt lat="11.997625026851892" lon="108.465638039633632">
        <ele>1566</ele>
      </trkpt>
      <trkpt lat="11.997665008530021" lon="108.465626975521445">
        <ele>1565.799999999999955</ele>
      </trkpt>
      <trkpt lat="11.997734997421503" lon="108.465587999671698">
        <ele>1565.200000000000045</ele>
      </trkpt>
      <trkpt lat="11.997756035998464" lon="108.465572996065021">
        <ele>1565</ele>
      </trkpt>
      <trkpt lat="11.997785037383437" lon="108.465556986629963">
        <ele>1564.799999999999955</ele>
      </trkpt>
      <trkpt lat="11.99781303294003" lon="108.465532008558512">
        <ele>1564.599999999999909</ele>
      </trkpt>
      <trkpt lat="11.997873969376087" lon="108.465459002181888">
        <ele>1564</ele>
      </trkpt>
      <trkpt lat="11.997923003509641" lon="108.465375015512109">
        <ele>1563.200000000000045</ele>
      </trkpt>
      <trkpt lat="11.997959967702627" lon="108.465293040499091">
        <ele>1562.599999999999909</ele>
      </trkpt>
      <trkpt lat="11.998002966865897" lon="108.465226991102099">
        <ele>1561.799999999999955</ele>
      </trkpt>
      <trkpt lat="11.998034985736012" lon="108.465191032737494">
        <ele>1561.400000000000091</ele>
      </trkpt>
      <trkpt lat="11.998057030141354" lon="108.465163037180901">
        <ele>1561.200000000000045</ele>
      </trkpt>
      <trkpt lat="11.998095000162721" lon="108.465132024139166">
        <ele>1560.799999999999955</ele>
      </trkpt>
      <trkpt lat="11.998184015974402" lon="108.465042002499104">
        <ele>1560</ele>
      </trkpt>
      <trkpt lat="11.99820295907557" lon="108.464994980022311">
        <ele>1559.799999999999955</ele>
      </trkpt>
      <trkpt lat="11.998225003480911" lon="108.464954998344183">
        <ele>1559.599999999999909</ele>
      </trkpt>
      <trkpt lat="11.998280994594097" lon="108.464864976704121">
        <ele>1559.400000000000091</ele>
      </trkpt>
      <trkpt lat="11.998303961008787" lon="108.464807979762554">
        <ele>1559.400000000000091</ele>
      </trkpt>
      <trkpt lat="11.998337991535664" lon="108.464701026678085">
        <ele>1559.200000000000045</ele>
      </trkpt>
      <trkpt lat="11.998352995142341" lon="108.464647969231009">
        <ele>1559.200000000000045</ele>
      </trkpt>
      <trkpt lat="11.998370010405779" lon="108.464588960632682">
        <ele>1559.200000000000045</ele>
      </trkpt>
      <trkpt lat="11.998401023447514" lon="108.464527018368244">
        <ele>1559.200000000000045</ele>
      </trkpt>
      <trkpt lat="11.998445028439164" lon="108.464426016435027">
        <ele>1559.200000000000045</ele>
      </trkpt>
      <trkpt lat="11.998478975147009" lon="108.464320991188288">
        <ele>1559.400000000000091</ele>
      </trkpt>
      <trkpt lat="11.998498002067208" lon="108.464270029217005">
        <ele>1559.599999999999909</ele>
      </trkpt>
      <trkpt lat="11.998519962653518" lon="108.464213032275438">
        <ele>1559.599999999999909</ele>
      </trkpt>
      <trkpt lat="11.998528009280562" lon="108.464158968999982">
        <ele>1559.799999999999955</ele>
      </trkpt>
      <trkpt lat="11.998522980138659" lon="108.46410901285708">
        <ele>1560.200000000000045</ele>
      </trkpt>
      <trkpt lat="11.998508982360363" lon="108.464054027572274">
        <ele>1560.799999999999955</ele>
      </trkpt>
      <trkpt lat="11.998491967096925" lon="108.463995018973947">
        <ele>1561.400000000000091</ele>
      </trkpt>
      <trkpt lat="11.998470006510615" lon="108.463935004547238">
        <ele>1561.599999999999909</ele>
      </trkpt>
      <trkpt lat="11.998447962105274" lon="108.463879013434052">
        <ele>1562</ele>
      </trkpt>
      <trkpt lat="11.998432036489248" lon="108.463827967643738">
        <ele>1562.200000000000045</ele>
      </trkpt>
      <trkpt lat="11.998424995690584" lon="108.463773988187313">
        <ele>1563.200000000000045</ele>
      </trkpt>
      <trkpt lat="11.998424995690584" lon="108.46372302621603">
        <ele>1563.599999999999909</ele>
      </trkpt>
      <trkpt lat="11.998430024832487" lon="108.46367902122438">
        <ele>1564.400000000000091</ele>
      </trkpt>
      <trkpt lat="11.998441005125642" lon="108.463639039546251">
        <ele>1564.799999999999955</ele>
      </trkpt>
      <trkpt lat="11.998459026217461" lon="108.463607020676136">
        <ele>1565.400000000000091</ele>
      </trkpt>
      <trkpt lat="11.998482998460531" lon="108.463581958785653">
        <ele>1566.200000000000045</ele>
      </trkpt>
      <trkpt lat="11.998519962653518" lon="108.463561004027724">
        <ele>1566.599999999999909</ele>
      </trkpt>
      <trkpt lat="11.998560028150678" lon="108.463537031784654">
        <ele>1568</ele>
      </trkpt>
      <trkpt lat="11.998599004000425" lon="108.463518004864454">
        <ele>1568.400000000000091</ele>
      </trkpt>
      <trkpt lat="11.998642003163695" lon="108.463497972115874">
        <ele>1569.400000000000091</ele>
      </trkpt>
      <trkpt lat="11.998690031468868" lon="108.4634879976511">
        <ele>1569.799999999999955</ele>
      </trkpt>
      <trkpt lat="11.998730013146996" lon="108.463471988216043">
        <ele>1570.799999999999955</ele>
      </trkpt>
      <trkpt lat="11.998768988996744" lon="108.463451033458114">
        <ele>1571.200000000000045</ele>
      </trkpt>
      <trkpt lat="11.998793967068195" lon="108.463434018194675">
        <ele>1572</ele>
      </trkpt>
      <trkpt lat="11.998817017301917" lon="108.463419014587998">
        <ele>1572.799999999999955</ele>
      </trkpt>
      <trkpt lat="11.998848030343652" lon="108.463403005152941">
        <ele>1573.400000000000091</ele>
      </trkpt>
      <trkpt lat="11.998887006193399" lon="108.4633809607476">
        <ele>1574</ele>
      </trkpt>
      <trkpt lat="11.998948026448488" lon="108.463365035131574">
        <ele>1574.599999999999909</ele>
      </trkpt>
      <trkpt lat="11.99899697676301" lon="108.463361011818051">
        <ele>1575.400000000000091</ele>
      </trkpt>
      <trkpt lat="11.99906000867486" lon="108.463362017646432">
        <ele>1575.799999999999955</ele>
      </trkpt>
      <trkpt lat="11.999127985909581" lon="108.463367968797684">
        <ele>1576.400000000000091</ele>
      </trkpt>
      <trkpt lat="11.999196968972683" lon="108.463374003767967">
        <ele>1576.799999999999955</ele>
      </trkpt>
      <trkpt lat="11.999283973127604" lon="108.463380038738251">
        <ele>1577.200000000000045</ele>
      </trkpt>
      <trkpt lat="11.999344993382692" lon="108.463385989889503">
        <ele>1577.799999999999955</ele>
      </trkpt>
      <trkpt lat="11.999413976445794" lon="108.463394036516547">
        <ele>1577.799999999999955</ele>
      </trkpt>
      <trkpt lat="11.999482037499547" lon="108.463393030688167">
        <ele>1578</ele>
      </trkpt>
      <trkpt lat="11.999554038047791" lon="108.463382972404361">
        <ele>1578.200000000000045</ele>
      </trkpt>
      <trkpt lat="11.999629978090525" lon="108.463371992111206">
        <ele>1578.200000000000045</ele>
      </trkpt>
      <trkpt lat="11.999686975032091" lon="108.463369980454445">
        <ele>1578.200000000000045</ele>
      </trkpt>
      <trkpt lat="11.999750006943941" lon="108.463375009596348">
        <ele>1578.400000000000091</ele>
      </trkpt>
      <trkpt lat="11.999804992228746" lon="108.463388001546264">
        <ele>1578.400000000000091</ele>
      </trkpt>
      <trkpt lat="11.999862994998693" lon="108.463407028466463">
        <ele>1578.400000000000091</ele>
      </trkpt>
      <trkpt lat="11.999933989718556" lon="108.463428989052773">
        <ele>1578.599999999999909</ele>
      </trkpt>
      <trkpt lat="11.999987969174981" lon="108.463447010144591">
        <ele>1578.599999999999909</ele>
      </trkpt>
      <trkpt lat="12.000052006915212" lon="108.463475005701184">
        <ele>1578.599999999999909</ele>
      </trkpt>
      <trkpt lat="12.0001130271703" lon="108.463499983772635">
        <ele>1578.599999999999909</ele>
      </trkpt>
      <trkpt lat="12.000185027718544" lon="108.46353099681437">
        <ele>1578.599999999999909</ele>
      </trkpt>
      <trkpt lat="12.000235989689827" lon="108.463557986542583">
        <ele>1578.599999999999909</ele>
      </trkpt>
      <trkpt lat="12.00030799023807" lon="108.463602997362614">
        <ele>1578.599999999999909</ele>
      </trkpt>
      <trkpt lat="12.000364987179637" lon="108.463640967383981">
        <ele>1578.599999999999909</ele>
      </trkpt>
      <trkpt lat="12.000417960807681" lon="108.463672986254096">
        <ele>1578.400000000000091</ele>
      </trkpt>
      <trkpt lat="12.000465989112854" lon="108.463697964325547">
        <ele>1578.200000000000045</ele>
      </trkpt>
      <trkpt lat="12.000515023246408" lon="108.463721014559269">
        <ele>1578</ele>
      </trkpt>
      <trkpt lat="12.000563973560929" lon="108.463749010115862">
        <ele>1577.599999999999909</ele>
      </trkpt>
      <trkpt lat="12.000616025179625" lon="108.463778011500835">
        <ele>1577.400000000000091</ele>
      </trkpt>
      <trkpt lat="12.000667992979288" lon="108.463800977915525">
        <ele>1577.400000000000091</ele>
      </trkpt>
      <trkpt lat="12.000718032941222" lon="108.463816987350583">
        <ele>1577.400000000000091</ele>
      </trkpt>
      <trkpt lat="12.000764971598983" lon="108.463826039806008">
        <ele>1577.400000000000091</ele>
      </trkpt>
      <trkpt lat="12.000811994075775" lon="108.463828973472118">
        <ele>1577.200000000000045</ele>
      </trkpt>
      <trkpt lat="12.000855999067426" lon="108.463826039806008">
        <ele>1577.200000000000045</ele>
      </trkpt>
      <trkpt lat="12.000902015715837" lon="108.463826039806008">
        <ele>1577.400000000000091</ele>
      </trkpt>
      <trkpt lat="12.000953983515501" lon="108.46383199095726">
        <ele>1577.400000000000091</ele>
      </trkpt>
      <trkpt lat="12.001007962971926" lon="108.463850012049079">
        <ele>1577.599999999999909</ele>
      </trkpt>
      <trkpt lat="12.001060014590621" lon="108.463879013434052">
        <ele>1577.799999999999955</ele>
      </trkpt>
      <trkpt lat="12.001108964905143" lon="108.463909020647407">
        <ele>1578</ele>
      </trkpt>
      <trkpt lat="12.00120703317225" lon="108.463953025639057">
        <ele>1578.400000000000091</ele>
      </trkpt>
      <trkpt lat="12.001307029277086" lon="108.463967023417354">
        <ele>1579</ele>
      </trkpt>
      <trkpt lat="12.001356985419989" lon="108.463974986225367">
        <ele>1579.400000000000091</ele>
      </trkpt>
      <trkpt lat="12.001561000943184" lon="108.464004993438721">
        <ele>1581</ele>
      </trkpt>
      <trkpt lat="12.001609029248357" lon="108.464014967903495">
        <ele>1581.200000000000045</ele>
      </trkpt>
      <trkpt lat="12.001665020361543" lon="108.464031983166933">
        <ele>1581.799999999999955</ele>
      </trkpt>
      <trkpt lat="12.001727968454361" lon="108.46404698677361">
        <ele>1582.400000000000091</ele>
      </trkpt>
      <trkpt lat="12.001786977052689" lon="108.464056961238384">
        <ele>1582.799999999999955</ele>
      </trkpt>
      <trkpt lat="12.001835005357862" lon="108.464064002037048">
        <ele>1583.400000000000091</ele>
      </trkpt>
      <trkpt lat="12.001880016177893" lon="108.464075988158584">
        <ele>1583.799999999999955</ele>
      </trkpt>
      <trkpt lat="12.001940030604601" lon="108.464100966230035">
        <ele>1584.200000000000045</ele>
      </trkpt>
      <trkpt lat="12.002005996182561" lon="108.46413197927177">
        <ele>1584.599999999999909</ele>
      </trkpt>
      <trkpt lat="12.00206701643765" lon="108.464162992313504">
        <ele>1585.200000000000045</ele>
      </trkpt>
      <trkpt lat="12.002127030864358" lon="108.464198028668761">
        <ele>1585.599999999999909</ele>
      </trkpt>
      <trkpt lat="12.002182016149163" lon="108.464227030053735">
        <ele>1586.200000000000045</ele>
      </trkpt>
      <trkpt lat="12.002242030575871" lon="108.464244967326522">
        <ele>1586.400000000000091</ele>
      </trkpt>
      <trkpt lat="12.002297015860677" lon="108.464247984811664">
        <ele>1586.799999999999955</ele>
      </trkpt>
      <trkpt lat="12.002356024459004" lon="108.464249996468425">
        <ele>1587.400000000000091</ele>
      </trkpt>
      <trkpt lat="12.002405980601907" lon="108.464255025610328">
        <ele>1588</ele>
      </trkpt>
      <trkpt lat="12.002458032220602" lon="108.464245973154902">
        <ele>1588.799999999999955</ele>
      </trkpt>
      <trkpt lat="12.002514023333788" lon="108.464235998690128">
        <ele>1589</ele>
      </trkpt>
      <trkpt lat="12.002561967819929" lon="108.464222000911832">
        <ele>1589.400000000000091</ele>
      </trkpt>
      <trkpt lat="12.002623993903399" lon="108.464204985648394">
        <ele>1589.599999999999909</ele>
      </trkpt>
      <trkpt lat="12.002675039693713" lon="108.464201968163252">
        <ele>1590.200000000000045</ele>
      </trkpt>
      <trkpt lat="12.002707980573177" lon="108.464210014790297">
        <ele>1590.400000000000091</ele>
      </trkpt>
      <trkpt lat="12.002744022756815" lon="108.464228035882115">
        <ele>1590.599999999999909</ele>
      </trkpt>
      <trkpt lat="12.002790039405227" lon="108.464258965104818">
        <ele>1590.799999999999955</ele>
      </trkpt>
      <trkpt lat="12.002847958356142" lon="108.46430498175323">
        <ele>1590.799999999999955</ele>
      </trkpt>
      <trkpt lat="12.002919036895037" lon="108.4643479809165">
        <ele>1591</ele>
      </trkpt>
      <trkpt lat="12.002997994422913" lon="108.464381005614996">
        <ele>1591.200000000000045</ele>
      </trkpt>
      <trkpt lat="12.003053985536098" lon="108.464412018656731">
        <ele>1591.400000000000091</ele>
      </trkpt>
      <trkpt lat="12.003095978870988" lon="108.464431967586279">
        <ele>1591.599999999999909</ele>
      </trkpt>
      <trkpt lat="12.003135038539767" lon="108.464462980628014">
        <ele>1592</ele>
      </trkpt>
      <trkpt lat="12.003166973590851" lon="108.464498016983271">
        <ele>1592.200000000000045</ele>
      </trkpt>
      <trkpt lat="12.003198992460966" lon="108.464536992833018">
        <ele>1592.799999999999955</ele>
      </trkpt>
      <trkpt lat="12.003231011331081" lon="108.464582003653049">
        <ele>1593.599999999999909</ele>
      </trkpt>
      <trkpt lat="12.0032490324229" lon="108.464619973674417">
        <ele>1593.799999999999955</ele>
      </trkpt>
      <trkpt lat="12.00327199883759" lon="108.464656015858054">
        <ele>1594.599999999999909</ele>
      </trkpt>
      <trkpt lat="12.003285996615887" lon="108.464680993929505">
        <ele>1595</ele>
      </trkpt>
      <trkpt lat="12.003308963030577" lon="108.464698009192944">
        <ele>1595.799999999999955</ele>
      </trkpt>
      <trkpt lat="12.003323966637254" lon="108.464704966172576">
        <ele>1596</ele>
      </trkpt>
      <trkpt lat="12.003327989950776" lon="108.464708989486098">
        <ele>1597</ele>
      </trkpt>
      <trkpt lat="12.003328995779157" lon="108.464706977829337">
        <ele>1599.799999999999955</ele>
      </trkpt>
      <trkpt lat="12.003338970243931" lon="108.464680993929505">
        <ele>1599.799999999999955</ele>
      </trkpt>
      <trkpt lat="12.003350034356117" lon="108.464650986716151">
        <ele>1599.799999999999955</ele>
      </trkpt>
      <trkpt lat="12.003362020477653" lon="108.464620979502797">
        <ele>1599.799999999999955</ele>
      </trkpt>
      <trkpt lat="12.003376018255949" lon="108.464588960632682">
        <ele>1599.799999999999955</ele>
      </trkpt>
      <trkpt lat="12.003471991047263" lon="108.464420987293124">
        <ele>1599.599999999999909</ele>
      </trkpt>
      <trkpt lat="12.00348699465394" lon="108.46439098007977">
        <ele>1599.599999999999909</ele>
      </trkpt>
      <trkpt lat="12.003503004088998" lon="108.464364996179938">
        <ele>1599.599999999999909</ele>
      </trkpt>
      <trkpt lat="12.003519013524055" lon="108.464342029765248">
        <ele>1599.400000000000091</ele>
      </trkpt>
      <trkpt lat="12.003534017130733" lon="108.464316967874765">
        <ele>1599</ele>
      </trkpt>
      <trkpt lat="12.003544997423887" lon="108.464295007288456">
        <ele>1598.799999999999955</ele>
      </trkpt>
      <trkpt lat="12.003562012687325" lon="108.464267011731863">
        <ele>1598.400000000000091</ele>
      </trkpt>
      <trkpt lat="12.003584979102015" lon="108.464234992861748">
        <ele>1598.400000000000091</ele>
      </trkpt>
      <trkpt lat="12.003648011013865" lon="108.464157963171601">
        <ele>1597.799999999999955</ele>
      </trkpt>
      <trkpt lat="12.003697967156768" lon="108.464102977886796">
        <ele>1597.599999999999909</ele>
      </trkpt>
      <trkpt lat="12.00372202321887" lon="108.464082023128867">
        <ele>1597.400000000000091</ele>
      </trkpt>
      <trkpt lat="12.003741972148418" lon="108.464062996208668">
        <ele>1597.400000000000091</ele>
      </trkpt>
      <trkpt lat="12.003762004896998" lon="108.464042041450739">
        <ele>1597.200000000000045</ele>
      </trkpt>
      <trkpt lat="12.003780025988817" lon="108.464016979560256">
        <ele>1597</ele>
      </trkpt>
      <trkpt lat="12.003800980746746" lon="108.463990995660424">
        <ele>1597</ele>
      </trkpt>
      <trkpt lat="12.003821013495326" lon="108.463966017588973">
        <ele>1596.799999999999955</ele>
      </trkpt>
      <trkpt lat="12.003842974081635" lon="108.463940033689141">
        <ele>1596.799999999999955</ele>
      </trkpt>
      <trkpt lat="12.003864012658596" lon="108.463909020647407">
        <ele>1596.200000000000045</ele>
      </trkpt>
      <trkpt lat="12.003886979073286" lon="108.463880019262433">
        <ele>1596.200000000000045</ele>
      </trkpt>
      <trkpt lat="12.003911035135388" lon="108.463863003998995">
        <ele>1595.599999999999909</ele>
      </trkpt>
      <trkpt lat="12.003939030691981" lon="108.463844982907176">
        <ele>1595.599999999999909</ele>
      </trkpt>
      <trkpt lat="12.003961997106671" lon="108.463844982907176">
        <ele>1595.400000000000091</ele>
      </trkpt>
      <trkpt lat="12.003990998491645" lon="108.463840959593654">
        <ele>1595</ele>
      </trkpt>
      <trkpt lat="12.004017988219857" lon="108.463838025927544">
        <ele>1594.799999999999955</ele>
      </trkpt>
      <trkpt lat="12.004040032625198" lon="108.463835008442402">
        <ele>1594.400000000000091</ele>
      </trkpt>
      <trkpt lat="12.004094012081623" lon="108.463822016492486">
        <ele>1594</ele>
      </trkpt>
      <trkpt lat="12.004116978496313" lon="108.463812964037061">
        <ele>1593.799999999999955</ele>
      </trkpt>
      <trkpt lat="12.004138017073274" lon="108.463813969865441">
        <ele>1593.400000000000091</ele>
      </trkpt>
      <trkpt lat="12.004165006801486" lon="108.463816987350583">
        <ele>1593.200000000000045</ele>
      </trkpt>
      <trkpt lat="12.004182022064924" lon="108.463812964037061">
        <ele>1593</ele>
      </trkpt>
      <trkpt lat="12.004228038713336" lon="108.463799972087145">
        <ele>1592.200000000000045</ele>
      </trkpt>
      <trkpt lat="12.004251005128026" lon="108.463807012885809">
        <ele>1591.799999999999955</ele>
      </trkpt>
      <trkpt lat="12.004271037876606" lon="108.463807012885809">
        <ele>1591.599999999999909</ele>
      </trkpt>
      <trkpt lat="12.004296015948057" lon="108.463796032592654">
        <ele>1591.200000000000045</ele>
      </trkpt>
      <trkpt lat="12.004314037039876" lon="108.463785974308848">
        <ele>1590.799999999999955</ele>
      </trkpt>
      <trkpt lat="12.004337003454566" lon="108.463774994015694">
        <ele>1590.400000000000091</ele>
      </trkpt>
      <trkpt lat="12.004357958212495" lon="108.46376501955092">
        <ele>1590</ele>
      </trkpt>
      <trkpt lat="12.004378996789455" lon="108.463760996237397">
        <ele>1589.599999999999909</ele>
      </trkpt>
      <trkpt lat="12.004401963204145" lon="108.463764013722539">
        <ele>1589.200000000000045</ele>
      </trkpt>
      <trkpt lat="12.004426019266248" lon="108.4637660253793">
        <ele>1588.799999999999955</ele>
      </trkpt>
      <trkpt lat="12.004445968195796" lon="108.46376501955092">
        <ele>1588.599999999999909</ele>
      </trkpt>
      <trkpt lat="12.004471030086279" lon="108.463770970702171">
        <ele>1588.200000000000045</ele>
      </trkpt>
      <trkpt lat="12.004490979015827" lon="108.463773988187313">
        <ele>1588</ele>
      </trkpt>
      <trkpt lat="12.004513023421168" lon="108.463758984580636">
        <ele>1587.400000000000091</ele>
      </trkpt>
      <trkpt lat="12.004536995664239" lon="108.463740041479468">
        <ele>1587</ele>
      </trkpt>
      <trkpt lat="12.004558034241199" lon="108.463729983195662">
        <ele>1586.599999999999909</ele>
      </trkpt>
      <trkpt lat="12.004576977342367" lon="108.463721014559269">
        <ele>1586.200000000000045</ele>
      </trkpt>
      <trkpt lat="12.00460203923285" lon="108.463710034266114">
        <ele>1586</ele>
      </trkpt>
      <trkpt lat="12.004671022295952" lon="108.463688995689154">
        <ele>1585.200000000000045</ele>
      </trkpt>
      <trkpt lat="12.004704969003797" lon="108.46368002705276">
        <ele>1584.400000000000091</ele>
      </trkpt>
      <trkpt lat="12.00473397038877" lon="108.463668040931225">
        <ele>1584</ele>
      </trkpt>
      <trkpt lat="12.004766995087266" lon="108.463654965162277">
        <ele>1582.799999999999955</ele>
      </trkpt>
      <trkpt lat="12.004834972321987" lon="108.463621018454432">
        <ele>1581.799999999999955</ele>
      </trkpt>
      <trkpt lat="12.004863973706961" lon="108.463607020676136">
        <ele>1581</ele>
      </trkpt>
      <trkpt lat="12.004898004233837" lon="108.463592017069459">
        <ele>1580.599999999999909</ele>
      </trkpt>
      <trkpt lat="12.004971010610461" lon="108.463558992370963">
        <ele>1579</ele>
      </trkpt>
      <trkpt lat="12.005007974803448" lon="108.463541977107525">
        <ele>1578</ele>
      </trkpt>
      <trkpt lat="12.00503496453166" lon="108.463524961844087">
        <ele>1577.599999999999909</ele>
      </trkpt>
      <trkpt lat="12.005064971745014" lon="108.463503001257777">
        <ele>1576.799999999999955</ele>
      </trkpt>
      <trkpt lat="12.005134960636497" lon="108.463457990437746">
        <ele>1575</ele>
      </trkpt>
      <trkpt lat="12.005203021690249" lon="108.463418008759618">
        <ele>1573.599999999999909</ele>
      </trkpt>
      <trkpt lat="12.005230011418462" lon="108.463397976011038">
        <ele>1572.599999999999909</ele>
      </trkpt>
      <trkpt lat="12.00524996034801" lon="108.463374003767967">
        <ele>1572.200000000000045</ele>
      </trkpt>
      <trkpt lat="12.005265969783068" lon="108.463342990726233">
        <ele>1571.200000000000045</ele>
      </trkpt>
      <trkpt lat="12.005288014188409" lon="108.463306026533246">
        <ele>1570.799999999999955</ele>
      </trkpt>
      <trkpt lat="12.005306035280228" lon="108.463278030976653">
        <ele>1570</ele>
      </trkpt>
      <trkpt lat="12.005321960896254" lon="108.463253974914551">
        <ele>1569.599999999999909</ele>
      </trkpt>
      <trkpt lat="12.005332019180059" lon="108.463234025985003">
        <ele>1568.400000000000091</ele>
      </trkpt>
      <trkpt lat="12.005342999473214" lon="108.463212987408042">
        <ele>1567.400000000000091</ele>
      </trkpt>
      <trkpt lat="12.005356997251511" lon="108.463189015164971">
        <ele>1567</ele>
      </trkpt>
      <trkpt lat="12.005374012514949" lon="108.46316303126514">
        <ele>1566.400000000000091</ele>
      </trkpt>
      <trkpt lat="12.005393961444497" lon="108.463133024051785">
        <ele>1566</ele>
      </trkpt>
      <trkpt lat="12.005432015284896" lon="108.46308097243309">
        <ele>1565</ele>
      </trkpt>
      <trkpt lat="12.005470991134644" lon="108.463031016290188">
        <ele>1563.599999999999909</ele>
      </trkpt>
      <trkpt lat="12.005507033318281" lon="108.462990028783679">
        <ele>1562</ele>
      </trkpt>
      <trkpt lat="12.005523964762688" lon="108.462973013520241">
        <ele>1561.599999999999909</ele>
      </trkpt>
      <trkpt lat="12.005539974197745" lon="108.462958009913564">
        <ele>1560.599999999999909</ele>
      </trkpt>
      <trkpt lat="12.005557995289564" lon="108.462942000478506">
        <ele>1570.299999999999955</ele>
      </trkpt>
      <trkpt lat="12.005672995001078" lon="108.462848961353302">
        <ele>1570.900000000000091</ele>
      </trkpt>
      <trkpt lat="12.005780031904578" lon="108.462792970240116">
        <ele>1572</ele>
      </trkpt>
      <trkpt lat="12.005847003310919" lon="108.462767992168665">
        <ele>1572.799999999999955</ele>
      </trkpt>
      <trkpt lat="12.005937024950981" lon="108.462743014097214">
        <ele>1573.799999999999955</ele>
      </trkpt>
      <trkpt lat="12.006065016612411" lon="108.462699009105563">
        <ele>1575.599999999999909</ele>
      </trkpt>
      <trkpt lat="12.006157971918583" lon="108.462657015770674">
        <ele>1577.299999999999955</ele>
      </trkpt>
      <trkpt lat="12.00629903934896" lon="108.462575040757656">
        <ele>1580.799999999999955</ele>
      </trkpt>
      <trkpt lat="12.006305996328592" lon="108.462572023272514">
        <ele>1576.200000000000045</ele>
      </trkpt>
      <trkpt lat="12.006318988278508" lon="108.462560959160328">
        <ele>1576.200000000000045</ele>
      </trkpt>
      <trkpt lat="12.006328040733933" lon="108.462551990523934">
        <ele>1576.400000000000091</ele>
      </trkpt>
      <trkpt lat="12.006330974400043" lon="108.462548973038793">
        <ele>1576.400000000000091</ele>
      </trkpt>
      <trkpt lat="12.006384031847119" lon="108.462476972490549">
        <ele>1583.799999999999955</ele>
      </trkpt>
      <trkpt lat="12.006400041282177" lon="108.46245601773262">
        <ele>1578.200000000000045</ele>
      </trkpt>
      <trkpt lat="12.006414039060473" lon="108.462437996640801">
        <ele>1578.400000000000091</ele>
      </trkpt>
      <trkpt lat="12.006423007696867" lon="108.462416036054492">
        <ele>1578.400000000000091</ele>
      </trkpt>
      <trkpt lat="12.00642803683877" lon="108.462389968335629">
        <ele>1578.599999999999909</ele>
      </trkpt>
      <trkpt lat="12.006452009081841" lon="108.462334983050823">
        <ele>1579.799999999999955</ele>
      </trkpt>
      <trkpt lat="12.00649400241673" lon="108.46226398833096">
        <ele>1580.799999999999955</ele>
      </trkpt>
      <trkpt lat="12.006513029336929" lon="108.462236998602748">
        <ele>1581</ele>
      </trkpt>
      <trkpt lat="12.00655703432858" lon="108.462173966690898">
        <ele>1582.400000000000091</ele>
      </trkpt>
      <trkpt lat="12.006572959944606" lon="108.462142031639814">
        <ele>1583</ele>
      </trkpt>
      <trkpt lat="12.006587963551283" lon="108.462106995284557">
        <ele>1583.599999999999909</ele>
      </trkpt>
      <trkpt lat="12.006611013785005" lon="108.462065001949668">
        <ele>1584.200000000000045</ele>
      </trkpt>
      <trkpt lat="12.006626017391682" lon="108.462028037756681">
        <ele>1585.400000000000091</ele>
      </trkpt>
      <trkpt lat="12.006639009341598" lon="108.461993001401424">
        <ele>1585.799999999999955</ele>
      </trkpt>
      <trkpt lat="12.006652001291513" lon="108.461965005844831">
        <ele>1586.799999999999955</ele>
      </trkpt>
      <trkpt lat="12.006668010726571" lon="108.46194002777338">
        <ele>1587</ele>
      </trkpt>
      <trkpt lat="12.006671028211713" lon="108.461936004459858">
        <ele>1587.799999999999955</ele>
      </trkpt>
      <trkpt lat="12.006696006283164" lon="108.461902979761362">
        <ele>1590.200000000000045</ele>
      </trkpt>
      <trkpt lat="12.00670899823308" lon="108.461887976154685">
        <ele>1590.400000000000091</ele>
      </trkpt>
      <trkpt lat="12.006726013496518" lon="108.461865009739995">
        <ele>1590.599999999999909</ele>
      </trkpt>
      <trkpt lat="12.006744034588337" lon="108.461822010576725">
        <ele>1590.799999999999955</ele>
      </trkpt>
      <trkpt lat="12.006759038195014" lon="108.461782028898597">
        <ele>1590.799999999999955</ele>
      </trkpt>
      <trkpt lat="12.006783010438085" lon="108.461740035563707">
        <ele>1590.799999999999955</ele>
      </trkpt>
      <trkpt lat="12.006817040964961" lon="108.461688989773393">
        <ele>1591</ele>
      </trkpt>
      <trkpt lat="12.006844030693173" lon="108.461644984781742">
        <ele>1591</ele>
      </trkpt>
      <trkpt lat="12.006860040128231" lon="108.46161799505353">
        <ele>1591.200000000000045</ele>
      </trkpt>
      <trkpt lat="12.006871020421386" lon="108.46159796230495">
        <ele>1591.400000000000091</ele>
      </trkpt>
      <trkpt lat="12.006879989057779" lon="108.461597040295601">
        <ele>1591.400000000000091</ele>
      </trkpt>
      <trkpt lat="12.006886024028063" lon="108.461589999496937">
        <ele>1592</ele>
      </trkpt>
      <trkpt lat="12.006893986836076" lon="108.461586982011795">
        <ele>1592.400000000000091</ele>
      </trkpt>
      <trkpt lat="12.006899015977979" lon="108.461586982011795">
        <ele>1593</ele>
      </trkpt>
      <trkpt lat="12.00690203346312" lon="108.461579019203782">
        <ele>1593.400000000000091</ele>
      </trkpt>
      <trkpt lat="12.00690203346312" lon="108.461570972576737">
        <ele>1594.799999999999955</ele>
      </trkpt>
      <trkpt lat="12.006903039291501" lon="108.461562003940344">
        <ele>1595.400000000000091</ele>
      </trkpt>
      <trkpt lat="12.00690396130085" lon="108.461554041132331">
        <ele>1596.200000000000045</ele>
      </trkpt>
      <trkpt lat="12.006906978785992" lon="108.461542977020144">
        <ele>1596.799999999999955</ele>
      </trkpt>
      <trkpt lat="12.006909996271133" lon="108.46153300255537">
        <ele>1597.200000000000045</ele>
      </trkpt>
      <trkpt lat="12.006915025413036" lon="108.461519004777074">
        <ele>1597.599999999999909</ele>
      </trkpt>
      <trkpt lat="12.006921982392669" lon="108.461508024483919">
        <ele>1598</ele>
      </trkpt>
      <trkpt lat="12.006928017362952" lon="108.461497966200113">
        <ele>1598.599999999999909</ele>
      </trkpt>
      <trkpt lat="12.006932040676475" lon="108.461484974250197">
        <ele>1598.599999999999909</ele>
      </trkpt>
      <trkpt lat="12.006937991827726" lon="108.461476005613804">
        <ele>1599.200000000000045</ele>
      </trkpt>
      <trkpt lat="12.006938997656107" lon="108.461471982300282">
        <ele>1599.400000000000091</ele>
      </trkpt>
      <trkpt lat="12.006940003484488" lon="108.46146603114903">
        <ele>1601.200000000000045</ele>
      </trkpt>
      <trkpt lat="12.00694402679801" lon="108.461457984521985">
        <ele>1601.599999999999909</ele>
      </trkpt>
      <trkpt lat="12.00694402679801" lon="108.461454967036843">
        <ele>1601.599999999999909</ele>
      </trkpt>
      <trkpt lat="12.006950983777642" lon="108.461443986743689">
        <ele>1603</ele>
      </trkpt>
      <trkpt lat="12.006951989606023" lon="108.461441975086927">
        <ele>1603.799999999999955</ele>
      </trkpt>
      <trkpt lat="12.006956012919545" lon="108.461429988965392">
        <ele>1603.799999999999955</ele>
      </trkpt>
      <trkpt lat="12.006959030404687" lon="108.461414985358715">
        <ele>1604.200000000000045</ele>
      </trkpt>
      <trkpt lat="12.006961964070797" lon="108.46140299923718">
        <ele>1604.200000000000045</ele>
      </trkpt>
      <trkpt lat="12.006965987384319" lon="108.461391013115644">
        <ele>1604.400000000000091</ele>
      </trkpt>
      <trkpt lat="12.006969004869461" lon="108.461384978145361">
        <ele>1605</ele>
      </trkpt>
      <trkpt lat="12.006970010697842" lon="108.461384978145361">
        <ele>1606</ele>
      </trkpt>
      <trkpt lat="12.006971016526222" lon="108.46138397231698">
        <ele>1606.400000000000091</ele>
      </trkpt>
      <trkpt lat="12.006972022354603" lon="108.46138103865087">
        <ele>1607.599999999999909</ele>
      </trkpt>
      <trkpt lat="12.006972022354603" lon="108.46138003282249">
        <ele>1608</ele>
      </trkpt>
      <trkpt lat="12.006983002647758" lon="108.461366035044193">
        <ele>1610.200000000000045</ele>
      </trkpt>
      <trkpt lat="12.006994988769293" lon="108.461352959275246">
        <ele>1610.400000000000091</ele>
      </trkpt>
      <trkpt lat="12.007003035396338" lon="108.461338961496949">
        <ele>1610.400000000000091</ele>
      </trkpt>
      <trkpt lat="12.007004963234067" lon="108.461320018395782">
        <ele>1610.599999999999909</ele>
      </trkpt>
      <trkpt lat="12.00701099820435" lon="108.461305014789104">
        <ele>1610.599999999999909</ele>
      </trkpt>
      <trkpt lat="12.007018039003015" lon="108.461291017010808">
        <ele>1610.799999999999955</ele>
      </trkpt>
      <trkpt lat="12.007021978497505" lon="108.461272995918989">
        <ele>1610.799999999999955</ele>
      </trkpt>
      <trkpt lat="12.007024995982647" lon="108.46125103533268">
        <ele>1610.799999999999955</ele>
      </trkpt>
      <trkpt lat="12.007029019296169" lon="108.461241982877254">
        <ele>1611</ele>
      </trkpt>
      <trkpt lat="12.007035976275802" lon="108.4612310025841">
        <ele>1611.200000000000045</ele>
      </trkpt>
      <trkpt lat="12.007042011246085" lon="108.461222033947706">
        <ele>1611.200000000000045</ele>
      </trkpt>
      <trkpt lat="12.007046034559608" lon="108.461217004805803">
        <ele>1611.400000000000091</ele>
      </trkpt>
      <trkpt lat="12.007044022902846" lon="108.461205018684268">
        <ele>1611.799999999999955</ele>
      </trkpt>
      <trkpt lat="12.007039999589324" lon="108.461203007027507">
        <ele>1612</ele>
      </trkpt>
      <trkpt lat="12.007039999589324" lon="108.461200995370746">
        <ele>1612.799999999999955</ele>
      </trkpt>
      <trkpt lat="12.007039999589324" lon="108.461191020905972">
        <ele>1613</ele>
      </trkpt>
      <trkpt lat="12.007042011246085" lon="108.461180962622166">
        <ele>1613</ele>
      </trkpt>
      <trkpt lat="12.007042011246085" lon="108.461175011470914">
        <ele>1613.200000000000045</ele>
      </trkpt>
      <trkpt lat="12.007046034559608" lon="108.461163025349379">
        <ele>1613.200000000000045</ele>
      </trkpt>
      <trkpt lat="12.007047040387988" lon="108.461155984550714">
        <ele>1613.200000000000045</ele>
      </trkpt>
      <trkpt lat="12.007049974054098" lon="108.461147015914321">
        <ele>1613.400000000000091</ele>
      </trkpt>
      <trkpt lat="12.007055003196001" lon="108.461132012307644">
        <ele>1613.400000000000091</ele>
      </trkpt>
      <trkpt lat="12.007061038166285" lon="108.461121032014489">
        <ele>1613.599999999999909</ele>
      </trkpt>
      <trkpt lat="12.007070006802678" lon="108.461112985387444">
        <ele>1614</ele>
      </trkpt>
      <trkpt lat="12.007072018459439" lon="108.461108040064573">
        <ele>1614.200000000000045</ele>
      </trkpt>
      <trkpt lat="12.007077969610691" lon="108.461098987609148">
        <ele>1614.400000000000091</ele>
      </trkpt>
      <trkpt lat="12.007087022066116" lon="108.461095970124006">
        <ele>1614.799999999999955</ele>
      </trkpt>
      <trkpt lat="12.007094984874129" lon="108.461091024801135">
        <ele>1615</ele>
      </trkpt>
      <trkpt lat="12.007103031501174" lon="108.461087001487613">
        <ele>1615.200000000000045</ele>
      </trkpt>
      <trkpt lat="12.007107976824045" lon="108.46108297817409">
        <ele>1615.400000000000091</ele>
      </trkpt>
      <trkpt lat="12.007112000137568" lon="108.46108297817409">
        <ele>1616</ele>
      </trkpt>
      <trkpt lat="12.007114011794329" lon="108.461083984002471">
        <ele>1616.400000000000091</ele>
      </trkpt>
      <trkpt lat="12.007133038714528" lon="108.461076021194458">
        <ele>1616.799999999999955</ele>
      </trkpt>
      <trkpt lat="12.007146030664444" lon="108.461063029244542">
        <ele>1617</ele>
      </trkpt>
      <trkpt lat="12.00715902261436" lon="108.461053976789117">
        <ele>1617.200000000000045</ele>
      </trkpt>
      <trkpt lat="12.007170002907515" lon="108.461048025637865">
        <ele>1617.400000000000091</ele>
      </trkpt>
      <trkpt lat="12.007180983200669" lon="108.461040984839201">
        <ele>1617.599999999999909</ele>
      </trkpt>
      <trkpt lat="12.007191041484475" lon="108.461034027859569">
        <ele>1617.599999999999909</ele>
      </trkpt>
      <trkpt lat="12.007201015949249" lon="108.461024975404143">
        <ele>1618</ele>
      </trkpt>
      <trkpt lat="12.007215013727546" lon="108.461020030081272">
        <ele>1618.200000000000045</ele>
      </trkpt>
      <trkpt lat="12.007229011505842" lon="108.46101600676775">
        <ele>1618.599999999999909</ele>
      </trkpt>
      <trkpt lat="12.007231023162603" lon="108.46101600676775">
        <ele>1619</ele>
      </trkpt>
      <trkpt lat="12.007248038426042" lon="108.461025981232524">
        <ele>1620.200000000000045</ele>
      </trkpt>
      <trkpt lat="12.007258012890816" lon="108.461019024252892">
        <ele>1620.599999999999909</ele>
      </trkpt>
      <trkpt lat="12.007265975698829" lon="108.461012989282608">
        <ele>1621</ele>
      </trkpt>
      <trkpt lat="12.007273016497493" lon="108.461007038131356">
        <ele>1621.200000000000045</ele>
      </trkpt>
      <trkpt lat="12.007280979305506" lon="108.460999997332692">
        <ele>1621.400000000000091</ele>
      </trkpt>
      <trkpt lat="12.007287014275789" lon="108.460998991504312">
        <ele>1621.799999999999955</ele>
      </trkpt>
      <trkpt lat="12.007296988740563" lon="108.460998991504312">
        <ele>1621.799999999999955</ele>
      </trkpt>
      <trkpt lat="12.007308974862099" lon="108.460992034524679">
        <ele>1622.200000000000045</ele>
      </trkpt>
      <trkpt lat="12.007317021489143" lon="108.460988011211157">
        <ele>1622.400000000000091</ele>
      </trkpt>
      <trkpt lat="12.007322972640395" lon="108.460983987897635">
        <ele>1622.799999999999955</ele>
      </trkpt>
      <trkpt lat="12.007330013439059" lon="108.460980970412493">
        <ele>1623</ele>
      </trkpt>
      <trkpt lat="12.007338982075453" lon="108.460969990119338">
        <ele>1623.400000000000091</ele>
      </trkpt>
      <trkpt lat="12.007345017045736" lon="108.460961021482944">
        <ele>1623.599999999999909</ele>
      </trkpt>
      <trkpt lat="12.007351974025369" lon="108.460950963199139">
        <ele>1624.200000000000045</ele>
      </trkpt>
      <trkpt lat="12.007359014824033" lon="108.460944006219506">
        <ele>1624.799999999999955</ele>
      </trkpt>
      <trkpt lat="12.007364965975285" lon="108.460937971249223">
        <ele>1624.799999999999955</ele>
      </trkpt>
      <trkpt lat="12.00737401843071" lon="108.460929002612829">
        <ele>1625</ele>
      </trkpt>
      <trkpt lat="12.007382987067103" lon="108.460921961814165">
        <ele>1625.400000000000091</ele>
      </trkpt>
      <trkpt lat="12.007392039522529" lon="108.46090997569263">
        <ele>1625.799999999999955</ele>
      </trkpt>
      <trkpt lat="12.007398996502161" lon="108.460896983742714">
        <ele>1626.200000000000045</ele>
      </trkpt>
      <trkpt lat="12.007406037300825" lon="108.46088700927794">
        <ele>1626.599999999999909</ele>
      </trkpt>
      <trkpt lat="12.007416011765599" lon="108.460876028984785">
        <ele>1626.599999999999909</ele>
      </trkpt>
      <trkpt lat="12.007426992058754" lon="108.460863959044218">
        <ele>1627</ele>
      </trkpt>
      <trkpt lat="12.007435960695148" lon="108.460857002064586">
        <ele>1627.400000000000091</ele>
      </trkpt>
      <trkpt lat="12.007450964301825" lon="108.460847027599812">
        <ele>1627.599999999999909</ele>
      </trkpt>
      <trkpt lat="12.007464040070772" lon="108.460837975144386">
        <ele>1628.599999999999909</ele>
      </trkpt>
      <trkpt lat="12.007479965686798" lon="108.460819032043219">
        <ele>1628.799999999999955</ele>
      </trkpt>
      <trkpt lat="12.007491029798985" lon="108.460807967931032">
        <ele>1629</ele>
      </trkpt>
      <trkpt lat="12.007493963465095" lon="108.460804028436542">
        <ele>1629.200000000000045</ele>
      </trkpt>
      <trkpt lat="12.007496980950236" lon="108.4608010109514">
        <ele>1630</ele>
      </trkpt>
      <trkpt lat="12.007495975121856" lon="108.460797993466258">
        <ele>1630.599999999999909</ele>
      </trkpt>
      <trkpt lat="12.007498992606997" lon="108.460796987637877">
        <ele>1633</ele>
      </trkpt>
      <trkpt lat="12.007507961243391" lon="108.460786007344723">
        <ele>1633.200000000000045</ele>
      </trkpt>
      <trkpt lat="12.007513996213675" lon="108.460777038708329">
        <ele>1633.200000000000045</ele>
      </trkpt>
      <trkpt lat="12.007521959021688" lon="108.460768992081285">
        <ele>1633.200000000000045</ele>
      </trkpt>
      <trkpt lat="12.007530005648732" lon="108.460756000131369">
        <ele>1633.200000000000045</ele>
      </trkpt>
      <trkpt lat="12.007538974285126" lon="108.460746025666595">
        <ele>1633.400000000000091</ele>
      </trkpt>
      <trkpt lat="12.007550038397312" lon="108.46073898486793">
        <ele>1633.599999999999909</ele>
      </trkpt>
      <trkpt lat="12.007562024518847" lon="108.460729010403156">
        <ele>1633.799999999999955</ele>
      </trkpt>
      <trkpt lat="12.007574010640383" lon="108.460718030110002">
        <ele>1634</ele>
      </trkpt>
      <trkpt lat="12.007595971226692" lon="108.460705960169435">
        <ele>1634.200000000000045</ele>
      </trkpt>
      <trkpt lat="12.007606029510498" lon="108.460701014846563">
        <ele>1634.599999999999909</ele>
      </trkpt>
      <trkpt lat="12.007622960954905" lon="108.460691962391138">
        <ele>1634.799999999999955</ele>
      </trkpt>
      <trkpt lat="12.007647017017007" lon="108.460693974047899">
        <ele>1635.400000000000091</ele>
      </trkpt>
      <trkpt lat="12.007661014795303" lon="108.460700009018183">
        <ele>1635.799999999999955</ele>
      </trkpt>
      <trkpt lat="12.007673000916839" lon="108.460699003189802">
        <ele>1636.200000000000045</ele>
      </trkpt>
      <trkpt lat="12.007674006745219" lon="108.460699003189802">
        <ele>1639.200000000000045</ele>
      </trkpt>
      <trkpt lat="12.007738966494799" lon="108.460740996524692">
        <ele>1639.200000000000045</ele>
      </trkpt>
      <trkpt lat="12.007878022268414" lon="108.460862031206489">
        <ele>1638.799999999999955</ele>
      </trkpt>
      <trkpt lat="12.007907023653388" lon="108.460937971249223">
        <ele>1638.599999999999909</ele>
      </trkpt>
      <trkpt lat="12.007920015603304" lon="108.460969990119338">
        <ele>1638.599999999999909</ele>
      </trkpt>
      <trkpt lat="12.007932001724839" lon="108.461002008989453">
        <ele>1638.599999999999909</ele>
      </trkpt>
      <trkpt lat="12.007951028645039" lon="108.461023969575763">
        <ele>1638.599999999999909</ele>
      </trkpt>
      <trkpt lat="12.007970977574587" lon="108.461048025637865">
        <ele>1638.599999999999909</ele>
      </trkpt>
      <trkpt lat="12.007986987009645" lon="108.461065962910652">
        <ele>1638.599999999999909</ele>
      </trkpt>
      <trkpt lat="12.008000984787941" lon="108.4610790386796">
        <ele>1638.400000000000091</ele>
      </trkpt>
      <trkpt lat="12.008015988394618" lon="108.461095970124006">
        <ele>1638.400000000000091</ele>
      </trkpt>
      <trkpt lat="12.008027974516153" lon="108.461108962073922">
        <ele>1638.400000000000091</ele>
      </trkpt>
      <trkpt lat="12.00803903862834" lon="108.461122959852219">
        <ele>1638.200000000000045</ele>
      </trkpt>
      <trkpt lat="12.008057981729507" lon="108.461149027571082">
        <ele>1638</ele>
      </trkpt>
      <trkpt lat="12.008068040013313" lon="108.461162019520998">
        <ele>1637.599999999999909</ele>
      </trkpt>
      <trkpt lat="12.008107015863061" lon="108.461204012855887">
        <ele>1636.400000000000091</ele>
      </trkpt>
      <trkpt lat="12.008119001984596" lon="108.461223039776087">
        <ele>1636</ele>
      </trkpt>
      <trkpt lat="12.00812797062099" lon="108.461249023675919">
        <ele>1635.200000000000045</ele>
      </trkpt>
      <trkpt lat="12.008137023076415" lon="108.461265033110976">
        <ele>1635</ele>
      </trkpt>
      <trkpt lat="12.008144985884428" lon="108.461283976212144">
        <ele>1634.400000000000091</ele>
      </trkpt>
      <trkpt lat="12.008153032511473" lon="108.461305014789104">
        <ele>1634.200000000000045</ele>
      </trkpt>
      <trkpt lat="12.008167030289769" lon="108.461326975375414">
        <ele>1633.200000000000045</ele>
      </trkpt>
      <trkpt lat="12.008183961734176" lon="108.461344996467233">
        <ele>1632.799999999999955</ele>
      </trkpt>
      <trkpt lat="12.008194020017982" lon="108.461368968710303">
        <ele>1631.599999999999909</ele>
      </trkpt>
      <trkpt lat="12.008208017796278" lon="108.461386989802122">
        <ele>1631</ele>
      </trkpt>
      <trkpt lat="12.008224027231336" lon="108.461409034207463">
        <ele>1630.200000000000045</ele>
      </trkpt>
      <trkpt lat="12.008238025009632" lon="108.461437029764056">
        <ele>1629</ele>
      </trkpt>
      <trkpt lat="12.008246993646026" lon="108.461453961208463">
        <ele>1628.599999999999909</ele>
      </trkpt>
      <trkpt lat="12.00825504027307" lon="108.461474999785423">
        <ele>1627.400000000000091</ele>
      </trkpt>
      <trkpt lat="12.008269960060716" lon="108.461508024483919">
        <ele>1625.799999999999955</ele>
      </trkpt>
      <trkpt lat="12.008280018344522" lon="108.461541971191764">
        <ele>1624</ele>
      </trkpt>
      <trkpt lat="12.00829703360796" lon="108.461605003103614">
        <ele>1622</ele>
      </trkpt>
      <trkpt lat="12.008310025557876" lon="108.461656970903277">
        <ele>1620.400000000000091</ele>
      </trkpt>
      <trkpt lat="12.008314970880747" lon="108.46168203279376">
        <ele>1619.400000000000091</ele>
      </trkpt>
      <trkpt lat="12.008316982537508" lon="108.461729977279902">
        <ele>1617.599999999999909</ele>
      </trkpt>
      <trkpt lat="12.008329974487424" lon="108.46176702529192">
        <ele>1616</ele>
      </trkpt>
      <trkpt lat="12.008355958387256" lon="108.46181103028357">
        <ele>1614.400000000000091</ele>
      </trkpt>
      <trkpt lat="12.008370039984584" lon="108.461831985041499">
        <ele>1612.799999999999955</ele>
      </trkpt>
      <trkpt lat="12.008379008620977" lon="108.461859980598092">
        <ele>1612</ele>
      </trkpt>
      <trkpt lat="12.008388983085752" lon="108.461881019175053">
        <ele>1611</ele>
      </trkpt>
      <trkpt lat="12.008403986692429" lon="108.461910020560026">
        <ele>1610.599999999999909</ele>
      </trkpt>
      <trkpt lat="12.008421001955867" lon="108.461926029995084">
        <ele>1609.400000000000091</ele>
      </trkpt>
      <trkpt lat="12.008440028876066" lon="108.461945978924632">
        <ele>1609</ele>
      </trkpt>
      <trkpt lat="12.008454026654363" lon="108.46196198835969">
        <ele>1608</ele>
      </trkpt>
      <trkpt lat="12.008476993069053" lon="108.461999036371708">
        <ele>1606.799999999999955</ele>
      </trkpt>
      <trkpt lat="12.00851303525269" lon="108.462046980857849">
        <ele>1605.599999999999909</ele>
      </trkpt>
      <trkpt lat="12.008525021374226" lon="108.46206902526319">
        <ele>1604.799999999999955</ele>
      </trkpt>
      <trkpt lat="12.008532984182239" lon="108.462157035246491">
        <ele>1603</ele>
      </trkpt>
      <trkpt lat="12.008537007495761" lon="108.462183019146323">
        <ele>1602.400000000000091</ele>
      </trkpt>
      <trkpt lat="12.008545976132154" lon="108.462202968075871">
        <ele>1602</ele>
      </trkpt>
      <trkpt lat="12.008560979738832" lon="108.462227024137974">
        <ele>1601.400000000000091</ele>
      </trkpt>
      <trkpt lat="12.008575983345509" lon="108.462287038564682">
        <ele>1600.200000000000045</ele>
      </trkpt>
      <trkpt lat="12.008576989173889" lon="108.462320985272527">
        <ele>1599</ele>
      </trkpt>
      <trkpt lat="12.008602973073721" lon="108.462401032447815">
        <ele>1597.599999999999909</ele>
      </trkpt>
      <trkpt lat="12.008612025529146" lon="108.462430033832788">
        <ele>1596.400000000000091</ele>
      </trkpt>
      <trkpt lat="12.008625017479062" lon="108.462479989975691">
        <ele>1594.599999999999909</ele>
      </trkpt>
      <trkpt lat="12.008628034964204" lon="108.462505973875523">
        <ele>1593.200000000000045</ele>
      </trkpt>
      <trkpt lat="12.008639015257359" lon="108.462565988302231">
        <ele>1591.599999999999909</ele>
      </trkpt>
      <trkpt lat="12.008645972236991" lon="108.462621979415417">
        <ele>1590.200000000000045</ele>
      </trkpt>
      <trkpt lat="12.008652007207274" lon="108.462651986628771">
        <ele>1589.400000000000091</ele>
      </trkpt>
      <trkpt lat="12.008658964186907" lon="108.462680988013744">
        <ele>1588.400000000000091</ele>
      </trkpt>
      <trkpt lat="12.00866399332881" lon="108.462704960256815">
        <ele>1587.200000000000045</ele>
      </trkpt>
      <trkpt lat="12.008672961965203" lon="108.462777966633439">
        <ele>1585.599999999999909</ele>
      </trkpt>
      <trkpt lat="12.008691988885403" lon="108.462838986888528">
        <ele>1584.400000000000091</ele>
      </trkpt>
      <trkpt lat="12.008710009977221" lon="108.462901012971997">
        <ele>1583.200000000000045</ele>
      </trkpt>
      <trkpt lat="12.008719984441996" lon="108.462932026013732">
        <ele>1582.400000000000091</ele>
      </trkpt>
      <trkpt lat="12.008724007755518" lon="108.462965972721577">
        <ele>1581.599999999999909</ele>
      </trkpt>
      <trkpt lat="12.008732976391912" lon="108.463024981319904">
        <ele>1580.599999999999909</ele>
      </trkpt>
      <trkpt lat="12.008736999705434" lon="108.463053982704878">
        <ele>1580.400000000000091</ele>
      </trkpt>
      <trkpt lat="12.008738005533814" lon="108.463115002959967">
        <ele>1579.200000000000045</ele>
      </trkpt>
      <trkpt lat="12.008735993877053" lon="108.463140986859798">
        <ele>1578.400000000000091</ele>
      </trkpt>
      <trkpt lat="12.008734988048673" lon="108.463167976588011">
        <ele>1577.799999999999955</ele>
      </trkpt>
      <trkpt lat="12.008734988048673" lon="108.463199995458126">
        <ele>1577</ele>
      </trkpt>
      <trkpt lat="12.008738005533814" lon="108.463231008499861">
        <ele>1576.200000000000045</ele>
      </trkpt>
      <trkpt lat="12.008741023018956" lon="108.463265961036086">
        <ele>1575.799999999999955</ele>
      </trkpt>
      <trkpt lat="12.008743034675717" lon="108.463307032361627">
        <ele>1575</ele>
      </trkpt>
      <trkpt lat="12.008741023018956" lon="108.463349025696516">
        <ele>1574.599999999999909</ele>
      </trkpt>
      <trkpt lat="12.008726019412279" lon="108.463418008759618">
        <ele>1573.799999999999955</ele>
      </trkpt>
      <trkpt lat="12.008702969178557" lon="108.463542982935905">
        <ele>1572.599999999999909</ele>
      </trkpt>
      <trkpt lat="12.008704980835319" lon="108.463579025119543">
        <ele>1572.200000000000045</ele>
      </trkpt>
      <trkpt lat="12.008709004148841" lon="108.463682038709521">
        <ele>1571.200000000000045</ele>
      </trkpt>
      <trkpt lat="12.00872995890677" lon="108.463725037872791">
        <ele>1570.599999999999909</ele>
      </trkpt>
      <trkpt lat="12.008743034675717" lon="108.463740041479468">
        <ele>1570.200000000000045</ele>
      </trkpt>
      <trkpt lat="12.008753009140491" lon="108.463752027601004">
        <ele>1570</ele>
      </trkpt>
      <trkpt lat="12.008755020797253" lon="108.463755967095494">
        <ele>1569.799999999999955</ele>
      </trkpt>
      <trkpt lat="12.008787039667368" lon="108.463796032592654">
        <ele>1569</ele>
      </trkpt>
      <trkpt lat="12.008801959455013" lon="108.463822016492486">
        <ele>1569</ele>
      </trkpt>
      <trkpt lat="12.0088130235672" lon="108.463857974857092">
        <ele>1569</ele>
      </trkpt>
      <trkpt lat="12.008829033002257" lon="108.463928969576955">
        <ele>1568.799999999999955</ele>
      </trkpt>
      <trkpt lat="12.00883598998189" lon="108.46395998261869">
        <ele>1568.599999999999909</ele>
      </trkpt>
      <trkpt lat="12.008842024952173" lon="108.463986972346902">
        <ele>1568.400000000000091</ele>
      </trkpt>
      <trkpt lat="12.008853005245328" lon="108.464022008702159">
        <ele>1568.200000000000045</ele>
      </trkpt>
      <trkpt lat="12.008911008015275" lon="108.464247984811664">
        <ele>1566.799999999999955</ele>
      </trkpt>
      <trkpt lat="12.008919976651669" lon="108.464286960661411">
        <ele>1566.400000000000091</ele>
      </trkpt>
      <trkpt lat="12.008923999965191" lon="108.464314034208655">
        <ele>1566.200000000000045</ele>
      </trkpt>
      <trkpt lat="12.008931962773204" lon="108.46434697508812">
        <ele>1565.599999999999909</ele>
      </trkpt>
      <trkpt lat="12.00900899246335" lon="108.464528024196625">
        <ele>1565</ele>
      </trkpt>
      <trkpt lat="12.00902902521193" lon="108.464567000046372">
        <ele>1564.799999999999955</ele>
      </trkpt>
      <trkpt lat="12.009086022153497" lon="108.464694991707802">
        <ele>1564.400000000000091</ele>
      </trkpt>
      <trkpt lat="12.009138995781541" lon="108.464787025004625">
        <ele>1564.400000000000091</ele>
      </trkpt>
      <trkpt lat="12.009256007149816" lon="108.465031022205949">
        <ele>1565.200000000000045</ele>
      </trkpt>
      <trkpt lat="12.009289031848311" lon="108.465103022754192">
        <ele>1565.799999999999955</ele>
      </trkpt>
      <trkpt lat="12.00930898077786" lon="108.465137975290418">
        <ele>1566</ele>
      </trkpt>
      <trkpt lat="12.009324990212917" lon="108.465163959190249">
        <ele>1566.799999999999955</ele>
      </trkpt>
      <trkpt lat="12.009342005476356" lon="108.465190026909113">
        <ele>1567.400000000000091</ele>
      </trkpt>
      <trkpt lat="12.009358014911413" lon="108.465213999152184">
        <ele>1568</ele>
      </trkpt>
      <trkpt lat="12.009367989376187" lon="108.465231014415622">
        <ele>1568.599999999999909</ele>
      </trkpt>
      <trkpt lat="12.00937301851809" lon="108.46524802967906">
        <ele>1569.400000000000091</ele>
      </trkpt>
      <trkpt lat="12.009381987154484" lon="108.465288011357188">
        <ele>1570.200000000000045</ele>
      </trkpt>
      <trkpt lat="12.009391961619258" lon="108.465328998863697">
        <ele>1570.599999999999909</ele>
      </trkpt>
      <trkpt lat="12.009405037388206" lon="108.465382978320122">
        <ele>1571</ele>
      </trkpt>
      <trkpt lat="12.00941601768136" lon="108.465419020503759">
        <ele>1571.400000000000091</ele>
      </trkpt>
      <trkpt lat="12.009428003802896" lon="108.465453973039985">
        <ele>1571.799999999999955</ele>
      </trkpt>
      <trkpt lat="12.009451976045966" lon="108.465523961931467">
        <ele>1572</ele>
      </trkpt>
      <trkpt lat="12.009466979652643" lon="108.465577019378543">
        <ele>1572.200000000000045</ele>
      </trkpt>
      <trkpt lat="12.009486006572843" lon="108.465623036026955">
        <ele>1572.400000000000091</ele>
      </trkpt>
      <trkpt lat="12.009507967159152" lon="108.465654971078038">
        <ele>1572.599999999999909</ele>
      </trkpt>
      <trkpt lat="12.00952397659421" lon="108.46567802131176">
        <ele>1572.799999999999955</ele>
      </trkpt>
      <trkpt lat="12.00954400934279" lon="108.465698976069689">
        <ele>1573</ele>
      </trkpt>
      <trkpt lat="12.009563958272338" lon="108.46572102047503">
        <ele>1573</ele>
      </trkpt>
      <trkpt lat="12.009568987414241" lon="108.465727977454662">
        <ele>1573</ele>
      </trkpt>
      <trkpt lat="12.009555995464325" lon="108.465726971626282">
        <ele>1573.200000000000045</ele>
      </trkpt>
      <trkpt lat="12.009551972150803" lon="108.465726971626282">
        <ele>1573.200000000000045</ele>
      </trkpt>
      <trkpt lat="12.009602012112737" lon="108.465783968567848">
        <ele>1574.400000000000091</ele>
      </trkpt>
      <trkpt lat="12.009626990184188" lon="108.465810958296061">
        <ele>1574.400000000000091</ele>
      </trkpt>
      <trkpt lat="12.00965297408402" lon="108.465838031843305">
        <ele>1574.200000000000045</ele>
      </trkpt>
      <trkpt lat="12.009683987125754" lon="108.465864015743136">
        <ele>1574.200000000000045</ele>
      </trkpt>
      <trkpt lat="12.009780965745449" lon="108.465957976877689">
        <ele>1574</ele>
      </trkpt>
      <trkpt lat="12.00991096906364" lon="108.466154029592872">
        <ele>1573</ele>
      </trkpt>
      <trkpt lat="12.009957991540432" lon="108.466211026534438">
        <ele>1572.400000000000091</ele>
      </trkpt>
      <trkpt lat="12.009979030117393" lon="108.466245979070663">
        <ele>1571</ele>
      </trkpt>
      <trkpt lat="12.010096041485667" lon="108.466381011530757">
        <ele>1570</ele>
      </trkpt>
      <trkpt lat="12.010118002071977" lon="108.466415964066982">
        <ele>1569.200000000000045</ele>
      </trkpt>
      <trkpt lat="12.010148009285331" lon="108.466458041220903">
        <ele>1568.799999999999955</ele>
      </trkpt>
      <trkpt lat="12.010171981528401" lon="108.466491987928748">
        <ele>1567.599999999999909</ele>
      </trkpt>
      <trkpt lat="12.010259991511703" lon="108.466577986255288">
        <ele>1566</ele>
      </trkpt>
      <trkpt lat="12.01029896736145" lon="108.466615034267306">
        <ele>1565.599999999999909</ele>
      </trkpt>
      <trkpt lat="12.010335009545088" lon="108.466636994853616">
        <ele>1564.799999999999955</ele>
      </trkpt>
      <trkpt lat="12.010366022586823" lon="108.466657027602196">
        <ele>1564.599999999999909</ele>
      </trkpt>
      <trkpt lat="12.010391000658274" lon="108.466673959046602">
        <ele>1564.200000000000045</ele>
      </trkpt>
      <trkpt lat="12.010422013700008" lon="108.466699020937085">
        <ele>1563.799999999999955</ele>
      </trkpt>
      <trkpt lat="12.010455960407853" lon="108.466718969866633">
        <ele>1563.200000000000045</ele>
      </trkpt>
      <trkpt lat="12.010484961792827" lon="108.466718969866633">
        <ele>1563</ele>
      </trkpt>
      <trkpt lat="12.010514969006181" lon="108.46673397347331">
        <ele>1562.400000000000091</ele>
      </trkpt>
      <trkpt lat="12.01055696234107" lon="108.466746965423226">
        <ele>1561.799999999999955</ele>
      </trkpt>
      <trkpt lat="12.010585041716695" lon="108.466761969029903">
        <ele>1561.599999999999909</ele>
      </trkpt>
      <trkpt lat="12.010622005909681" lon="108.466778984293342">
        <ele>1561</ele>
      </trkpt>
      <trkpt lat="12.010673973709345" lon="108.466809997335076">
        <ele>1560.200000000000045</ele>
      </trkpt>
      <trkpt lat="12.010689983144403" lon="108.466817960143089">
        <ele>1560</ele>
      </trkpt>
      <trkpt lat="12.010716972872615" lon="108.466832041740417">
        <ele>1559.400000000000091</ele>
      </trkpt>
      <trkpt lat="12.010788973420858" lon="108.46686196513474">
        <ele>1559.200000000000045</ele>
      </trkpt>
      <trkpt lat="12.010823003947735" lon="108.466875040903687">
        <ele>1558.799999999999955</ele>
      </trkpt>
      <trkpt lat="12.010928029194474" lon="108.466932037845254">
        <ele>1558</ele>
      </trkpt>
      <trkpt lat="12.010958958417177" lon="108.466951986774802">
        <ele>1557.599999999999909</ele>
      </trkpt>
      <trkpt lat="12.010990977287292" lon="108.466965984553099">
        <ele>1557.200000000000045</ele>
      </trkpt>
      <trkpt lat="12.011043028905988" lon="108.466982999816537">
        <ele>1556.400000000000091</ele>
      </trkpt>
      <trkpt lat="12.011103965342045" lon="108.467019964009523">
        <ele>1554.799999999999955</ele>
      </trkpt>
      <trkpt lat="12.011140007525682" lon="108.467037985101342">
        <ele>1554.599999999999909</ele>
      </trkpt>
      <trkpt lat="12.011174038052559" lon="108.467047037556767">
        <ele>1554.200000000000045</ele>
      </trkpt>
      <trkpt lat="12.011202033609152" lon="108.467047959566116">
        <ele>1553.799999999999955</ele>
      </trkpt>
      <trkpt lat="12.011232962831855" lon="108.467045025900006">
        <ele>1553.200000000000045</ele>
      </trkpt>
      <trkpt lat="12.011257018893957" lon="108.467037985101342">
        <ele>1553</ele>
      </trkpt>
      <trkpt lat="12.01128501445055" lon="108.467050977051258">
        <ele>1552.400000000000091</ele>
      </trkpt>
      <trkpt lat="12.011313010007143" lon="108.467062963172793">
        <ele>1552.400000000000091</ele>
      </trkpt>
      <trkpt lat="12.011352991685271" lon="108.467081990092993">
        <ele>1551.599999999999909</ele>
      </trkpt>
      <trkpt lat="12.011381993070245" lon="108.467094982042909">
        <ele>1550.799999999999955</ele>
      </trkpt>
      <trkpt lat="12.011400014162064" lon="108.467106968164444">
        <ele>1550.599999999999909</ele>
      </trkpt>
      <trkpt lat="12.011420968919992" lon="108.467123983427882">
        <ele>1550.200000000000045</ele>
      </trkpt>
      <trkpt lat="12.011494981124997" lon="108.467153990641236">
        <ele>1549.599999999999909</ele>
      </trkpt>
      <trkpt lat="12.011572010815144" lon="108.467202018946409">
        <ele>1549</ele>
      </trkpt>
      <trkpt lat="12.011626996099949" lon="108.467237977311015">
        <ele>1548.200000000000045</ele>
      </trkpt>
      <trkpt lat="12.011669995263219" lon="108.467262033373117">
        <ele>1547.799999999999955</ele>
      </trkpt>
      <trkpt lat="12.011704025790095" lon="108.467277036979795">
        <ele>1547.599999999999909</ele>
      </trkpt>
      <trkpt lat="12.011732021346688" lon="108.467283993959427">
        <ele>1547</ele>
      </trkpt>
      <trkpt lat="12.011860013008118" lon="108.467340990900993">
        <ele>1546</ele>
      </trkpt>
      <trkpt lat="12.011921033263206" lon="108.467370998114347">
        <ele>1545.400000000000091</ele>
      </trkpt>
      <trkpt lat="12.01195003464818" lon="108.467387007549405">
        <ele>1545</ele>
      </trkpt>
      <trkpt lat="12.011994039639831" lon="108.467407040297985">
        <ele>1544.599999999999909</ele>
      </trkpt>
      <trkpt lat="12.012069979682565" lon="108.467449033632874">
        <ele>1543.599999999999909</ele>
      </trkpt>
      <trkpt lat="12.01216503046453" lon="108.467495972290635">
        <ele>1542.400000000000091</ele>
      </trkpt>
      <trkpt lat="12.012205012142658" lon="108.467518016695976">
        <ele>1542</ele>
      </trkpt>
      <trkpt lat="12.012311965227127" lon="108.46757099032402">
        <ele>1541</ele>
      </trkpt>
      <trkpt lat="12.012348007410765" lon="108.467584988102317">
        <ele>1540.799999999999955</ele>
      </trkpt>
      <trkpt lat="12.012384971603751" lon="108.467598985880613">
        <ele>1540.400000000000091</ele>
      </trkpt>
      <trkpt lat="12.012426964938641" lon="108.467624969780445">
        <ele>1540.400000000000091</ele>
      </trkpt>
      <trkpt lat="12.012450015172362" lon="108.467651037499309">
        <ele>1540.200000000000045</ele>
      </trkpt>
      <trkpt lat="12.012472981587052" lon="108.467679033055902">
        <ele>1540.200000000000045</ele>
      </trkpt>
      <trkpt lat="12.012487985193729" lon="108.467703005298972">
        <ele>1540</ele>
      </trkpt>
      <trkpt lat="12.012499971315265" lon="108.467727983370423">
        <ele>1540</ele>
      </trkpt>
      <trkpt lat="12.01250902377069" lon="108.467769976705313">
        <ele>1539.799999999999955</ele>
      </trkpt>
      <trkpt lat="12.012512963265181" lon="108.46780501306057">
        <ele>1539.799999999999955</ele>
      </trkpt>
      <trkpt lat="12.012516986578703" lon="108.467838037759066">
        <ele>1539.799999999999955</ele>
      </trkpt>
      <trkpt lat="12.01253199018538" lon="108.467944990843534">
        <ele>1539.400000000000091</ele>
      </trkpt>
      <trkpt lat="12.012535007670522" lon="108.467971980571747">
        <ele>1539.200000000000045</ele>
      </trkpt>
      <trkpt lat="12.012540958821774" lon="108.46799997612834">
        <ele>1539</ele>
      </trkpt>
      <trkpt lat="12.012551017105579" lon="108.468030989170074">
        <ele>1538.400000000000091</ele>
      </trkpt>
      <trkpt lat="12.012565014883876" lon="108.468057978898287">
        <ele>1538.200000000000045</ele>
      </trkpt>
      <trkpt lat="12.012601979076862" lon="108.468120004981756">
        <ele>1537.200000000000045</ele>
      </trkpt>
      <trkpt lat="12.012646989896894" lon="108.468223018571734">
        <ele>1535.799999999999955</ele>
      </trkpt>
      <trkpt lat="12.01266098767519" lon="108.468243973329663">
        <ele>1535.400000000000091</ele>
      </trkpt>
      <trkpt lat="12.012675991281867" lon="108.468269035220146">
        <ele>1535</ele>
      </trkpt>
      <trkpt lat="12.012694012373686" lon="108.468294013291597">
        <ele>1534.400000000000091</ele>
      </trkpt>
      <trkpt lat="12.01272401958704" lon="108.46834103576839">
        <ele>1533.200000000000045</ele>
      </trkpt>
      <trkpt lat="12.012742962688208" lon="108.468405995517969">
        <ele>1532.200000000000045</ele>
      </trkpt>
      <trkpt lat="12.012748997658491" lon="108.468438014388084">
        <ele>1532</ele>
      </trkpt>
      <trkpt lat="12.012751009315252" lon="108.468471961095929">
        <ele>1531.400000000000091</ele>
      </trkpt>
      <trkpt lat="12.01274698600173" lon="108.468498028814793">
        <ele>1531</ele>
      </trkpt>
      <trkpt lat="12.012740029022098" lon="108.468523006886244">
        <ele>1530.400000000000091</ele>
      </trkpt>
      <trkpt lat="12.012733994051814" lon="108.468553014099598">
        <ele>1529.599999999999909</ele>
      </trkpt>
      <trkpt lat="12.012727959081531" lon="108.46857899799943">
        <ele>1529.400000000000091</ele>
      </trkpt>
      <trkpt lat="12.012723013758659" lon="108.46860196441412">
        <ele>1528.599999999999909</ele>
      </trkpt>
      <trkpt lat="12.012714967131615" lon="108.468638006597757">
        <ele>1528.200000000000045</ele>
      </trkpt>
      <trkpt lat="12.012705998495221" lon="108.468663990497589">
        <ele>1527.200000000000045</ele>
      </trkpt>
      <trkpt lat="12.01268102042377" lon="108.468702966347337">
        <ele>1526</ele>
      </trkpt>
      <trkpt lat="12.012672973796725" lon="108.468715036287904">
        <ele>1525.599999999999909</ele>
      </trkpt>
      <trkpt lat="12.012665010988712" lon="108.468726016581059">
        <ele>1524.799999999999955</ele>
      </trkpt>
      <trkpt lat="12.012652019038796" lon="108.468742026016116">
        <ele>1523.599999999999909</ele>
      </trkpt>
      <trkpt lat="12.012639027088881" lon="108.468756023794413">
        <ele>1523.200000000000045</ele>
      </trkpt>
      <trkpt lat="12.012635003775358" lon="108.4687739610672">
        <ele>1522.200000000000045</ele>
      </trkpt>
      <trkpt lat="12.012641960754991" lon="108.468792987987399">
        <ele>1521.799999999999955</ele>
      </trkpt>
      <trkpt lat="12.012653024867177" lon="108.46881402656436">
        <ele>1521.200000000000045</ele>
      </trkpt>
      <trkpt lat="12.012666016817093" lon="108.46881402656436">
        <ele>1520.799999999999955</ele>
      </trkpt>
      <trkpt lat="12.012678002938628" lon="108.468813020735979">
        <ele>1520</ele>
      </trkpt>
      <trkpt lat="12.012692000716925" lon="108.468798017129302">
        <ele>1519.799999999999955</ele>
      </trkpt>
      <trkpt lat="12.012757966294885" lon="108.468739008530974">
        <ele>1518.200000000000045</ele>
      </trkpt>
      <trkpt lat="12.012785039842129" lon="108.468715958297253">
        <ele>1518</ele>
      </trkpt>
      <trkpt lat="12.012807000428438" lon="108.46868796274066">
        <ele>1518</ele>
      </trkpt>
      <trkpt lat="12.012910014018416" lon="108.468631971627474">
        <ele>1518</ele>
      </trkpt>
      <trkpt lat="12.012966005131602" lon="108.468586038798094">
        <ele>1518</ele>
      </trkpt>
      <trkpt lat="12.013059966266155" lon="108.46849400550127">
        <ele>1518.400000000000091</ele>
      </trkpt>
      <trkpt lat="12.013185024261475" lon="108.468317985534668">
        <ele>1518.200000000000045</ele>
      </trkpt>
      <trkpt lat="12.01319801621139" lon="108.468289989978075">
        <ele>1518.200000000000045</ele>
      </trkpt>
      <trkpt lat="12.013214025646448" lon="108.468254031613469">
        <ele>1518</ele>
      </trkpt>
      <trkpt lat="12.013235986232758" lon="108.468177001923323">
        <ele>1517.599999999999909</ele>
      </trkpt>
      <trkpt lat="12.013231040909886" lon="108.468092009425163">
        <ele>1517.400000000000091</ele>
      </trkpt>
      <trkpt lat="12.013228023424745" lon="108.468050016090274">
        <ele>1517.200000000000045</ele>
      </trkpt>
      <trkpt lat="12.013222994282842" lon="108.468003999441862">
        <ele>1516.799999999999955</ele>
      </trkpt>
      <trkpt lat="12.013216959312558" lon="108.467955971136689">
        <ele>1516.599999999999909</ele>
      </trkpt>
      <trkpt lat="12.013211008161306" lon="108.467910960316658">
        <ele>1515.799999999999955</ele>
      </trkpt>
      <trkpt lat="12.013212013989687" lon="108.467864021658897">
        <ele>1515.200000000000045</ele>
      </trkpt>
      <trkpt lat="12.013224000111222" lon="108.467820016667247">
        <ele>1514.799999999999955</ele>
      </trkpt>
      <trkpt lat="12.013244032859802" lon="108.46778498031199">
        <ele>1514.200000000000045</ele>
      </trkpt>
      <trkpt lat="12.013269010931253" lon="108.467764025554061">
        <ele>1513.799999999999955</ele>
      </trkpt>
      <trkpt lat="12.013296000659466" lon="108.467760002240539">
        <ele>1513</ele>
      </trkpt>
      <trkpt lat="12.013330031186342" lon="108.467790009453893">
        <ele>1512.799999999999955</ele>
      </trkpt>
      <trkpt lat="12.013360960409045" lon="108.467829991132021">
        <ele>1512.200000000000045</ele>
      </trkpt>
      <trkpt lat="12.013387028127909" lon="108.467872990295291">
        <ele>1512</ele>
      </trkpt>
      <trkpt lat="12.013433966785669" lon="108.467958988621831">
        <ele>1510.599999999999909</ele>
      </trkpt>
      <trkpt lat="12.013463973999023" lon="108.468010034412146">
        <ele>1510.200000000000045</ele>
      </trkpt>
      <trkpt lat="12.013484006747603" lon="108.468044986948371">
        <ele>1509.599999999999909</ele>
      </trkpt>
      <trkpt lat="12.013504961505532" lon="108.468081029132009">
        <ele>1509.200000000000045</ele>
      </trkpt>
      <trkpt lat="12.013546032831073" lon="108.468152023851871">
        <ele>1508.400000000000091</ele>
      </trkpt>
      <trkpt lat="12.013576040044427" lon="108.468187982216477">
        <ele>1508</ele>
      </trkpt>
      <trkpt lat="12.01360403560102" lon="108.468218995258212">
        <ele>1507</ele>
      </trkpt>
      <trkpt lat="12.013631025329232" lon="108.468253025785089">
        <ele>1506.599999999999909</ele>
      </trkpt>
      <trkpt lat="12.013659020885825" lon="108.468289989978075">
        <ele>1505.799999999999955</ele>
      </trkpt>
      <trkpt lat="12.013686010614038" lon="108.468324020504951">
        <ele>1505</ele>
      </trkpt>
      <trkpt lat="12.013704031705856" lon="108.468352016061544">
        <ele>1504.799999999999955</ele>
      </trkpt>
      <trkpt lat="12.013725992292166" lon="108.468379005789757">
        <ele>1503.799999999999955</ele>
      </trkpt>
      <trkpt lat="12.013749964535236" lon="108.46840700134635">
        <ele>1503.400000000000091</ele>
      </trkpt>
      <trkpt lat="12.013767985627055" lon="108.468440026044846">
        <ele>1502.599999999999909</ele>
      </trkpt>
      <trkpt lat="12.01377997174859" lon="108.468461986631155">
        <ele>1502</ele>
      </trkpt>
      <trkpt lat="12.013801010325551" lon="108.468495011329651">
        <ele>1501.200000000000045</ele>
      </trkpt>
      <trkpt lat="12.013823976740241" lon="108.468531975522637">
        <ele>1500.599999999999909</ele>
      </trkpt>
      <trkpt lat="12.013849960640073" lon="108.468557959422469">
        <ele>1500.400000000000091</ele>
      </trkpt>
      <trkpt lat="12.013878040015697" lon="108.46857899799943">
        <ele>1499.400000000000091</ele>
      </trkpt>
      <trkpt lat="12.013912992551923" lon="108.468586038798094">
        <ele>1499</ele>
      </trkpt>
      <trkpt lat="12.013955991715193" lon="108.468595007434487">
        <ele>1498</ele>
      </trkpt>
      <trkpt lat="12.014003014191985" lon="108.468589978292584">
        <ele>1497.599999999999909</ele>
      </trkpt>
      <trkpt lat="12.014042995870113" lon="108.468577992171049">
        <ele>1496.799999999999955</ele>
      </trkpt>
      <trkpt lat="12.014079038053751" lon="108.468552008271217">
        <ele>1496.400000000000091</ele>
      </trkpt>
      <trkpt lat="12.014122037217021" lon="108.46851596608758">
        <ele>1495.400000000000091</ele>
      </trkpt>
      <trkpt lat="12.01416696421802" lon="108.468488976359367">
        <ele>1494.799999999999955</ele>
      </trkpt>
      <trkpt lat="12.014210969209671" lon="108.468463998287916">
        <ele>1494.200000000000045</ele>
      </trkpt>
      <trkpt lat="12.014297973364592" lon="108.46838797442615">
        <ele>1493</ele>
      </trkpt>
      <trkpt lat="12.014355976134539" lon="108.468345981091261">
        <ele>1492.200000000000045</ele>
      </trkpt>
      <trkpt lat="12.014406016096473" lon="108.468319997191429">
        <ele>1491.799999999999955</ele>
      </trkpt>
      <trkpt lat="12.014454966410995" lon="108.468292001634836">
        <ele>1491</ele>
      </trkpt>
      <trkpt lat="12.014534007757902" lon="108.468231987208128">
        <ele>1490.200000000000045</ele>
      </trkpt>
      <trkpt lat="12.014632998034358" lon="108.468151018023491">
        <ele>1489.799999999999955</ele>
      </trkpt>
      <trkpt lat="12.014966011047363" lon="108.467940967530012">
        <ele>1489.599999999999909</ele>
      </trkpt>
      <trkpt lat="12.015004986897111" lon="108.467915989458561">
        <ele>1490</ele>
      </trkpt>
      <trkpt lat="12.015033988282084" lon="108.467895034700632">
        <ele>1490.200000000000045</ele>
      </trkpt>
      <trkpt lat="12.015076987445354" lon="108.467866033315659">
        <ele>1490.799999999999955</ele>
      </trkpt>
      <trkpt lat="12.015114035457373" lon="108.467842983081937">
        <ele>1491</ele>
      </trkpt>
      <trkpt lat="12.015143958851695" lon="108.46782797947526">
        <ele>1491.599999999999909</ele>
      </trkpt>
      <trkpt lat="12.015178995206952" lon="108.467803001403809">
        <ele>1492.200000000000045</ele>
      </trkpt>
      <trkpt lat="12.015211014077067" lon="108.467775005847216">
        <ele>1493.400000000000091</ele>
      </trkpt>
      <trkpt lat="12.015277985483408" lon="108.467724965885282">
        <ele>1494.799999999999955</ele>
      </trkpt>
      <trkpt lat="12.015313021838665" lon="108.467711973935366">
        <ele>1495.599999999999909</ele>
      </trkpt>
      <trkpt lat="12.01534797437489" lon="108.467714991420507">
        <ele>1496</ele>
      </trkpt>
      <trkpt lat="12.015402037650347" lon="108.467735024169087">
        <ele>1497.200000000000045</ele>
      </trkpt>
      <trkpt lat="12.015420980751514" lon="108.467739969491959">
        <ele>1498.200000000000045</ele>
      </trkpt>
      <trkpt lat="12.015437996014953" lon="108.467744998633862">
        <ele>1498.799999999999955</ele>
      </trkpt>
      <trkpt lat="12.015457022935152" lon="108.467747010290623">
        <ele>1499.799999999999955</ele>
      </trkpt>
      <trkpt lat="12.015479989349842" lon="108.467744998633862">
        <ele>1500</ele>
      </trkpt>
      <trkpt lat="12.015506979078054" lon="108.467740975320339">
        <ele>1500.599999999999909</ele>
      </trkpt>
      <trkpt lat="12.01554000377655" lon="108.467736029997468">
        <ele>1501.200000000000045</ele>
      </trkpt>
      <trkpt lat="12.015577973797917" lon="108.467725971713662">
        <ele>1501.400000000000091</ele>
      </trkpt>
      <trkpt lat="12.015619967132807" lon="108.467715997248888">
        <ele>1501.599999999999909</ele>
      </trkpt>
      <trkpt lat="12.015662966296077" lon="108.467705016955733">
        <ele>1502</ele>
      </trkpt>
      <trkpt lat="12.015708982944489" lon="108.467694036662579">
        <ele>1502.400000000000091</ele>
      </trkpt>
      <trkpt lat="12.015751982107759" lon="108.467683978378773">
        <ele>1502.599999999999909</ele>
      </trkpt>
      <trkpt lat="12.01579699292779" lon="108.467681966722012">
        <ele>1502.799999999999955</ele>
      </trkpt>
      <trkpt lat="12.015843009576201" lon="108.467690013349056">
        <ele>1503</ele>
      </trkpt>
      <trkpt lat="12.015892965719104" lon="108.467697976157069">
        <ele>1503.599999999999909</ele>
      </trkpt>
      <trkpt lat="12.015940994024277" lon="108.46771901473403">
        <ele>1504.599999999999909</ele>
      </trkpt>
      <trkpt lat="12.015981981530786" lon="108.467733012512326">
        <ele>1505</ele>
      </trkpt>
      <trkpt lat="12.016022969037294" lon="108.467747010290623">
        <ele>1505.799999999999955</ele>
      </trkpt>
      <trkpt lat="12.016105027869344" lon="108.467776011675596">
        <ele>1506</ele>
      </trkpt>
      <trkpt lat="12.01616495847702" lon="108.467793026939034">
        <ele>1507.200000000000045</ele>
      </trkpt>
      <trkpt lat="12.016216004267335" lon="108.467803001403809">
        <ele>1507.599999999999909</ele>
      </trkpt>
      <trkpt lat="12.016267972066998" lon="108.467814987525344">
        <ele>1508.599999999999909</ele>
      </trkpt>
      <trkpt lat="12.016308959573507" lon="108.467807024717331">
        <ele>1509</ele>
      </trkpt>
      <trkpt lat="12.016351958736777" lon="108.467792021110654">
        <ele>1509.799999999999955</ele>
      </trkpt>
      <trkpt lat="12.016406022012234" lon="108.467792021110654">
        <ele>1510.799999999999955</ele>
      </trkpt>
      <trkpt lat="12.016472993418574" lon="108.467811970040202">
        <ele>1511.200000000000045</ele>
      </trkpt>
      <trkpt lat="12.016529990360141" lon="108.46782797947526">
        <ele>1512</ele>
      </trkpt>
      <trkpt lat="12.016585981473327" lon="108.467836026102304">
        <ele>1512.200000000000045</ele>
      </trkpt>
      <trkpt lat="12.016653036698699" lon="108.467859998345375">
        <ele>1512.799999999999955</ele>
      </trkpt>
      <trkpt lat="12.016710033640265" lon="108.467875001952052">
        <ele>1513.200000000000045</ele>
      </trkpt>
      <trkpt lat="12.016783962026238" lon="108.467896962538362">
        <ele>1514.200000000000045</ele>
      </trkpt>
      <trkpt lat="12.016855040565133" lon="108.467907020822167">
        <ele>1514.400000000000091</ele>
      </trkpt>
      <trkpt lat="12.016929974779487" lon="108.467911966145039">
        <ele>1515</ele>
      </trkpt>
      <trkpt lat="12.016995018348098" lon="108.467906014993787">
        <ele>1515.599999999999909</ele>
      </trkpt>
      <trkpt lat="12.017046986147761" lon="108.467898974195123">
        <ele>1515.799999999999955</ele>
      </trkpt>
      <trkpt lat="12.017091996967793" lon="108.467900985851884">
        <ele>1516.599999999999909</ele>
      </trkpt>
      <trkpt lat="12.017137007787824" lon="108.467901991680264">
        <ele>1516.799999999999955</ele>
      </trkpt>
      <trkpt lat="12.017205990850925" lon="108.467910038307309">
        <ele>1517.200000000000045</ele>
      </trkpt>
      <trkpt lat="12.017270028591156" lon="108.46789201721549">
        <ele>1517.400000000000091</ele>
      </trkpt>
      <trkpt lat="12.017331970855594" lon="108.467868966981769">
        <ele>1517.799999999999955</ele>
      </trkpt>
      <trkpt lat="12.017393996939063" lon="108.467843988910317">
        <ele>1518</ele>
      </trkpt>
      <trkpt lat="12.017449988052249" lon="108.46780501306057">
        <ele>1518.200000000000045</ele>
      </trkpt>
      <trkpt lat="12.017511008307338" lon="108.467756984755397">
        <ele>1518.400000000000091</ele>
      </trkpt>
      <trkpt lat="12.017574040219188" lon="108.467715997248888">
        <ele>1518.599999999999909</ele>
      </trkpt>
      <trkpt lat="12.017635982483625" lon="108.467683978378773">
        <ele>1518.799999999999955</ele>
      </trkpt>
      <trkpt lat="12.017681999132037" lon="108.467684984207153">
        <ele>1518.799999999999955</ele>
      </trkpt>
      <trkpt lat="12.017728015780449" lon="108.467686995863914">
        <ele>1519</ele>
      </trkpt>
      <trkpt lat="12.017820971086621" lon="108.467689007520676">
        <ele>1519.200000000000045</ele>
      </trkpt>
      <trkpt lat="12.017886014655232" lon="108.467695964500308">
        <ele>1519.200000000000045</ele>
      </trkpt>
      <trkpt lat="12.017939994111657" lon="108.467684984207153">
        <ele>1519.400000000000091</ele>
      </trkpt>
      <trkpt lat="12.017974024638534" lon="108.467670986428857">
        <ele>1519.599999999999909</ele>
      </trkpt>
      <trkpt lat="12.018007971346378" lon="108.46765698865056">
        <ele>1519.599999999999909</ele>
      </trkpt>
      <trkpt lat="12.018034961074591" lon="108.467663023620844">
        <ele>1519.799999999999955</ele>
      </trkpt>
      <trkpt lat="12.018052982166409" lon="108.467667968943715">
        <ele>1536</ele>
      </trkpt>
      <trkpt lat="12.018147027119994" lon="108.467689007520676">
        <ele>1535.799999999999955</ele>
      </trkpt>
      <trkpt lat="12.018204024061561" lon="108.467726977542043">
        <ele>1535</ele>
      </trkpt>
      <trkpt lat="12.018234031274915" lon="108.467743992805481">
        <ele>1520.400000000000091</ele>
      </trkpt>
      <trkpt lat="12.018313994631171" lon="108.467791015282273">
        <ele>1520.599999999999909</ele>
      </trkpt>
      <trkpt lat="12.018423965200782" lon="108.467844994738698">
        <ele>1521.799999999999955</ele>
      </trkpt>
      <trkpt lat="12.018479034304619" lon="108.467853963375092">
        <ele>1522.599999999999909</ele>
      </trkpt>
      <trkpt lat="12.018481967970729" lon="108.467853963375092">
        <ele>1522.799999999999955</ele>
      </trkpt>
      <trkpt lat="12.018498983234167" lon="108.467838037759066">
        <ele>1523.200000000000045</ele>
      </trkpt>
      <trkpt lat="12.018511975184083" lon="108.467820016667247">
        <ele>1523.200000000000045</ele>
      </trkpt>
      <trkpt lat="12.018521027639508" lon="108.467799983918667">
        <ele>1523.200000000000045</ele>
      </trkpt>
      <trkpt lat="12.018525972962379" lon="108.467774000018835">
        <ele>1523.400000000000091</ele>
      </trkpt>
      <trkpt lat="12.018523039296269" lon="108.467752039432526">
        <ele>1523.400000000000091</ele>
      </trkpt>
      <trkpt lat="12.018509963527322" lon="108.467724965885282">
        <ele>1523.400000000000091</ele>
      </trkpt>
      <trkpt lat="12.018493032082915" lon="108.467678027227521">
        <ele>1523.599999999999909</ele>
      </trkpt>
      <trkpt lat="12.018490014597774" lon="108.46763402223587">
        <ele>1523.799999999999955</ele>
      </trkpt>
      <trkpt lat="12.018484985455871" lon="108.467580964788795">
        <ele>1523.799999999999955</ele>
      </trkpt>
      <trkpt lat="12.018480962142348" lon="108.467530002817512">
        <ele>1524</ele>
      </trkpt>
      <trkpt lat="12.018477022647858" lon="108.467479962855577">
        <ele>1524.200000000000045</ele>
      </trkpt>
      <trkpt lat="12.018469981849194" lon="108.467431012541056">
        <ele>1524.200000000000045</ele>
      </trkpt>
      <trkpt lat="12.0184610132128" lon="108.467384995892644">
        <ele>1524.400000000000091</ele>
      </trkpt>
      <trkpt lat="12.018459001556039" lon="108.467337973415852">
        <ele>1524.599999999999909</ele>
      </trkpt>
      <trkpt lat="12.018465958535671" lon="108.46728902310133">
        <ele>1525</ele>
      </trkpt>
      <trkpt lat="12.018476016819477" lon="108.467240994796157">
        <ele>1525.200000000000045</ele>
      </trkpt>
      <trkpt lat="12.018490014597774" lon="108.467188021168113">
        <ele>1525.799999999999955</ele>
      </trkpt>
      <trkpt lat="12.018506024032831" lon="108.467130018398166">
        <ele>1526</ele>
      </trkpt>
      <trkpt lat="12.018524967133999" lon="108.467072015628219">
        <ele>1526.400000000000091</ele>
      </trkpt>
      <trkpt lat="12.018544999882579" lon="108.467014012858272">
        <ele>1527</ele>
      </trkpt>
      <trkpt lat="12.01856997795403" lon="108.466956010088325">
        <ele>1527.200000000000045</ele>
      </trkpt>
      <trkpt lat="12.018599985167384" lon="108.466898007318377">
        <ele>1527.799999999999955</ele>
      </trkpt>
      <trkpt lat="12.018638039007783" lon="108.46684000454843">
        <ele>1528.200000000000045</ele>
      </trkpt>
      <trkpt lat="12.018681038171053" lon="108.466784013435245">
        <ele>1529</ele>
      </trkpt>
      <trkpt lat="12.018724037334323" lon="108.46673003397882">
        <ele>1529.200000000000045</ele>
      </trkpt>
      <trkpt lat="12.018767958506942" lon="108.466675970703363">
        <ele>1529.799999999999955</ele>
      </trkpt>
      <trkpt lat="12.018807018175721" lon="108.466619979590178">
        <ele>1530</ele>
      </trkpt>
      <trkpt lat="12.018846999853849" lon="108.466566000133753">
        <ele>1530.799999999999955</ele>
      </trkpt>
      <trkpt lat="12.018883964046836" lon="108.466512020677328">
        <ele>1531.400000000000091</ele>
      </trkpt>
      <trkpt lat="12.018922017887235" lon="108.466458963230252">
        <ele>1531.599999999999909</ele>
      </trkpt>
      <trkpt lat="12.018968034535646" lon="108.466396015137434">
        <ele>1532.200000000000045</ele>
      </trkpt>
      <trkpt lat="12.019013967365026" lon="108.466338012367487">
        <ele>1532.400000000000091</ele>
      </trkpt>
      <trkpt lat="12.019050009548664" lon="108.466291995719075">
        <ele>1533</ele>
      </trkpt>
      <trkpt lat="12.019094014540315" lon="108.466226030141115">
        <ele>1533.400000000000091</ele>
      </trkpt>
      <trkpt lat="12.019139025360346" lon="108.466170961037278">
        <ele>1534.200000000000045</ele>
      </trkpt>
      <trkpt lat="12.019188981503248" lon="108.466111030429602">
        <ele>1534.799999999999955</ele>
      </trkpt>
      <trkpt lat="12.019239021465182" lon="108.46606501378119">
        <ele>1535.400000000000091</ele>
      </trkpt>
      <trkpt lat="12.019276991486549" lon="108.466032994911075">
        <ele>1536</ele>
      </trkpt>
      <trkpt lat="12.019325019791722" lon="108.465985972434282">
        <ele>1536.599999999999909</ele>
      </trkpt>
      <trkpt lat="12.019372964277864" lon="108.465927969664335">
        <ele>1536.799999999999955</ele>
      </trkpt>
      <trkpt lat="12.019442031159997" lon="108.465854963287711">
        <ele>1537.400000000000091</ele>
      </trkpt>
      <trkpt lat="12.019471032544971" lon="108.465773994103074">
        <ele>1538</ele>
      </trkpt>
      <trkpt lat="12.019521994516253" lon="108.465687995776534">
        <ele>1538.200000000000045</ele>
      </trkpt>
      <trkpt lat="12.019573040306568" lon="108.465598979964852">
        <ele>1538.799999999999955</ele>
      </trkpt>
      <trkpt lat="12.01964202336967" lon="108.465533014386892">
        <ele>1539.599999999999909</ele>
      </trkpt>
      <trkpt lat="12.019710000604391" lon="108.465470988303423">
        <ele>1540</ele>
      </trkpt>
      <trkpt lat="12.019778983667493" lon="108.465427989140153">
        <ele>1540.599999999999909</ele>
      </trkpt>
      <trkpt lat="12.01981502585113" lon="108.465394964441657">
        <ele>1541.200000000000045</ele>
      </trkpt>
      <trkpt lat="12.019855007529259" lon="108.465347019955516">
        <ele>1541.799999999999955</ele>
      </trkpt>
      <trkpt lat="12.019892977550626" lon="108.46529396250844">
        <ele>1542</ele>
      </trkpt>
      <trkpt lat="12.019907981157303" lon="108.465203018859029">
        <ele>1542.799999999999955</ele>
      </trkpt>
      <trkpt lat="12.019918961450458" lon="108.465149039402604">
        <ele>1543.200000000000045</ele>
      </trkpt>
      <trkpt lat="12.01992298476398" lon="108.465090030804276">
        <ele>1544</ele>
      </trkpt>
      <trkpt lat="12.019915021955967" lon="108.465039990842342">
        <ele>1544.799999999999955</ele>
      </trkpt>
      <trkpt lat="12.019905969500542" lon="108.464979976415634">
        <ele>1545</ele>
      </trkpt>
      <trkpt lat="12.019888032227755" lon="108.464899007230997">
        <ele>1545.599999999999909</ele>
      </trkpt>
      <trkpt lat="12.019874034449458" lon="108.464834969490767">
        <ele>1545.799999999999955</ele>
      </trkpt>
      <trkpt lat="12.019856013357639" lon="108.464771015569568">
        <ele>1546.599999999999909</ele>
      </trkpt>
      <trkpt lat="12.019837992265821" lon="108.464719969779253">
        <ele>1547</ele>
      </trkpt>
      <trkpt lat="12.019820977002382" lon="108.464660961180925">
        <ele>1547.799999999999955</ele>
      </trkpt>
      <trkpt lat="12.019805973395705" lon="108.46460597589612">
        <ele>1548</ele>
      </trkpt>
      <trkpt lat="12.019788036122918" lon="108.464549984782934">
        <ele>1548.599999999999909</ele>
      </trkpt>
      <trkpt lat="12.019768003374338" lon="108.464487036690116">
        <ele>1549</ele>
      </trkpt>
      <trkpt lat="12.019745958968997" lon="108.464400032535195">
        <ele>1549.400000000000091</ele>
      </trkpt>
      <trkpt lat="12.019733972847462" lon="108.464329959824681">
        <ele>1550.200000000000045</ele>
      </trkpt>
      <trkpt lat="12.01972902752459" lon="108.464263994246721">
        <ele>1550.400000000000091</ele>
      </trkpt>
      <trkpt lat="12.019717963412404" lon="108.464197022840381">
        <ele>1551.200000000000045</ele>
      </trkpt>
      <trkpt lat="12.019706983119249" lon="108.46413298510015">
        <ele>1551.599999999999909</ele>
      </trkpt>
      <trkpt lat="12.019701031967998" lon="108.464080011472106">
        <ele>1552.400000000000091</ele>
      </trkpt>
      <trkpt lat="12.019688040018082" lon="108.464005999267101">
        <ele>1552.799999999999955</ele>
      </trkpt>
      <trkpt lat="12.019669013097882" lon="108.463912038132548">
        <ele>1553.400000000000091</ele>
      </trkpt>
      <trkpt lat="12.019660966470838" lon="108.463848000392318">
        <ele>1554.200000000000045</ele>
      </trkpt>
      <trkpt lat="12.019658032804728" lon="108.463783040642738">
        <ele>1554.400000000000091</ele>
      </trkpt>
      <trkpt lat="12.019657026976347" lon="108.463721014559269">
        <ele>1555.200000000000045</ele>
      </trkpt>
      <trkpt lat="12.019655015319586" lon="108.463674997910857">
        <ele>1555.599999999999909</ele>
      </trkpt>
      <trkpt lat="12.019654009491205" lon="108.463651025667787">
        <ele>1577.700000000000045</ele>
      </trkpt>
      <trkpt lat="12.019656021147966" lon="108.463624035939574">
        <ele>1577.700000000000045</ele>
      </trkpt>
      <trkpt lat="12.019634982571006" lon="108.463509036228061">
        <ele>1578.400000000000091</ele>
      </trkpt>
      <trkpt lat="12.019752999767661" lon="108.463565027341247">
        <ele>1575.099999999999909</ele>
      </trkpt>
      <trkpt lat="12.019971013069153" lon="108.463555974885821">
        <ele>1569.099999999999909</ele>
      </trkpt>
      <trkpt lat="12.020182991400361" lon="108.4635070245713">
        <ele>1567.299999999999955</ele>
      </trkpt>
      <trkpt lat="12.020360017195344" lon="108.463425971567631">
        <ele>1567</ele>
      </trkpt>
      <trkpt lat="12.020561015233397" lon="108.463323041796684">
        <ele>1567.200000000000045</ele>
      </trkpt>
      <trkpt lat="12.020713984966278" lon="108.463222039863467">
        <ele>1565.799999999999955</ele>
      </trkpt>
      <trkpt lat="12.020882964134216" lon="108.463124977424741">
        <ele>1564.200000000000045</ele>
      </trkpt>
      <trkpt lat="12.021071976050735" lon="108.46290796995163">
        <ele>1561.400000000000091</ele>
      </trkpt>
      <trkpt lat="12.021217988803983" lon="108.462793976068497">
        <ele>1560.400000000000091</ele>
      </trkpt>
      <trkpt lat="12.021221006289124" lon="108.462790958583355">
        <ele>1560.400000000000091</ele>
      </trkpt>
      <trkpt lat="12.021308010444045" lon="108.46273597329855">
        <ele>1560.200000000000045</ele>
      </trkpt>
      <trkpt lat="12.021427033469081" lon="108.46275701187551">
        <ele>1560.299999999999955</ele>
      </trkpt>
      <trkpt lat="12.021503979340196" lon="108.462782995775342">
        <ele>1560.299999999999955</ele>
      </trkpt>
      <trkpt lat="12.021559970453382" lon="108.462825994938612">
        <ele>1560.299999999999955</ele>
      </trkpt>
      <trkpt lat="12.021561982110143" lon="108.462831024080515">
        <ele>1563.400000000000091</ele>
      </trkpt>
      <trkpt lat="12.021606992930174" lon="108.462977036833763">
        <ele>1562.799999999999955</ele>
      </trkpt>
      <trkpt lat="12.021649992093444" lon="108.463018024340272">
        <ele>1562.400000000000091</ele>
      </trkpt>
      <trkpt lat="12.021701037883759" lon="108.463050965219736">
        <ele>1562.200000000000045</ele>
      </trkpt>
      <trkpt lat="12.021741019561887" lon="108.463093964383006">
        <ele>1561.599999999999909</ele>
      </trkpt>
      <trkpt lat="12.021760968491435" lon="108.463137969374657">
        <ele>1561.200000000000045</ele>
      </trkpt>
      <trkpt lat="12.021784018725157" lon="108.463191026821733">
        <ele>1560.799999999999955</ele>
      </trkpt>
      <trkpt lat="12.021831963211298" lon="108.463259004056454">
        <ele>1560.400000000000091</ele>
      </trkpt>
      <trkpt lat="12.021839004009962" lon="108.463313989341259">
        <ele>1559.400000000000091</ele>
      </trkpt>
      <trkpt lat="12.021828023716807" lon="108.46337802708149">
        <ele>1558.799999999999955</ele>
      </trkpt>
      <trkpt lat="12.021851995959878" lon="108.463438963517547">
        <ele>1558</ele>
      </trkpt>
      <trkpt lat="12.021893989294767" lon="108.46348699182272">
        <ele>1557.200000000000045</ele>
      </trkpt>
      <trkpt lat="12.021947968751192" lon="108.463500989601016">
        <ele>1556.599999999999909</ele>
      </trkpt>
      <trkpt lat="12.021992979571223" lon="108.463583970442414">
        <ele>1555.400000000000091</ele>
      </trkpt>
      <trkpt lat="12.022061040624976" lon="108.463713973760605">
        <ele>1554.200000000000045</ele>
      </trkpt>
      <trkpt lat="12.022081995382905" lon="108.463757978752255">
        <ele>1552.799999999999955</ele>
      </trkpt>
      <trkpt lat="12.022118959575891" lon="108.463838025927544">
        <ele>1551.400000000000091</ele>
      </trkpt>
      <trkpt lat="12.022167993709445" lon="108.463912960141897">
        <ele>1550.400000000000091</ele>
      </trkpt>
      <trkpt lat="12.022244017571211" lon="108.46396098844707">
        <ele>1549.400000000000091</ele>
      </trkpt>
      <trkpt lat="12.022270001471043" lon="108.463971968740225">
        <ele>1548.799999999999955</ele>
      </trkpt>
      <trkpt lat="12.022288022562861" lon="108.46398001536727">
        <ele>1548.400000000000091</ele>
      </trkpt>
      <trkpt lat="12.022304031997919" lon="108.463992001488805">
        <ele>1547.799999999999955</ele>
      </trkpt>
      <trkpt lat="12.022334039211273" lon="108.464018991217017">
        <ele>1547.599999999999909</ele>
      </trkpt>
      <trkpt lat="12.022334039211273" lon="108.464085040614009">
        <ele>1546.599999999999909</ele>
      </trkpt>
      <trkpt lat="12.022355999797583" lon="108.464145977050066">
        <ele>1545.799999999999955</ele>
      </trkpt>
      <trkpt lat="12.022361028939486" lon="108.464211020618677">
        <ele>1545.400000000000091</ele>
      </trkpt>
      <trkpt lat="12.022364968433976" lon="108.464296013116837">
        <ele>1544.799999999999955</ele>
      </trkpt>
      <trkpt lat="12.022363040596247" lon="108.464387962594628">
        <ele>1544.599999999999909</ele>
      </trkpt>
      <trkpt lat="12.022358011454344" lon="108.464441020041704">
        <ele>1543.799999999999955</ele>
      </trkpt>
      <trkpt lat="12.022362034767866" lon="108.464501034468412">
        <ele>1543.400000000000091</ele>
      </trkpt>
      <trkpt lat="12.022357005625963" lon="108.464549984782934">
        <ele>1542.799999999999955</ele>
      </trkpt>
      <trkpt lat="12.022355999797583" lon="108.464614022523165">
        <ele>1542.599999999999909</ele>
      </trkpt>
      <trkpt lat="12.022369997575879" lon="108.464656015858054">
        <ele>1541.799999999999955</ele>
      </trkpt>
      <trkpt lat="12.022378966212273" lon="108.464697003364563">
        <ele>1541.200000000000045</ele>
      </trkpt>
      <trkpt lat="12.022385001182556" lon="108.464740002527833">
        <ele>1540.799999999999955</ele>
      </trkpt>
      <trkpt lat="12.022403022274375" lon="108.46477503888309">
        <ele>1540</ele>
      </trkpt>
      <trkpt lat="12.022416014224291" lon="108.46479800529778">
        <ele>1539.599999999999909</ele>
      </trkpt>
      <trkpt lat="12.02241400256753" lon="108.464829018339515">
        <ele>1538.799999999999955</ele>
      </trkpt>
      <trkpt lat="12.022381983697414" lon="108.464904958382249">
        <ele>1538.200000000000045</ele>
      </trkpt>
      <trkpt lat="12.022389024496078" lon="108.464948041364551">
        <ele>1537.200000000000045</ele>
      </trkpt>
      <trkpt lat="12.022400004789233" lon="108.464978970587254">
        <ele>1537</ele>
      </trkpt>
      <trkpt lat="12.022418025881052" lon="108.465044014155865">
        <ele>1535.200000000000045</ele>
      </trkpt>
      <trkpt lat="12.022452978417277" lon="108.465088019147515">
        <ele>1534.400000000000091</ele>
      </trkpt>
      <trkpt lat="12.02247996814549" lon="108.465131018310785">
        <ele>1533.799999999999955</ele>
      </trkpt>
      <trkpt lat="12.02247996814549" lon="108.465203018859029">
        <ele>1533.400000000000091</ele>
      </trkpt>
      <trkpt lat="12.022494971752167" lon="108.465243000537157">
        <ele>1532.400000000000091</ele>
      </trkpt>
      <trkpt lat="12.022513998672366" lon="108.465369986370206">
        <ele>1530.799999999999955</ele>
      </trkpt>
      <trkpt lat="12.022513998672366" lon="108.465410973876715">
        <ele>1530</ele>
      </trkpt>
      <trkpt lat="12.022511987015605" lon="108.465437041595578">
        <ele>1529.599999999999909</ele>
      </trkpt>
      <trkpt lat="12.022509975358844" lon="108.465456990525126">
        <ele>1528.799999999999955</ele>
      </trkpt>
      <trkpt lat="12.022512992843986" lon="108.465461013838649">
        <ele>1528.400000000000091</ele>
      </trkpt>
      <trkpt lat="12.022508969530463" lon="108.465454978868365">
        <ele>1527.799999999999955</ele>
      </trkpt>
      <trkpt lat="12.022494971752167" lon="108.465445004403591">
        <ele>1527.400000000000091</ele>
      </trkpt>
      <trkpt lat="12.022530008107424" lon="108.465435029938817">
        <ele>1526.799999999999955</ele>
      </trkpt>
      <trkpt lat="12.022579964250326" lon="108.465427989140153">
        <ele>1526.599999999999909</ele>
      </trkpt>
      <trkpt lat="12.02260997146368" lon="108.465448021888733">
        <ele>1525.799999999999955</ele>
      </trkpt>
      <trkpt lat="12.022648025304079" lon="108.465509964153171">
        <ele>1524.200000000000045</ele>
      </trkpt>
      <trkpt lat="12.022662023082376" lon="108.465510969981551">
        <ele>1523.799999999999955</ele>
      </trkpt>
      <trkpt lat="12.022676020860672" lon="108.465503007173538">
        <ele>1523.200000000000045</ele>
      </trkpt>
      <trkpt lat="12.02269303612411" lon="108.465493032708764">
        <ele>1522.799999999999955</ele>
      </trkpt>
      <trkpt lat="12.022702004760504" lon="108.465484986081719">
        <ele>1522.400000000000091</ele>
      </trkpt>
      <trkpt lat="12.022708961740136" lon="108.465475011616945">
        <ele>1522.200000000000045</ele>
      </trkpt>
      <trkpt lat="12.022718014195561" lon="108.465462019667029">
        <ele>1521.400000000000091</ele>
      </trkpt>
      <trkpt lat="12.022724971175194" lon="108.465451961383224">
        <ele>1520.799999999999955</ele>
      </trkpt>
      <trkpt lat="12.02273603528738" lon="108.465443998575211">
        <ele>1520.799999999999955</ele>
      </trkpt>
      <trkpt lat="12.022750033065677" lon="108.465435029938817">
        <ele>1520.200000000000045</ele>
      </trkpt>
      <trkpt lat="12.022764030843973" lon="108.465428994968534">
        <ele>1519.799999999999955</ele>
      </trkpt>
      <trkpt lat="12.02277802862227" lon="108.465419020503759">
        <ele>1519.200000000000045</ele>
      </trkpt>
      <trkpt lat="12.022791020572186" lon="108.465404016897082">
        <ele>1519</ele>
      </trkpt>
      <trkpt lat="12.022863021120429" lon="108.465365041047335">
        <ele>1518</ele>
      </trkpt>
      <trkpt lat="12.022881964221597" lon="108.465371998026967">
        <ele>1517.400000000000091</ele>
      </trkpt>
      <trkpt lat="12.022897973656654" lon="108.465381972491741">
        <ele>1517</ele>
      </trkpt>
      <trkpt lat="12.022922029718757" lon="108.465393036603928">
        <ele>1516.400000000000091</ele>
      </trkpt>
      <trkpt lat="12.022936027497053" lon="108.465396976098418">
        <ele>1515.599999999999909</ele>
      </trkpt>
      <trkpt lat="12.022949019446969" lon="108.465398987755179">
        <ele>1515.400000000000091</ele>
      </trkpt>
      <trkpt lat="12.022963017225266" lon="108.465419020503759">
        <ele>1514.799999999999955</ele>
      </trkpt>
      <trkpt lat="12.022982966154814" lon="108.46542295999825">
        <ele>1514.599999999999909</ele>
      </trkpt>
      <trkpt lat="12.023024037480354" lon="108.465391024947166">
        <ele>1513.599999999999909</ele>
      </trkpt>
      <trkpt lat="12.023076005280018" lon="108.465390019118786">
        <ele>1513</ele>
      </trkpt>
      <trkpt lat="12.02310299500823" lon="108.465383984148502">
        <ele>1512.799999999999955</ele>
      </trkpt>
      <trkpt lat="12.023150017485023" lon="108.465370992198586">
        <ele>1512</ele>
      </trkpt>
      <trkpt lat="12.023179018869996" lon="108.465369986370206">
        <ele>1511.599999999999909</ele>
      </trkpt>
      <trkpt lat="12.023215983062983" lon="108.465348025783896">
        <ele>1510.599999999999909</ele>
      </trkpt>
      <trkpt lat="12.02325101941824" lon="108.465330004692078">
        <ele>1510.400000000000091</ele>
      </trkpt>
      <trkpt lat="12.02327499166131" lon="108.465310977771878">
        <ele>1510</ele>
      </trkpt>
      <trkpt lat="12.023307010531425" lon="108.465303014963865">
        <ele>1509.400000000000091</ele>
      </trkpt>
      <trkpt lat="12.023346992209554" lon="108.465299997478724">
        <ele>1508.599999999999909</ele>
      </trkpt>
      <trkpt lat="12.023397032171488" lon="108.465305026620626">
        <ele>1507.799999999999955</ele>
      </trkpt>
      <trkpt lat="12.023455034941435" lon="108.465287005528808">
        <ele>1507.400000000000091</ele>
      </trkpt>
      <trkpt lat="12.023504991084337" lon="108.465278958901763">
        <ele>1506</ele>
      </trkpt>
      <trkpt lat="12.023538015782833" lon="108.465253980830312">
        <ele>1505.599999999999909</ele>
      </trkpt>
      <trkpt lat="12.023585960268974" lon="108.465243000537157">
        <ele>1505</ele>
      </trkpt>
      <trkpt lat="12.023655027151108" lon="108.465261021628976">
        <ele>1504.599999999999909</ele>
      </trkpt>
      <trkpt lat="12.023671036586165" lon="108.465267978608608">
        <ele>1503.799999999999955</ele>
      </trkpt>
      <trkpt lat="12.023673970252275" lon="108.465265966951847">
        <ele>1503</ele>
      </trkpt>
      <trkpt lat="12.02368201687932" lon="108.465274013578892">
        <ele>1502.599999999999909</ele>
      </trkpt>
      <trkpt lat="12.023694003000855" lon="108.465276025235653">
        <ele>1501.799999999999955</ele>
      </trkpt>
      <trkpt lat="12.023719986900687" lon="108.465264961123466">
        <ele>1501.400000000000091</ele>
      </trkpt>
      <trkpt lat="12.023758040741086" lon="108.465240988880396">
        <ele>1501</ele>
      </trkpt>
      <trkpt lat="12.023778995499015" lon="108.465234031900764">
        <ele>1500.799999999999955</ele>
      </trkpt>
      <trkpt lat="12.02378997579217" lon="108.465226991102099">
        <ele>1500.400000000000091</ele>
      </trkpt>
      <trkpt lat="12.023800034075975" lon="108.465217016637325">
        <ele>1500.200000000000045</ele>
      </trkpt>
      <trkpt lat="12.023812020197511" lon="108.465223973616958">
        <ele>1500</ele>
      </trkpt>
      <trkpt lat="12.0238540135324" lon="108.465244006365538">
        <ele>1499.599999999999909</ele>
      </trkpt>
      <trkpt lat="12.02391603961587" lon="108.46524802967906">
        <ele>1499.400000000000091</ele>
      </trkpt>
      <trkpt lat="12.023956021293998" lon="108.465276025235653">
        <ele>1499.200000000000045</ele>
      </trkpt>
      <trkpt lat="12.023991979658604" lon="108.465278036892414">
        <ele>1499</ele>
      </trkpt>
      <trkpt lat="12.0240250043571" lon="108.465285999700427">
        <ele>1499</ele>
      </trkpt>
      <trkpt lat="12.024055011570454" lon="108.465303014963865">
        <ele>1498.799999999999955</ele>
      </trkpt>
      <trkpt lat="12.024078983813524" lon="108.465324975550175">
        <ele>1498.200000000000045</ele>
      </trkpt>
      <trkpt lat="12.024108991026878" lon="108.465310977771878">
        <ele>1498.200000000000045</ele>
      </trkpt>
      <trkpt lat="12.024145033210516" lon="108.465306032449007">
        <ele>1497.400000000000091</ele>
      </trkpt>
      <trkpt lat="12.02417797408998" lon="108.465298991650343">
        <ele>1497.200000000000045</ele>
      </trkpt>
      <trkpt lat="12.024194989353418" lon="108.46529396250844">
        <ele>1496.599999999999909</ele>
      </trkpt>
      <trkpt lat="12.024242011830211" lon="108.465308966115117">
        <ele>1496.200000000000045</ele>
      </trkpt>
      <trkpt lat="12.024298002943397" lon="108.465332016348839">
        <ele>1495.799999999999955</ele>
      </trkpt>
      <trkpt lat="12.024353994056582" lon="108.465348025783896">
        <ele>1495.599999999999909</ele>
      </trkpt>
      <trkpt lat="12.024376038461924" lon="108.465365963056684">
        <ele>1495</ele>
      </trkpt>
      <trkpt lat="12.024395987391472" lon="108.465365041047335">
        <ele>1494.599999999999909</ele>
      </trkpt>
      <trkpt lat="12.024419037625194" lon="108.465358000248671">
        <ele>1494.400000000000091</ele>
      </trkpt>
      <trkpt lat="12.024453990161419" lon="108.465338973328471">
        <ele>1493.599999999999909</ele>
      </trkpt>
      <trkpt lat="12.02447796240449" lon="108.465323969721794">
        <ele>1493.400000000000091</ele>
      </trkpt>
      <trkpt lat="12.024508975446224" lon="108.465305026620626">
        <ele>1492.799999999999955</ele>
      </trkpt>
      <trkpt lat="12.024572007358074" lon="108.465260015800595">
        <ele>1491.599999999999909</ele>
      </trkpt>
      <trkpt lat="12.024577958509326" lon="108.465252975001931">
        <ele>1491.400000000000091</ele>
      </trkpt>
      <trkpt lat="12.024578964337707" lon="108.465252975001931">
        <ele>1490.799999999999955</ele>
      </trkpt>
      <trkpt lat="12.024592962116003" lon="108.46524802967906">
        <ele>1489.799999999999955</ele>
      </trkpt>
      <trkpt lat="12.02460796572268" lon="108.465240988880396">
        <ele>1488.400000000000091</ele>
      </trkpt>
      <trkpt lat="12.024641996249557" lon="108.46520503051579">
        <ele>1487.400000000000091</ele>
      </trkpt>
      <trkpt lat="12.02465096488595" lon="108.465178962796926">
        <ele>1487.200000000000045</ele>
      </trkpt>
      <trkpt lat="12.02467099763453" lon="108.465159013867378">
        <ele>1486.799999999999955</ele>
      </trkpt>
      <trkpt lat="12.024697987362742" lon="108.465137975290418">
        <ele>1486.400000000000091</ele>
      </trkpt>
      <trkpt lat="12.024731012061238" lon="108.465120960026979">
        <ele>1485.599999999999909</ele>
      </trkpt>
      <trkpt lat="12.024793038144708" lon="108.46507603302598">
        <ele>1484</ele>
      </trkpt>
      <trkpt lat="12.024827990680933" lon="108.465036973357201">
        <ele>1483</ele>
      </trkpt>
      <trkpt lat="12.024867972359061" lon="108.464989028871059">
        <ele>1482.799999999999955</ele>
      </trkpt>
      <trkpt lat="12.024985989555717" lon="108.464898001402617">
        <ele>1481.599999999999909</ele>
      </trkpt>
      <trkpt lat="12.025037035346031" lon="108.464861959218979">
        <ele>1481.200000000000045</ele>
      </trkpt>
      <trkpt lat="12.025064025074244" lon="108.464847961440682">
        <ele>1481</ele>
      </trkpt>
      <trkpt lat="12.025082968175411" lon="108.464846033602953">
        <ele>1480.400000000000091</ele>
      </trkpt>
      <trkpt lat="12.025090008974075" lon="108.464857013896108">
        <ele>1480</ele>
      </trkpt>
      <trkpt lat="12.025094032287598" lon="108.464870005846024">
        <ele>1479.799999999999955</ele>
      </trkpt>
      <trkpt lat="12.025097971782088" lon="108.464881991967559">
        <ele>1479.400000000000091</ele>
      </trkpt>
      <trkpt lat="12.02516402117908" lon="108.464827006682754">
        <ele>1478.799999999999955</ele>
      </trkpt>
      <trkpt lat="12.025199979543686" lon="108.464823989197612">
        <ele>1478.799999999999955</ele>
      </trkpt>
      <trkpt lat="12.025233004242182" lon="108.464821977540851">
        <ele>1478.400000000000091</ele>
      </trkpt>
      <trkpt lat="12.025273991748691" lon="108.464827006682754">
        <ele>1478</ele>
      </trkpt>
      <trkpt lat="12.025292012840509" lon="108.464821977540851">
        <ele>1477.200000000000045</ele>
      </trkpt>
      <trkpt lat="12.025310033932328" lon="108.464816026389599">
        <ele>1476.400000000000091</ele>
      </trkpt>
      <trkpt lat="12.025448000058532" lon="108.464792976155877">
        <ele>1475</ele>
      </trkpt>
      <trkpt lat="12.025501979514956" lon="108.464745031669736">
        <ele>1474</ele>
      </trkpt>
      <trkpt lat="12.025523018091917" lon="108.464728016406298">
        <ele>1473.400000000000091</ele>
      </trkpt>
      <trkpt lat="12.025550007820129" lon="108.464721981436014">
        <ele>1473.200000000000045</ele>
      </trkpt>
      <trkpt lat="12.025584038347006" lon="108.464702032506466">
        <ele>1472.400000000000091</ele>
      </trkpt>
      <trkpt lat="12.025624020025134" lon="108.464690968394279">
        <ele>1472</ele>
      </trkpt>
      <trkpt lat="12.025656038895249" lon="108.464679988101125">
        <ele>1471.599999999999909</ele>
      </trkpt>
      <trkpt lat="12.025693003088236" lon="108.464658027514815">
        <ele>1471.400000000000091</ele>
      </trkpt>
      <trkpt lat="12.025755029171705" lon="108.464615028351545">
        <ele>1470</ele>
      </trkpt>
      <trkpt lat="12.025783024728298" lon="108.464598013088107">
        <ele>1469.200000000000045</ele>
      </trkpt>
      <trkpt lat="12.025824012234807" lon="108.464593989774585">
        <ele>1468.400000000000091</ele>
      </trkpt>
      <trkpt lat="12.025861982256174" lon="108.464587032794952">
        <ele>1468</ele>
      </trkpt>
      <trkpt lat="12.025899030268192" lon="108.464573035016656">
        <ele>1466.799999999999955</ele>
      </trkpt>
      <trkpt lat="12.025961978361011" lon="108.464559037238359">
        <ele>1465.400000000000091</ele>
      </trkpt>
      <trkpt lat="12.026010006666183" lon="108.464537998661399">
        <ele>1464.200000000000045</ele>
      </trkpt>
      <trkpt lat="12.026054011657834" lon="108.464533975347877">
        <ele>1463.599999999999909</ele>
      </trkpt>
      <trkpt lat="12.026082007214427" lon="108.464535987004638">
        <ele>1463.200000000000045</ele>
      </trkpt>
      <trkpt lat="12.026113020256162" lon="108.464536992833018">
        <ele>1463</ele>
      </trkpt>
      <trkpt lat="12.026144033297896" lon="108.464535987004638">
        <ele>1462.599999999999909</ele>
      </trkpt>
      <trkpt lat="12.026197006925941" lon="108.464528024196625">
        <ele>1461.400000000000091</ele>
      </trkpt>
      <trkpt lat="12.026220979169011" lon="108.464521989226341">
        <ele>1461.200000000000045</ele>
      </trkpt>
      <trkpt lat="12.026274958625436" lon="108.464504973962903">
        <ele>1460.599999999999909</ele>
      </trkpt>
      <trkpt lat="12.026306977495551" lon="108.464502040296793">
        <ele>1460.400000000000091</ele>
      </trkpt>
      <trkpt lat="12.026413008570671" lon="108.464503968134522">
        <ele>1459.400000000000091</ele>
      </trkpt>
      <trkpt lat="12.026428012177348" lon="108.464492987841368">
        <ele>1459</ele>
      </trkpt>
      <trkpt lat="12.026439998298883" lon="108.464482007548213">
        <ele>1458.799999999999955</ele>
      </trkpt>
      <trkpt lat="12.026450978592038" lon="108.464472033083439">
        <ele>1458.400000000000091</ele>
      </trkpt>
      <trkpt lat="12.026463970541954" lon="108.464456023648381">
        <ele>1458</ele>
      </trkpt>
      <trkpt lat="12.02647503465414" lon="108.464443031698465">
        <ele>1457.799999999999955</ele>
      </trkpt>
      <trkpt lat="12.026490038260818" lon="108.464434985071421">
        <ele>1457.799999999999955</ele>
      </trkpt>
      <trkpt lat="12.026508981361985" lon="108.464426016435027">
        <ele>1457.799999999999955</ele>
      </trkpt>
      <trkpt lat="12.026579976081848" lon="108.464400032535195">
        <ele>1457.799999999999955</ele>
      </trkpt>
      <trkpt lat="12.026596991345286" lon="108.464396009221673">
        <ele>1457.799999999999955</ele>
      </trkpt>
      <trkpt lat="12.026620041579008" lon="108.46439098007977">
        <ele>1457.799999999999955</ele>
      </trkpt>
      <trkpt lat="12.02664602547884" lon="108.464387040585279">
        <ele>1458</ele>
      </trkpt>
      <trkpt lat="12.026663962751627" lon="108.464397015050054">
        <ele>1458.200000000000045</ele>
      </trkpt>
      <trkpt lat="12.026677960529923" lon="108.464412018656731">
        <ele>1458.200000000000045</ele>
      </trkpt>
      <trkpt lat="12.026694975793362" lon="108.464434985071421">
        <ele>1458.599999999999909</ele>
      </trkpt>
      <trkpt lat="12.026778040453792" lon="108.464619973674417">
        <ele>1460</ele>
      </trkpt>
      <trkpt lat="12.026791032403708" lon="108.464651992544532">
        <ele>1460.200000000000045</ele>
      </trkpt>
      <trkpt lat="12.026812992990017" lon="108.464713012799621">
        <ele>1461.200000000000045</ele>
      </trkpt>
      <trkpt lat="12.026830008253455" lon="108.464760035276413">
        <ele>1461.400000000000091</ele>
      </trkpt>
      <trkpt lat="12.02686202712357" lon="108.464808985590935">
        <ele>1462</ele>
      </trkpt>
      <trkpt lat="12.026893040165305" lon="108.464844021946192">
        <ele>1462</ele>
      </trkpt>
      <trkpt lat="12.026961017400026" lon="108.464930020272732">
        <ele>1464</ele>
      </trkpt>
      <trkpt lat="12.026965040713549" lon="108.464933959767222">
        <ele>1464.400000000000091</ele>
      </trkpt>
      <trkpt lat="12.026966968551278" lon="108.464937983080745">
        <ele>1468.599999999999909</ele>
      </trkpt>
      <trkpt lat="12.02696998603642" lon="108.464961033314466">
        <ele>1468.599999999999909</ele>
      </trkpt>
      <trkpt lat="12.026979038491845" lon="108.464988023042679">
        <ele>1468.599999999999909</ele>
      </trkpt>
      <trkpt lat="12.026988007128239" lon="108.465017024427652">
        <ele>1468.599999999999909</ele>
      </trkpt>
      <trkpt lat="12.026999993249774" lon="108.465044014155865">
        <ele>1468.599999999999909</ele>
      </trkpt>
      <trkpt lat="12.027010973542929" lon="108.465073015540838">
        <ele>1468.599999999999909</ele>
      </trkpt>
      <trkpt lat="12.027018014341593" lon="108.465093970298767">
        <ele>1468.599999999999909</ele>
      </trkpt>
      <trkpt lat="12.027022037655115" lon="108.465106040239334">
        <ele>1468.400000000000091</ele>
      </trkpt>
      <trkpt lat="12.027025977149606" lon="108.465116014704108">
        <ele>1468.400000000000091</ele>
      </trkpt>
      <trkpt lat="12.02703301794827" lon="108.465125989168882">
        <ele>1468.400000000000091</ele>
      </trkpt>
      <trkpt lat="12.027039974927902" lon="108.465135041624308">
        <ele>1468.400000000000091</ele>
      </trkpt>
      <trkpt lat="12.027047015726566" lon="108.465152978897095">
        <ele>1468.599999999999909</ele>
      </trkpt>
      <trkpt lat="12.027053972706199" lon="108.465175023302436">
        <ele>1468.799999999999955</ele>
      </trkpt>
      <trkpt lat="12.027067970484495" lon="108.465203018859029">
        <ele>1468.799999999999955</ele>
      </trkpt>
      <trkpt lat="12.027080040425062" lon="108.465232020244002">
        <ele>1468.599999999999909</ele>
      </trkpt>
      <trkpt lat="12.027090014889836" lon="108.465258004143834">
        <ele>1468.799999999999955</ele>
      </trkpt>
      <trkpt lat="12.02709998935461" lon="108.465278036892414">
        <ele>1470</ele>
      </trkpt>
      <trkpt lat="12.027126979082823" lon="108.465320030227304">
        <ele>1470.799999999999955</ele>
      </trkpt>
      <trkpt lat="12.027137037366629" lon="108.465349031612277">
        <ele>1471</ele>
      </trkpt>
      <trkpt lat="12.027146006003022" lon="108.465374009683728">
        <ele>1471.200000000000045</ele>
      </trkpt>
      <trkpt lat="12.027156986296177" lon="108.465398987755179">
        <ele>1471.200000000000045</ele>
      </trkpt>
      <trkpt lat="12.027169978246093" lon="108.465419020503759">
        <ele>1471.400000000000091</ele>
      </trkpt>
      <trkpt lat="12.027180958539248" lon="108.465435029938817">
        <ele>1471.200000000000045</ele>
      </trkpt>
      <trkpt lat="12.027187999337912" lon="108.465448021888733">
        <ele>1471.200000000000045</ele>
      </trkpt>
      <trkpt lat="12.02718498185277" lon="108.465460008010268">
        <ele>1471.200000000000045</ele>
      </trkpt>
      <trkpt lat="12.027191016823053" lon="108.465468976646662">
        <ele>1471.200000000000045</ele>
      </trkpt>
      <trkpt lat="12.027196967974305" lon="108.465469982475042">
        <ele>1471.400000000000091</ele>
      </trkpt>
      <trkpt lat="12.02720602042973" lon="108.465470988303423">
        <ele>1471.200000000000045</ele>
      </trkpt>
      <trkpt lat="12.027212977409363" lon="108.465470988303423">
        <ele>1470.799999999999955</ele>
      </trkpt>
      <trkpt lat="12.027223035693169" lon="108.465476017445326">
        <ele>1470.799999999999955</ele>
      </trkpt>
      <trkpt lat="12.027237033471465" lon="108.465484986081719">
        <ele>1470.799999999999955</ele>
      </trkpt>
      <trkpt lat="12.027249019593" lon="108.465495966374874">
        <ele>1470.200000000000045</ele>
      </trkpt>
      <trkpt lat="12.027262011542916" lon="108.465499989688396">
        <ele>1470</ele>
      </trkpt>
      <trkpt lat="12.027272991836071" lon="108.465503007173538">
        <ele>1470</ele>
      </trkpt>
      <trkpt lat="12.027286989614367" lon="108.465507030487061">
        <ele>1471</ele>
      </trkpt>
      <trkpt lat="12.027301993221045" lon="108.465510969981551">
        <ele>1472.799999999999955</ele>
      </trkpt>
      <trkpt lat="12.027330994606018" lon="108.465526979416609">
        <ele>1474</ele>
      </trkpt>
      <trkpt lat="12.027352033182979" lon="108.465551035478711">
        <ele>1474.599999999999909</ele>
      </trkpt>
      <trkpt lat="12.027369970455766" lon="108.465562015771866">
        <ele>1475.599999999999909</ele>
      </trkpt>
      <trkpt lat="12.027385979890823" lon="108.465572996065021">
        <ele>1476</ele>
      </trkpt>
      <trkpt lat="12.027404000982642" lon="108.465583976358175">
        <ele>1476.400000000000091</ele>
      </trkpt>
      <trkpt lat="12.027423027902842" lon="108.465586993843317">
        <ele>1476.400000000000091</ele>
      </trkpt>
      <trkpt lat="12.027439959347248" lon="108.465585988014936">
        <ele>1476.799999999999955</ele>
      </trkpt>
      <trkpt lat="12.027445994317532" lon="108.465590011328459">
        <ele>1477.200000000000045</ele>
      </trkpt>
      <trkpt lat="12.027462003752589" lon="108.465591017156839">
        <ele>1477.599999999999909</ele>
      </trkpt>
      <trkpt lat="12.027477007359266" lon="108.465586993843317">
        <ele>1477.599999999999909</ele>
      </trkpt>
      <trkpt lat="12.027488993480802" lon="108.465582970529795">
        <ele>1477.799999999999955</ele>
      </trkpt>
      <trkpt lat="12.02750600874424" lon="108.46557199023664">
        <ele>1478.200000000000045</ele>
      </trkpt>
      <trkpt lat="12.027521012350917" lon="108.465570984408259">
        <ele>1478.200000000000045</ele>
      </trkpt>
      <trkpt lat="12.02752998098731" lon="108.465561009943485">
        <ele>1478.400000000000091</ele>
      </trkpt>
      <trkpt lat="12.027532998472452" lon="108.465556986629963">
        <ele>1478.400000000000091</ele>
      </trkpt>
      <trkpt lat="12.027537021785975" lon="108.465560004115105">
        <ele>1478.400000000000091</ele>
      </trkpt>
      <trkpt lat="12.027554037049413" lon="108.465539971366525">
        <ele>1478.599999999999909</ele>
      </trkpt>
      <trkpt lat="12.027563005685806" lon="108.465534020215273">
        <ele>1478.599999999999909</ele>
      </trkpt>
      <trkpt lat="12.027574991807342" lon="108.46552899107337">
        <ele>1478.799999999999955</ele>
      </trkpt>
      <trkpt lat="12.027598964050412" lon="108.465515999123454">
        <ele>1479</ele>
      </trkpt>
      <trkpt lat="12.027624025940895" lon="108.465502001345158">
        <ele>1479.599999999999909</ele>
      </trkpt>
      <trkpt lat="12.027645986527205" lon="108.465494960546494">
        <ele>1480.400000000000091</ele>
      </trkpt>
      <trkpt lat="12.027665013447404" lon="108.4654859919101">
        <ele>1481.400000000000091</ele>
      </trkpt>
      <trkpt lat="12.027669958770275" lon="108.465475011616945">
        <ele>1481.599999999999909</ele>
      </trkpt>
      <trkpt lat="12.027673982083797" lon="108.465472999960184">
        <ele>1481.799999999999955</ele>
      </trkpt>
      <trkpt lat="12.027667025104165" lon="108.465443998575211">
        <ele>1482</ele>
      </trkpt>
      <trkpt lat="12.027660990133882" lon="108.46542295999825">
        <ele>1482.200000000000045</ele>
      </trkpt>
      <trkpt lat="12.027667025104165" lon="108.465405022725463">
        <ele>1482.400000000000091</ele>
      </trkpt>
      <trkpt lat="12.027664007619023" lon="108.465393958613276">
        <ele>1483.200000000000045</ele>
      </trkpt>
      <trkpt lat="12.027643974870443" lon="108.465376021340489">
        <ele>1483.799999999999955</ele>
      </trkpt>
      <trkpt lat="12.027646992355585" lon="108.465353976935148">
        <ele>1484</ele>
      </trkpt>
      <trkpt lat="12.02765797264874" lon="108.465332016348839">
        <ele>1484.599999999999909</ele>
      </trkpt>
      <trkpt lat="12.027667025104165" lon="108.465318018570542">
        <ele>1484.799999999999955</ele>
      </trkpt>
      <trkpt lat="12.0276790112257" lon="108.465294968336821">
        <ele>1485.400000000000091</ele>
      </trkpt>
      <trkpt lat="12.027690997347236" lon="108.465267978608608">
        <ele>1485.599999999999909</ele>
      </trkpt>
      <trkpt lat="12.02770097181201" lon="108.465243000537157">
        <ele>1486</ele>
      </trkpt>
      <trkpt lat="12.027709018439054" lon="108.465219028294086">
        <ele>1486.200000000000045</ele>
      </trkpt>
      <trkpt lat="12.027713041752577" lon="108.465196983888745">
        <ele>1486.599999999999909</ele>
      </trkpt>
      <trkpt lat="12.027719998732209" lon="108.465175023302436">
        <ele>1487.400000000000091</ele>
      </trkpt>
      <trkpt lat="12.027728967368603" lon="108.465155996382236">
        <ele>1487.799999999999955</ele>
      </trkpt>
      <trkpt lat="12.027739025652409" lon="108.465135041624308">
        <ele>1488.599999999999909</ele>
      </trkpt>
      <trkpt lat="12.027745982632041" lon="108.465117020532489">
        <ele>1488.799999999999955</ele>
      </trkpt>
      <trkpt lat="12.027750005945563" lon="108.465102016925812">
        <ele>1489.799999999999955</ele>
      </trkpt>
      <trkpt lat="12.027755035087466" lon="108.465088019147515">
        <ele>1490</ele>
      </trkpt>
      <trkpt lat="12.027761992067099" lon="108.465077038854361">
        <ele>1490.799999999999955</ele>
      </trkpt>
      <trkpt lat="12.02776500955224" lon="108.465074021369219">
        <ele>1491.400000000000091</ele>
      </trkpt>
      <trkpt lat="12.027769032865763" lon="108.465054994449019">
        <ele>1491.799999999999955</ele>
      </trkpt>
      <trkpt lat="12.027776995673776" lon="108.465030016377568">
        <ele>1492.400000000000091</ele>
      </trkpt>
      <trkpt lat="12.02778403647244" lon="108.465007971972227">
        <ele>1492.799999999999955</ele>
      </trkpt>
      <trkpt lat="12.027799962088466" lon="108.464983999729156">
        <ele>1493.599999999999909</ele>
      </trkpt>
      <trkpt lat="12.027817983180285" lon="108.464963966980577">
        <ele>1494</ele>
      </trkpt>
      <trkpt lat="12.027826029807329" lon="108.464942006394267">
        <ele>1494.599999999999909</ele>
      </trkpt>
      <trkpt lat="12.027846984565258" lon="108.464911999180913">
        <ele>1495</ele>
      </trkpt>
      <trkpt lat="12.027867017313838" lon="108.464879980310798">
        <ele>1495.599999999999909</ele>
      </trkpt>
      <trkpt lat="12.027887972071767" lon="108.464837986975908">
        <ele>1495.799999999999955</ele>
      </trkpt>
      <trkpt lat="12.027912028133869" lon="108.464795993641019">
        <ele>1496.400000000000091</ele>
      </trkpt>
      <trkpt lat="12.027933988720179" lon="108.464749976992607">
        <ele>1497.200000000000045</ele>
      </trkpt>
      <trkpt lat="12.027948992326856" lon="108.464694991707802">
        <ele>1497.400000000000091</ele>
      </trkpt>
      <trkpt lat="12.027954021468759" lon="108.464690968394279">
        <ele>1497.799999999999955</ele>
      </trkpt>
      <trkpt lat="12.027957960963249" lon="108.464674036949873">
        <ele>1498</ele>
      </trkpt>
      <trkpt lat="12.027961984276772" lon="108.46466900780797">
        <ele>1498.400000000000091</ele>
      </trkpt>
      <trkpt lat="12.027982017025352" lon="108.464637994766235">
        <ele>1499.599999999999909</ele>
      </trkpt>
      <trkpt lat="12.028011018410325" lon="108.464589966461062">
        <ele>1500.200000000000045</ele>
      </trkpt>
      <trkpt lat="12.02806499786675" lon="108.464526012539864">
        <ele>1500.799999999999955</ele>
      </trkpt>
      <trkpt lat="12.028101040050387" lon="108.464470021426678">
        <ele>1501.599999999999909</ele>
      </trkpt>
      <trkpt lat="12.028133980929852" lon="108.464444037526846">
        <ele>1502.400000000000091</ele>
      </trkpt>
      <trkpt lat="12.02815200202167" lon="108.464427022263408">
        <ele>1503.200000000000045</ele>
      </trkpt>
      <trkpt lat="12.028158036991954" lon="108.464406989514828">
        <ele>1503.400000000000091</ele>
      </trkpt>
      <trkpt lat="12.028162982314825" lon="108.464387962594628">
        <ele>1504</ele>
      </trkpt>
      <trkpt lat="12.028168011456728" lon="108.46438997425139">
        <ele>1504.599999999999909</ele>
      </trkpt>
      <trkpt lat="12.028169017285109" lon="108.464414030313492">
        <ele>1505</ele>
      </trkpt>
      <trkpt lat="12.02817102894187" lon="108.464413024485111">
        <ele>1505.400000000000091</ele>
      </trkpt>
      <trkpt lat="12.028185026720166" lon="108.464407995343208">
        <ele>1505.400000000000091</ele>
      </trkpt>
      <trkpt lat="12.028186032548547" lon="108.464405983686447">
        <ele>1505.799999999999955</ele>
      </trkpt>
      <trkpt lat="12.02821503393352" lon="108.464395003393292">
        <ele>1510.200000000000045</ele>
      </trkpt>
      <trkpt lat="12.028231965377927" lon="108.464387962594628">
        <ele>1510.200000000000045</ele>
      </trkpt>
      <trkpt lat="12.028262978419662" lon="108.464383017271757">
        <ele>1510.400000000000091</ele>
      </trkpt>
      <trkpt lat="12.028302038088441" lon="108.464375976473093">
        <ele>1510.400000000000091</ele>
      </trkpt>
      <trkpt lat="12.028330033645034" lon="108.464363990351558">
        <ele>1510.599999999999909</ele>
      </trkpt>
      <trkpt lat="12.028350988402963" lon="108.464348986744881">
        <ele>1510.599999999999909</ele>
      </trkpt>
      <trkpt lat="12.028363980352879" lon="108.464339012280107">
        <ele>1511.200000000000045</ele>
      </trkpt>
      <trkpt lat="12.028375966474414" lon="108.464330965653062">
        <ele>1511.799999999999955</ele>
      </trkpt>
      <trkpt lat="12.028394993394613" lon="108.464312022551894">
        <ele>1511.799999999999955</ele>
      </trkpt>
      <trkpt lat="12.028414020314813" lon="108.464285032823682">
        <ele>1512.400000000000091</ele>
      </trkpt>
      <trkpt lat="12.028433969244361" lon="108.464265000075102">
        <ele>1512.599999999999909</ele>
      </trkpt>
      <trkpt lat="12.028450984507799" lon="108.464251002296805">
        <ele>1513</ele>
      </trkpt>
      <trkpt lat="12.02847302891314" lon="108.464243039488792">
        <ele>1513.400000000000091</ele>
      </trkpt>
      <trkpt lat="12.028506975620985" lon="108.46423901617527">
        <ele>1513.400000000000091</ele>
      </trkpt>
      <trkpt lat="12.0285389944911" lon="108.464223006740212">
        <ele>1513.799999999999955</ele>
      </trkpt>
      <trkpt lat="12.028571013361216" lon="108.464204985648394">
        <ele>1514</ele>
      </trkpt>
      <trkpt lat="12.028589034453034" lon="108.464199034497142">
        <ele>1514.200000000000045</ele>
      </trkpt>
      <trkpt lat="12.02862499281764" lon="108.464192999526858">
        <ele>1514.200000000000045</ele>
      </trkpt>
      <trkpt lat="12.028682995587587" lon="108.464173972606659">
        <ele>1514.400000000000091</ele>
      </trkpt>
      <trkpt lat="12.028743010014296" lon="108.464130973443389">
        <ele>1514.400000000000091</ele>
      </trkpt>
      <trkpt lat="12.028775028884411" lon="108.464122004806995">
        <ele>1514.599999999999909</ele>
      </trkpt>
      <trkpt lat="12.028804030269384" lon="108.464112030342221">
        <ele>1514.599999999999909</ele>
      </trkpt>
      <trkpt lat="12.028824985027313" lon="108.464122004806995">
        <ele>1514.599999999999909</ele>
      </trkpt>
      <trkpt lat="12.028851974755526" lon="108.464145977050066">
        <ele>1514.799999999999955</ele>
      </trkpt>
      <trkpt lat="12.028883993625641" lon="108.464157041162252">
        <ele>1514.799999999999955</ele>
      </trkpt>
      <trkpt lat="12.028909977525473" lon="108.464157963171601">
        <ele>1515</ele>
      </trkpt>
      <trkpt lat="12.028949959203601" lon="108.46415201202035">
        <ele>1515.200000000000045</ele>
      </trkpt>
      <trkpt lat="12.028953982517123" lon="108.464150000363588">
        <ele>1515.200000000000045</ele>
      </trkpt>
      <trkpt lat="12.028965968638659" lon="108.464146982878447">
        <ele>1516.200000000000045</ele>
      </trkpt>
      <trkpt lat="12.028972003608942" lon="108.464140025898814">
        <ele>1517.799999999999955</ele>
      </trkpt>
      <trkpt lat="12.028969991952181" lon="108.464136002585292">
        <ele>1518.400000000000091</ele>
      </trkpt>
      <trkpt lat="12.028970997780561" lon="108.464136002585292">
        <ele>1522.400000000000091</ele>
      </trkpt>
      <trkpt lat="12.028991030529141" lon="108.464133990928531">
        <ele>1522.400000000000091</ele>
      </trkpt>
      <trkpt lat="12.028998993337154" lon="108.46413197927177">
        <ele>1522.400000000000091</ele>
      </trkpt>
      <trkpt lat="12.029026988893747" lon="108.464124016463757">
        <ele>1521.599999999999909</ele>
      </trkpt>
      <trkpt lat="12.02905498445034" lon="108.464117981493473">
        <ele>1521.599999999999909</ele>
      </trkpt>
      <trkpt lat="12.029077028855681" lon="108.464113036170602">
        <ele>1521.599999999999909</ele>
      </trkpt>
      <trkpt lat="12.029113993048668" lon="108.46411001868546">
        <ele>1521.799999999999955</ele>
      </trkpt>
      <trkpt lat="12.02916000969708" lon="108.464105995371938">
        <ele>1522</ele>
      </trkpt>
      <trkpt lat="12.029188005253673" lon="108.464102977886796">
        <ele>1523.599999999999909</ele>
      </trkpt>
      <trkpt lat="12.029218012467027" lon="108.464095015078783">
        <ele>1524</ele>
      </trkpt>
      <trkpt lat="12.029245002195239" lon="108.464101972058415">
        <ele>1524.599999999999909</ele>
      </trkpt>
      <trkpt lat="12.029267968609929" lon="108.46410901285708">
        <ele>1524.799999999999955</ele>
      </trkpt>
      <trkpt lat="12.02928900718689" lon="108.464117981493473">
        <ele>1525.799999999999955</ele>
      </trkpt>
      <trkpt lat="12.029294036328793" lon="108.464119993150234">
        <ele>1526</ele>
      </trkpt>
      <trkpt lat="12.02931297942996" lon="108.464136002585292">
        <ele>1526.400000000000091</ele>
      </trkpt>
      <trkpt lat="12.029348015785217" lon="108.464170033112168">
        <ele>1526.400000000000091</ele>
      </trkpt>
      <trkpt lat="12.029390009120107" lon="108.464200040325522">
        <ele>1526.799999999999955</ele>
      </trkpt>
      <trkpt lat="12.02944097109139" lon="108.464254019781947">
        <ele>1527</ele>
      </trkpt>
      <trkpt lat="12.029490005224943" lon="108.464326020330191">
        <ele>1527.200000000000045</ele>
      </trkpt>
      <trkpt lat="12.029554964974523" lon="108.464374970644712">
        <ele>1527.400000000000091</ele>
      </trkpt>
      <trkpt lat="12.02959100715816" lon="108.464406989514828">
        <ele>1527.400000000000091</ele>
      </trkpt>
      <trkpt lat="12.02965403907001" lon="108.464429033920169">
        <ele>1528</ele>
      </trkpt>
      <trkpt lat="12.029688991606236" lon="108.464441020041704">
        <ele>1528</ele>
      </trkpt>
      <trkpt lat="12.029711036011577" lon="108.464447977021337">
        <ele>1528.200000000000045</ele>
      </trkpt>
      <trkpt lat="12.029726961627603" lon="108.464446971192956">
        <ele>1528.400000000000091</ele>
      </trkpt>
      <trkpt lat="12.029732996597886" lon="108.464444959536195">
        <ele>1529</ele>
      </trkpt>
      <trkpt lat="12.029736014083028" lon="108.464473960921168">
        <ele>1529.400000000000091</ele>
      </trkpt>
      <trkpt lat="12.029744982719421" lon="108.464501034468412">
        <ele>1529.599999999999909</ele>
      </trkpt>
      <trkpt lat="12.029755041003227" lon="108.464517965912819">
        <ele>1529.799999999999955</ele>
      </trkpt>
      <trkpt lat="12.02976300381124" lon="108.464532969519496">
        <ele>1530.400000000000091</ele>
      </trkpt>
      <trkpt lat="12.029770966619253" lon="108.464547973126173">
        <ele>1530.799999999999955</ele>
      </trkpt>
      <trkpt lat="12.029799968004227" lon="108.464587032794952">
        <ele>1531.400000000000091</ele>
      </trkpt>
      <trkpt lat="12.029811032116413" lon="108.464617962017655">
        <ele>1531.599999999999909</ele>
      </trkpt>
      <trkpt lat="12.02982796356082" lon="108.464636988937855">
        <ele>1532.200000000000045</ele>
      </trkpt>
      <trkpt lat="12.029841961339116" lon="108.464662972837687">
        <ele>1532.599999999999909</ele>
      </trkpt>
      <trkpt lat="12.029851013794541" lon="108.464711001142859">
        <ele>1532.799999999999955</ele>
      </trkpt>
      <trkpt lat="12.029872974380851" lon="108.464762968942523">
        <ele>1533.200000000000045</ele>
      </trkpt>
      <trkpt lat="12.029931982979178" lon="108.464833041653037">
        <ele>1533.400000000000091</ele>
      </trkpt>
      <trkpt lat="12.029960984364152" lon="108.464873023331165">
        <ele>1534.200000000000045</ele>
      </trkpt>
      <trkpt lat="12.029989985749125" lon="108.464894983917475">
        <ele>1534.599999999999909</ele>
      </trkpt>
      <trkpt lat="12.030005995184183" lon="108.464910993352532">
        <ele>1535</ele>
      </trkpt>
      <trkpt lat="12.030018987134099" lon="108.464919039979577">
        <ele>1535.200000000000045</ele>
      </trkpt>
      <trkpt lat="12.030028961598873" lon="108.464922979474068">
        <ele>1535.799999999999955</ele>
      </trkpt>
      <trkpt lat="12.030029967427254" lon="108.464907975867391">
        <ele>1536.200000000000045</ele>
      </trkpt>
      <trkpt lat="12.030030973255634" lon="108.464902024716139">
        <ele>1536.200000000000045</ele>
      </trkpt>
      <trkpt lat="12.03004295937717" lon="108.464876962825656">
        <ele>1536.400000000000091</ele>
      </trkpt>
      <trkpt lat="12.030058968812227" lon="108.464860031381249">
        <ele>1536.400000000000091</ele>
      </trkpt>
      <trkpt lat="12.030065003782511" lon="108.464856008067727">
        <ele>1536.799999999999955</ele>
      </trkpt>
      <trkpt lat="12.030068021267653" lon="108.464853996410966">
        <ele>1537.400000000000091</ele>
      </trkpt>
      <trkpt lat="12.030071960762143" lon="108.464849973097444">
        <ele>1537.599999999999909</ele>
      </trkpt>
      <trkpt lat="12.030072966590524" lon="108.464847039431334">
        <ele>1538</ele>
      </trkpt>
      <trkpt lat="12.030096016824245" lon="108.464817032217979">
        <ele>1539</ele>
      </trkpt>
      <trkpt lat="12.030102973803878" lon="108.464809991419315">
        <ele>1539</ele>
      </trkpt>
      <trkpt lat="12.030114037916064" lon="108.464801022782922">
        <ele>1539</ele>
      </trkpt>
      <trkpt lat="12.030123006552458" lon="108.464791970327497">
        <ele>1539</ele>
      </trkpt>
      <trkpt lat="12.030132981017232" lon="108.464783001691103">
        <ele>1539</ele>
      </trkpt>
      <trkpt lat="12.030134992673993" lon="108.464775960892439">
        <ele>1539</ele>
      </trkpt>
      <trkpt lat="12.030135998502374" lon="108.464775960892439">
        <ele>1539</ele>
      </trkpt>
      <trkpt lat="12.030145972967148" lon="108.464767998084426">
        <ele>1538.599999999999909</ele>
      </trkpt>
      <trkpt lat="12.030154019594193" lon="108.464759029448032">
        <ele>1538.400000000000091</ele>
      </trkpt>
      <trkpt lat="12.030174974352121" lon="108.464733967557549">
        <ele>1538.200000000000045</ele>
      </trkpt>
      <trkpt lat="12.030244041234255" lon="108.464603964239359">
        <ele>1537.799999999999955</ele>
      </trkpt>
      <trkpt lat="12.030247980728745" lon="108.464599018916488">
        <ele>1537.799999999999955</ele>
      </trkpt>
      <trkpt lat="12.030276982113719" lon="108.464585021138191">
        <ele>1537.400000000000091</ele>
      </trkpt>
      <trkpt lat="12.030283017084002" lon="108.464563982561231">
        <ele>1537.200000000000045</ele>
      </trkpt>
      <trkpt lat="12.030301038175821" lon="108.464527018368244">
        <ele>1537</ele>
      </trkpt>
      <trkpt lat="12.030367003753781" lon="108.464435990899801">
        <ele>1536.400000000000091</ele>
      </trkpt>
      <trkpt lat="12.030368009582162" lon="108.464431967586279">
        <ele>1536</ele>
      </trkpt>
      <trkpt lat="12.030375972390175" lon="108.464414030313492">
        <ele>1535.799999999999955</ele>
      </trkpt>
      <trkpt lat="12.0303850248456" lon="108.464400032535195">
        <ele>1535.799999999999955</ele>
      </trkpt>
      <trkpt lat="12.030389970168471" lon="108.464387040585279">
        <ele>1535.599999999999909</ele>
      </trkpt>
      <trkpt lat="12.030402962118387" lon="108.46436801366508">
        <ele>1535.400000000000091</ele>
      </trkpt>
      <trkpt lat="12.030454007908702" lon="108.464301964268088">
        <ele>1535.200000000000045</ele>
      </trkpt>
      <trkpt lat="12.030491977930069" lon="108.464237004518509">
        <ele>1534.799999999999955</ele>
      </trkpt>
      <trkpt lat="12.0305560156703" lon="108.464183025062084">
        <ele>1534.200000000000045</ele>
      </trkpt>
      <trkpt lat="12.03060002066195" lon="108.464163998141885">
        <ele>1534</ele>
      </trkpt>
      <trkpt lat="12.030630027875304" lon="108.464147988706827">
        <ele>1533.599999999999909</ele>
      </trkpt>
      <trkpt lat="12.030652994289994" lon="108.464138014242053">
        <ele>1532.799999999999955</ele>
      </trkpt>
      <trkpt lat="12.030657017603517" lon="108.464134996756911">
        <ele>1532.599999999999909</ele>
      </trkpt>
      <trkpt lat="12.03068601898849" lon="108.464116975665092">
        <ele>1532</ele>
      </trkpt>
      <trkpt lat="12.030715020373464" lon="108.46408998593688">
        <ele>1531.799999999999955</ele>
      </trkpt>
      <trkpt lat="12.030829014256597" lon="108.464030977338552">
        <ele>1530.799999999999955</ele>
      </trkpt>
      <trkpt lat="12.030887017026544" lon="108.464035000652075">
        <ele>1530.799999999999955</ele>
      </trkpt>
      <trkpt lat="12.030938984826207" lon="108.464042963460088">
        <ele>1530.400000000000091</ele>
      </trkpt>
      <trkpt lat="12.030981983989477" lon="108.464047992601991">
        <ele>1530.200000000000045</ele>
      </trkpt>
      <trkpt lat="12.030985001474619" lon="108.464044975116849">
        <ele>1530</ele>
      </trkpt>
      <trkpt lat="12.031011991202831" lon="108.464065007865429">
        <ele>1529.400000000000091</ele>
      </trkpt>
      <trkpt lat="12.031034035608172" lon="108.464058972895145">
        <ele>1529.200000000000045</ele>
      </trkpt>
      <trkpt lat="12.031119028106332" lon="108.464042041450739">
        <ele>1528.400000000000091</ele>
      </trkpt>
      <trkpt lat="12.031161021441221" lon="108.464013962075114">
        <ele>1527.799999999999955</ele>
      </trkpt>
      <trkpt lat="12.031196979805827" lon="108.463995018973947">
        <ele>1527.599999999999909</ele>
      </trkpt>
      <trkpt lat="12.031258000060916" lon="108.463972974568605">
        <ele>1527.200000000000045</ele>
      </trkpt>
      <trkpt lat="12.031441982835531" lon="108.464008010923862">
        <ele>1526.200000000000045</ele>
      </trkpt>
      <trkpt lat="12.031481964513659" lon="108.464017985388637">
        <ele>1526</ele>
      </trkpt>
      <trkpt lat="12.031495040282607" lon="108.464041035622358">
        <ele>1525.799999999999955</ele>
      </trkpt>
      <trkpt lat="12.031505014747381" lon="108.464057967066765">
        <ele>1525.599999999999909</ele>
      </trkpt>
      <trkpt lat="12.031515995040536" lon="108.464097026735544">
        <ele>1525.599999999999909</ele>
      </trkpt>
      <trkpt lat="12.031524041667581" lon="108.464124016463757">
        <ele>1525.400000000000091</ele>
      </trkpt>
      <trkpt lat="12.031534016132355" lon="108.464118987321854">
        <ele>1521.299999999999955</ele>
      </trkpt>
      <trkpt lat="12.031586989760399" lon="108.464112030342221">
        <ele>1520.299999999999955</ele>
      </trkpt>
      <trkpt lat="12.031621020287275" lon="108.464070959016681">
        <ele>1520.099999999999909</ele>
      </trkpt>
      <trkpt lat="12.03160903416574" lon="108.46406701952219">
        <ele>1520.400000000000091</ele>
      </trkpt>
      <trkpt lat="12.031590007245541" lon="108.464035000652075">
        <ele>1521.200000000000045</ele>
      </trkpt>
      <trkpt lat="12.031528986990452" lon="108.46396098844707">
        <ele>1523.5</ele>
      </trkpt>
      <trkpt lat="12.03148003667593" lon="108.463915977627039">
        <ele>1525.099999999999909</ele>
      </trkpt>
      <trkpt lat="12.031433014199138" lon="108.463889993727207">
        <ele>1526.5</ele>
      </trkpt>
      <trkpt lat="12.031397977843881" lon="108.463844982907176">
        <ele>1528</ele>
      </trkpt>
      <trkpt lat="12.031383980065584" lon="108.463767031207681">
        <ele>1529.400000000000091</ele>
      </trkpt>
      <trkpt lat="12.031371993944049" lon="108.463677009567618">
        <ele>1530.900000000000091</ele>
      </trkpt>
      <trkpt lat="12.031365036964417" lon="108.463577013462782">
        <ele>1532.5</ele>
      </trkpt>
      <trkpt lat="12.031412981450558" lon="108.463539965450764">
        <ele>1531.799999999999955</ele>
      </trkpt>
      <trkpt lat="12.03148003667593" lon="108.463527979329228">
        <ele>1530.299999999999955</ele>
      </trkpt>
      <trkpt lat="12.031487999483943" lon="108.463515993207693">
        <ele>1517.400000000000091</ele>
      </trkpt>
      <trkpt lat="12.031518006697297" lon="108.4635070245713">
        <ele>1517.400000000000091</ele>
      </trkpt>
      <trkpt lat="12.031548013910651" lon="108.463495960459113">
        <ele>1517.400000000000091</ele>
      </trkpt>
      <trkpt lat="12.031565029174089" lon="108.463493026793003">
        <ele>1517.400000000000091</ele>
      </trkpt>
      <trkpt lat="12.031580032780766" lon="108.463495038449764">
        <ele>1517.599999999999909</ele>
      </trkpt>
      <trkpt lat="12.031597970053554" lon="108.4634879976511">
        <ele>1517.400000000000091</ele>
      </trkpt>
      <trkpt lat="12.031658990308642" lon="108.463463019579649">
        <ele>1517.200000000000045</ele>
      </trkpt>
      <trkpt lat="12.031694026663899" lon="108.46344499848783">
        <ele>1517</ele>
      </trkpt>
      <trkpt lat="12.031739959493279" lon="108.46342395991087">
        <ele>1516.799999999999955</ele>
      </trkpt>
      <trkpt lat="12.031976999714971" lon="108.463334022089839">
        <ele>1516</ele>
      </trkpt>
      <trkpt lat="12.032047994434834" lon="108.463305020704865">
        <ele>1515.799999999999955</ele>
      </trkpt>
      <trkpt lat="12.032080013304949" lon="108.463290017098188">
        <ele>1515.599999999999909</ele>
      </trkpt>
      <trkpt lat="12.0321049913764" lon="108.463284987956285">
        <ele>1515.599999999999909</ele>
      </trkpt>
      <trkpt lat="12.032144973054528" lon="108.463282976299524">
        <ele>1515.599999999999909</ele>
      </trkpt>
      <trkpt lat="12.032191995531321" lon="108.463282976299524">
        <ele>1515.599999999999909</ele>
      </trkpt>
      <trkpt lat="12.032333984971046" lon="108.463231008499861">
        <ele>1515.200000000000045</ele>
      </trkpt>
      <trkpt lat="12.032385030761361" lon="108.463217010721564">
        <ele>1515.200000000000045</ele>
      </trkpt>
      <trkpt lat="12.03242601826787" lon="108.463203012943268">
        <ele>1515.200000000000045</ele>
      </trkpt>
      <trkpt lat="12.032460970804095" lon="108.46318599767983">
        <ele>1515</ele>
      </trkpt>
      <trkpt lat="12.032492989674211" lon="108.463173005729914">
        <ele>1515</ele>
      </trkpt>
      <trkpt lat="12.032526014372706" lon="108.463158002123237">
        <ele>1515</ele>
      </trkpt>
      <trkpt lat="12.032561972737312" lon="108.463130006566644">
        <ele>1515</ele>
      </trkpt>
      <trkpt lat="12.03259801492095" lon="108.463092958554626">
        <ele>1514.799999999999955</ele>
      </trkpt>
      <trkpt lat="12.032625004649162" lon="108.463054988533258">
        <ele>1514.599999999999909</ele>
      </trkpt>
      <trkpt lat="12.032658029347658" lon="108.462981982156634">
        <ele>1514.599999999999909</ele>
      </trkpt>
      <trkpt lat="12.032671021297574" lon="108.462940994650126">
        <ele>1514.599999999999909</ele>
      </trkpt>
      <trkpt lat="12.032678984105587" lon="108.462899001315236">
        <ele>1514.400000000000091</ele>
      </trkpt>
      <trkpt lat="12.032688036561012" lon="108.462869999930263">
        <ele>1514.400000000000091</ele>
      </trkpt>
      <trkpt lat="12.032700022682548" lon="108.46284200437367">
        <ele>1514.400000000000091</ele>
      </trkpt>
      <trkpt lat="12.032705973833799" lon="108.46280001103878">
        <ele>1514</ele>
      </trkpt>
      <trkpt lat="12.032714020460844" lon="108.462768997997046">
        <ele>1513.799999999999955</ele>
      </trkpt>
      <trkpt lat="12.032708991318941" lon="108.462739996612072">
        <ele>1514.200000000000045</ele>
      </trkpt>
      <trkpt lat="12.032713014632463" lon="108.462708983570337">
        <ele>1514.200000000000045</ele>
      </trkpt>
      <trkpt lat="12.032716032117605" lon="108.462679982185364">
        <ele>1514</ele>
      </trkpt>
      <trkpt lat="12.032730029895902" lon="108.462645029649138">
        <ele>1513.799999999999955</ele>
      </trkpt>
      <trkpt lat="12.032767999917269" lon="108.462599013000727">
        <ele>1513.599999999999909</ele>
      </trkpt>
      <trkpt lat="12.032777974382043" lon="108.462566994130611">
        <ele>1513.599999999999909</ele>
      </trkpt>
      <trkpt lat="12.032776968553662" lon="108.462540004402399">
        <ele>1513.599999999999909</ele>
      </trkpt>
      <trkpt lat="12.032772023230791" lon="108.462517037987709">
        <ele>1513.799999999999955</ele>
      </trkpt>
      <trkpt lat="12.03277001157403" lon="108.462495999410748">
        <ele>1513.799999999999955</ele>
      </trkpt>
      <trkpt lat="12.032771017402411" lon="108.462470015510917">
        <ele>1514</ele>
      </trkpt>
      <trkpt lat="12.032761964946985" lon="108.462417041882873">
        <ele>1514.200000000000045</ele>
      </trkpt>
      <trkpt lat="12.032766994088888" lon="108.462384017184377">
        <ele>1514.200000000000045</ele>
      </trkpt>
      <trkpt lat="12.032784009352326" lon="108.46234898082912">
        <ele>1514.200000000000045</ele>
      </trkpt>
      <trkpt lat="12.032791972160339" lon="108.462308999150991">
        <ele>1514.400000000000091</ele>
      </trkpt>
      <trkpt lat="12.032787026837468" lon="108.462273962795734">
        <ele>1514.799999999999955</ele>
      </trkpt>
      <trkpt lat="12.032793983817101" lon="108.462235992774367">
        <ele>1515</ele>
      </trkpt>
      <trkpt lat="12.032795995473862" lon="108.462196011096239">
        <ele>1515</ele>
      </trkpt>
      <trkpt lat="12.032795995473862" lon="108.462162986397743">
        <ele>1515.200000000000045</ele>
      </trkpt>
      <trkpt lat="12.032784009352326" lon="108.462129961699247">
        <ele>1515.400000000000091</ele>
      </trkpt>
      <trkpt lat="12.032762970775366" lon="108.462101966142654">
        <ele>1515.799999999999955</ele>
      </trkpt>
      <trkpt lat="12.032744027674198" lon="108.462074976414442">
        <ele>1516</ele>
      </trkpt>
      <trkpt lat="12.032731035724282" lon="108.46204798668623">
        <ele>1516.400000000000091</ele>
      </trkpt>
      <trkpt lat="12.032720977440476" lon="108.46202602609992">
        <ele>1516.599999999999909</ele>
      </trkpt>
      <trkpt lat="12.032702034339309" lon="108.462012028321624">
        <ele>1517</ele>
      </trkpt>
      <trkpt lat="12.032686024904251" lon="108.461995013058186">
        <ele>1517.400000000000091</ele>
      </trkpt>
      <trkpt lat="12.032680995762348" lon="108.46198302693665">
        <ele>1517.599999999999909</ele>
      </trkpt>
      <trkpt lat="12.032640008255839" lon="108.46191898919642">
        <ele>1518.400000000000091</ele>
      </trkpt>
      <trkpt lat="12.032621987164021" lon="108.461883030831814">
        <ele>1518.799999999999955</ele>
      </trkpt>
      <trkpt lat="12.032599020749331" lon="108.461865009739995">
        <ele>1519</ele>
      </trkpt>
      <trkpt lat="12.032574964687228" lon="108.461856041103601">
        <ele>1519.200000000000045</ele>
      </trkpt>
      <trkpt lat="12.0325349830091" lon="108.46177096478641">
        <ele>1519.599999999999909</ele>
      </trkpt>
      <trkpt lat="12.032517967745662" lon="108.461741963401437">
        <ele>1520</ele>
      </trkpt>
      <trkpt lat="12.032503969967365" lon="108.461722014471889">
        <ele>1520.200000000000045</ele>
      </trkpt>
      <trkpt lat="12.032498018816113" lon="108.461707010865211">
        <ele>1520.799999999999955</ele>
      </trkpt>
      <trkpt lat="12.032504975795746" lon="108.461692007258534">
        <ele>1521</ele>
      </trkpt>
      <trkpt lat="12.032500030472875" lon="108.461683038622141">
        <ele>1521.400000000000091</ele>
      </trkpt>
      <trkpt lat="12.032496007159352" lon="108.461674991995096">
        <ele>1521.400000000000091</ele>
      </trkpt>
      <trkpt lat="12.032490978017449" lon="108.461670968681574">
        <ele>1521.799999999999955</ele>
      </trkpt>
      <trkpt lat="12.032472034916282" lon="108.461669040843844">
        <ele>1522</ele>
      </trkpt>
      <trkpt lat="12.032449990510941" lon="108.4616609942168">
        <ele>1522.400000000000091</ele>
      </trkpt>
      <trkpt lat="12.032429035753012" lon="108.46163802780211">
        <ele>1522.400000000000091</ele>
      </trkpt>
      <trkpt lat="12.032416965812445" lon="108.461606008931994">
        <ele>1522.599999999999909</ele>
      </trkpt>
      <trkpt lat="12.032413026317954" lon="108.461580025032163">
        <ele>1522.599999999999909</ele>
      </trkpt>
      <trkpt lat="12.032406991347671" lon="108.461558986455202">
        <ele>1522.599999999999909</ele>
      </trkpt>
      <trkpt lat="12.032396011054516" lon="108.46155202947557">
        <ele>1523</ele>
      </trkpt>
      <trkpt lat="12.032374972477555" lon="108.46151003614068">
        <ele>1523.200000000000045</ele>
      </trkpt>
      <trkpt lat="12.03236298635602" lon="108.461484974250197">
        <ele>1523.599999999999909</ele>
      </trkpt>
      <trkpt lat="12.032358963042498" lon="108.461462007835507">
        <ele>1523.799999999999955</ele>
      </trkpt>
      <trkpt lat="12.032354017719626" lon="108.461439963430166">
        <ele>1524.400000000000091</ele>
      </trkpt>
      <trkpt lat="12.032348988577724" lon="108.461412973701954">
        <ele>1524.400000000000091</ele>
      </trkpt>
      <trkpt lat="12.032344965264201" lon="108.461386989802122">
        <ele>1524.799999999999955</ele>
      </trkpt>
      <trkpt lat="12.032344965264201" lon="108.461356982588768">
        <ele>1525</ele>
      </trkpt>
      <trkpt lat="12.032334990799427" lon="108.461333010345697">
        <ele>1525.200000000000045</ele>
      </trkpt>
      <trkpt lat="12.032317975535989" lon="108.461308032274246">
        <ele>1525.400000000000091</ele>
      </trkpt>
      <trkpt lat="12.032303977757692" lon="108.461276013404131">
        <ele>1525.599999999999909</ele>
      </trkpt>
      <trkpt lat="12.032288974151015" lon="108.461237037554383">
        <ele>1525.799999999999955</ele>
      </trkpt>
      <trkpt lat="12.032281011343002" lon="108.461195966228843">
        <ele>1526</ele>
      </trkpt>
      <trkpt lat="12.032271036878228" lon="108.461179034784436">
        <ele>1526.200000000000045</ele>
      </trkpt>
      <trkpt lat="12.032255027443171" lon="108.461169982329011">
        <ele>1526.200000000000045</ele>
      </trkpt>
      <trkpt lat="12.032229965552688" lon="108.461164031177759">
        <ele>1526.599999999999909</ele>
      </trkpt>
      <trkpt lat="12.032213034108281" lon="108.461165959015489">
        <ele>1526.599999999999909</ele>
      </trkpt>
      <trkpt lat="12.032189983874559" lon="108.461165959015489">
        <ele>1526.799999999999955</ele>
      </trkpt>
      <trkpt lat="12.032176991924644" lon="108.46116897650063">
        <ele>1527</ele>
      </trkpt>
      <trkpt lat="12.032166011631489" lon="108.461163025349379">
        <ele>1527.400000000000091</ele>
      </trkpt>
      <trkpt lat="12.032156959176064" lon="108.461149027571082">
        <ele>1527.599999999999909</ele>
      </trkpt>
      <trkpt lat="12.032154025509953" lon="108.46112597733736">
        <ele>1527.799999999999955</ele>
      </trkpt>
      <trkpt lat="12.032157965004444" lon="108.461108962073922">
        <ele>1528.599999999999909</ele>
      </trkpt>
      <trkpt lat="12.032155031338334" lon="108.461089013144374">
        <ele>1529.200000000000045</ele>
      </trkpt>
      <trkpt lat="12.032152013853192" lon="108.461055988445878">
        <ele>1529.400000000000091</ele>
      </trkpt>
      <trkpt lat="12.032162994146347" lon="108.461037967354059">
        <ele>1529.799999999999955</ele>
      </trkpt>
      <trkpt lat="12.032158970832825" lon="108.460977030918002">
        <ele>1530.200000000000045</ele>
      </trkpt>
      <trkpt lat="12.032166011631489" lon="108.460936965420842">
        <ele>1530.599999999999909</ele>
      </trkpt>
      <trkpt lat="12.032213034108281" lon="108.460904024541378">
        <ele>1531</ele>
      </trkpt>
      <trkpt lat="12.032272964715958" lon="108.460861025378108">
        <ele>1531.400000000000091</ele>
      </trkpt>
      <trkpt lat="12.032300038263202" lon="108.46082397736609">
        <ele>1532.400000000000091</ele>
      </trkpt>
      <trkpt lat="12.032314036041498" lon="108.4607819840312">
        <ele>1532.400000000000091</ele>
      </trkpt>
      <trkpt lat="12.032315963879228" lon="108.460734961554408">
        <ele>1533</ele>
      </trkpt>
      <trkpt lat="12.032312024384737" lon="108.46069598570466">
        <ele>1533</ele>
      </trkpt>
      <trkpt lat="12.032312024384737" lon="108.460668995976448">
        <ele>1533.599999999999909</ele>
      </trkpt>
      <trkpt lat="12.032304983586073" lon="108.460650974884629">
        <ele>1533.799999999999955</ele>
      </trkpt>
      <trkpt lat="12.032288974151015" lon="108.460622979328036">
        <ele>1535</ele>
      </trkpt>
      <trkpt lat="12.032273970544338" lon="108.460567994043231">
        <ele>1536</ele>
      </trkpt>
      <trkpt lat="12.032277993857861" lon="108.460464980453253">
        <ele>1537.200000000000045</ele>
      </trkpt>
      <trkpt lat="12.032265001907945" lon="108.46039499156177">
        <ele>1538.400000000000091</ele>
      </trkpt>
      <trkpt lat="12.032225020229816" lon="108.46030798740685">
        <ele>1539.400000000000091</ele>
      </trkpt>
      <trkpt lat="12.032209010794759" lon="108.460272029042244">
        <ele>1539.799999999999955</ele>
      </trkpt>
      <trkpt lat="12.032182021066546" lon="108.460203967988491">
        <ele>1540.400000000000091</ele>
      </trkpt>
      <trkpt lat="12.032171040773392" lon="108.460161974653602">
        <ele>1540.799999999999955</ele>
      </trkpt>
      <trkpt lat="12.032161988317966" lon="108.460127022117376">
        <ele>1541.599999999999909</ele>
      </trkpt>
      <trkpt lat="12.032146984711289" lon="108.46009399741888">
        <ele>1541.799999999999955</ele>
      </trkpt>
      <trkpt lat="12.032141033560038" lon="108.460078993812203">
        <ele>1542.400000000000091</ele>
      </trkpt>
      <trkpt lat="12.032129969447851" lon="108.460038006305695">
        <ele>1542.599999999999909</ele>
      </trkpt>
      <trkpt lat="12.032110020518303" lon="108.460002969950438">
        <ele>1542.799999999999955</ele>
      </trkpt>
      <trkpt lat="12.032088981941342" lon="108.45998696051538">
        <ele>1543</ele>
      </trkpt>
      <trkpt lat="12.032070960849524" lon="108.459978997707367">
        <ele>1543</ele>
      </trkpt>
      <trkpt lat="12.032053023576736" lon="108.45996499992907">
        <ele>1543.400000000000091</ele>
      </trkpt>
      <trkpt lat="12.032033996656537" lon="108.45994496718049">
        <ele>1543.400000000000091</ele>
      </trkpt>
      <trkpt lat="12.032023016363382" lon="108.459930969402194">
        <ele>1543.799999999999955</ele>
      </trkpt>
      <trkpt lat="12.032007006928325" lon="108.459913032129407">
        <ele>1544.200000000000045</ele>
      </trkpt>
      <trkpt lat="12.031993009150028" lon="108.459897022694349">
        <ele>1544.400000000000091</ele>
      </trkpt>
      <trkpt lat="12.03199602663517" lon="108.459883024916053">
        <ele>1545</ele>
      </trkpt>
      <trkpt lat="12.031992003321648" lon="108.459882019087672">
        <ele>1545.400000000000091</ele>
      </trkpt>
      <trkpt lat="12.031992003321648" lon="108.459869027137756">
        <ele>1545.799999999999955</ele>
      </trkpt>
      <trkpt lat="12.031993009150028" lon="108.459862992167473">
        <ele>1546.200000000000045</ele>
      </trkpt>
      <trkpt lat="12.031988985836506" lon="108.459859974682331">
        <ele>1547</ele>
      </trkpt>
      <trkpt lat="12.031967025250196" lon="108.459824016317725">
        <ele>1548.200000000000045</ele>
      </trkpt>
      <trkpt lat="12.03193299472332" lon="108.459775988012552">
        <ele>1549.200000000000045</ele>
      </trkpt>
      <trkpt lat="12.031917991116643" lon="108.459757966920733">
        <ele>1549.599999999999909</ele>
      </trkpt>
      <trkpt lat="12.031906004995108" lon="108.45974899828434">
        <ele>1550</ele>
      </trkpt>
      <trkpt lat="12.031897036358714" lon="108.459743969142437">
        <ele>1550.200000000000045</ele>
      </trkpt>
      <trkpt lat="12.031894018873572" lon="108.459743969142437">
        <ele>1550.400000000000091</ele>
      </trkpt>
      <trkpt lat="12.031891001388431" lon="108.459742041304708">
        <ele>1550.599999999999909</ele>
      </trkpt>
      <trkpt lat="12.031884966418147" lon="108.459738017991185">
        <ele>1551.200000000000045</ele>
      </trkpt>
      <trkpt lat="12.031881026923656" lon="108.459721002727747">
        <ele>1551.200000000000045</ele>
      </trkpt>
      <trkpt lat="12.031871974468231" lon="108.459692001342773">
        <ele>1551.400000000000091</ele>
      </trkpt>
      <trkpt lat="12.031877003610134" lon="108.459559986367822">
        <ele>1552</ele>
      </trkpt>
      <trkpt lat="12.031862000003457" lon="108.45953400246799">
        <ele>1552.400000000000091</ele>
      </trkpt>
      <trkpt lat="12.031858982518315" lon="108.459530984982848">
        <ele>1558</ele>
      </trkpt>
      <trkpt lat="12.031858982518315" lon="108.459518998861313">
        <ele>1558.200000000000045</ele>
      </trkpt>
      <trkpt lat="12.031856970861554" lon="108.459472982212901">
        <ele>1559</ele>
      </trkpt>
      <trkpt lat="12.031814977526665" lon="108.459452027454972">
        <ele>1559.700000000000045</ele>
      </trkpt>
      <trkpt lat="12.031770972535014" lon="108.459412967786193">
        <ele>1560.700000000000045</ele>
      </trkpt>
      <trkpt lat="12.031730990856886" lon="108.459393018856645">
        <ele>1561.400000000000091</ele>
      </trkpt>
      <trkpt lat="12.031710036098957" lon="108.459368040785193">
        <ele>1562</ele>
      </trkpt>
      <trkpt lat="12.031683968380094" lon="108.459343984723091">
        <ele>1562.5</ele>
      </trkpt>
      <trkpt lat="12.031686985865235" lon="108.459327975288033">
        <ele>1562.700000000000045</ele>
      </trkpt>
      <trkpt lat="12.03169503249228" lon="108.459283970296383">
        <ele>1563.200000000000045</ele>
      </trkpt>
      <trkpt lat="12.031687991693616" lon="108.459228985011578">
        <ele>1564</ele>
      </trkpt>
      <trkpt lat="12.0316749997437" lon="108.459182968363166">
        <ele>1564.700000000000045</ele>
      </trkpt>
      <trkpt lat="12.0316749997437" lon="108.459129994735122">
        <ele>1564.799999999999955</ele>
      </trkpt>
      <trkpt lat="12.0316749997437" lon="108.459051959216595">
        <ele>1564.400000000000091</ele>
      </trkpt>
      <trkpt lat="12.031688997521996" lon="108.458986999467015">
        <ele>1564.099999999999909</ele>
      </trkpt>
      <trkpt lat="12.03169796615839" lon="108.458916004747152">
        <ele>1563.700000000000045</ele>
      </trkpt>
      <trkpt lat="12.031707018613815" lon="108.458864958956838">
        <ele>1563.5</ele>
      </trkpt>
      <trkpt lat="12.031710958108306" lon="108.458809973672032">
        <ele>1563.299999999999955</ele>
      </trkpt>
      <trkpt lat="12.031704001128674" lon="108.458750965073705">
        <ele>1563</ele>
      </trkpt>
      <trkpt lat="12.031664019450545" lon="108.45869698561728">
        <ele>1562.799999999999955</ele>
      </trkpt>
      <trkpt lat="12.031624037772417" lon="108.458649963140488">
        <ele>1562.700000000000045</ele>
      </trkpt>
      <trkpt lat="12.031590007245541" lon="108.458623979240656">
        <ele>1562.700000000000045</ele>
      </trkpt>
      <trkpt lat="12.031530998647213" lon="108.458591960370541">
        <ele>1562.599999999999909</ele>
      </trkpt>
      <trkpt lat="12.031671982258558" lon="108.458465980365872">
        <ele>1561.700000000000045</ele>
      </trkpt>
      <trkpt lat="12.031713975593448" lon="108.458431027829647">
        <ele>1561.700000000000045</ele>
      </trkpt>
      <trkpt lat="12.031726967543364" lon="108.458425998687744">
        <ele>1561.799999999999955</ele>
      </trkpt>
      <trkpt lat="12.031744988635182" lon="108.458427004516125">
        <ele>1562.400000000000091</ele>
      </trkpt>
      <trkpt lat="12.031752029433846" lon="108.45841602422297">
        <ele>1562.799999999999955</ele>
      </trkpt>
      <trkpt lat="12.031765021383762" lon="108.458405965939164">
        <ele>1562.799999999999955</ele>
      </trkpt>
      <trkpt lat="12.031779019162059" lon="108.45839599147439">
        <ele>1562.799999999999955</ele>
      </trkpt>
      <trkpt lat="12.031788993626833" lon="108.458385011181235">
        <ele>1562.799999999999955</ele>
      </trkpt>
      <trkpt lat="12.031799973919988" lon="108.458360033109784">
        <ele>1562.799999999999955</ele>
      </trkpt>
      <trkpt lat="12.031825035810471" lon="108.458329020068049">
        <ele>1562.799999999999955</ele>
      </trkpt>
      <trkpt lat="12.031854037195444" lon="108.458316028118134">
        <ele>1562.799999999999955</ele>
      </trkpt>
      <trkpt lat="12.031885972246528" lon="108.458290966227651">
        <ele>1562.799999999999955</ele>
      </trkpt>
      <trkpt lat="12.031922014430165" lon="108.458276968449354">
        <ele>1562.799999999999955</ele>
      </trkpt>
      <trkpt lat="12.0319530274719" lon="108.458271017298102">
        <ele>1562.799999999999955</ele>
      </trkpt>
      <trkpt lat="12.031974988058209" lon="108.458259031176567">
        <ele>1562.799999999999955</ele>
      </trkpt>
      <trkpt lat="12.031994014978409" lon="108.458246961236">
        <ele>1562.799999999999955</ele>
      </trkpt>
      <trkpt lat="12.032029973343015" lon="108.458246039226651">
        <ele>1562.599999999999909</ele>
      </trkpt>
      <trkpt lat="12.032035002484918" lon="108.45824402756989">
        <ele>1562.400000000000091</ele>
      </trkpt>
      <trkpt lat="12.032056963071227" lon="108.458236986771226">
        <ele>1562.400000000000091</ele>
      </trkpt>
      <trkpt lat="12.032083030790091" lon="108.458229023963213">
        <ele>1562.400000000000091</ele>
      </trkpt>
      <trkpt lat="12.0321049913764" lon="108.458215026184916">
        <ele>1562.400000000000091</ele>
      </trkpt>
      <trkpt lat="12.032145978882909" lon="108.458199016749859">
        <ele>1562.599999999999909</ele>
      </trkpt>
      <trkpt lat="12.032219991087914" lon="108.458174038678408">
        <ele>1562.400000000000091</ele>
      </trkpt>
      <trkpt lat="12.032256033271551" lon="108.458145037293434">
        <ele>1562.200000000000045</ele>
      </trkpt>
      <trkpt lat="12.032282017171383" lon="108.458148976787925">
        <ele>1562.200000000000045</ele>
      </trkpt>
      <trkpt lat="12.032286962494254" lon="108.458146965131164">
        <ele>1561.799999999999955</ele>
      </trkpt>
      <trkpt lat="12.032298026606441" lon="108.458151994273067">
        <ele>1562</ele>
      </trkpt>
      <trkpt lat="12.032300038263202" lon="108.458148976787925">
        <ele>1562</ele>
      </trkpt>
      <trkpt lat="12.032304983586073" lon="108.458146965131164">
        <ele>1562</ele>
      </trkpt>
      <trkpt lat="12.032317975535989" lon="108.458150988444686">
        <ele>1562.200000000000045</ele>
      </trkpt>
      <trkpt lat="12.03231998719275" lon="108.458149982616305">
        <ele>1562.200000000000045</ele>
      </trkpt>
      <trkpt lat="12.032326022163033" lon="108.458145959302783">
        <ele>1561.599999999999909</ele>
      </trkpt>
      <trkpt lat="12.032330967485905" lon="108.458135984838009">
        <ele>1561.200000000000045</ele>
      </trkpt>
      <trkpt lat="12.032381007447839" lon="108.458116035908461">
        <ele>1560.400000000000091</ele>
      </trkpt>
      <trkpt lat="12.032400034368038" lon="108.458098014816642">
        <ele>1560.200000000000045</ele>
      </trkpt>
      <trkpt lat="12.032428029924631" lon="108.458070019260049">
        <ele>1561</ele>
      </trkpt>
      <trkpt lat="12.032484021037817" lon="108.458030037581921">
        <ele>1561.599999999999909</ele>
      </trkpt>
      <trkpt lat="12.032502964138985" lon="108.458011010661721">
        <ele>1561.599999999999909</ele>
      </trkpt>
      <trkpt lat="12.032521991059184" lon="108.457996007055044">
        <ele>1561.599999999999909</ele>
      </trkpt>
      <trkpt lat="12.0325349830091" lon="108.457987960427999">
        <ele>1561.599999999999909</ele>
      </trkpt>
      <trkpt lat="12.032551998272538" lon="108.457989972084761">
        <ele>1561.799999999999955</ele>
      </trkpt>
      <trkpt lat="12.032564990222454" lon="108.457999024540186">
        <ele>1562.200000000000045</ele>
      </trkpt>
      <trkpt lat="12.032572031021118" lon="108.457987038418651">
        <ele>1562.400000000000091</ele>
      </trkpt>
      <trkpt lat="12.032573958858848" lon="108.457953007891774">
        <ele>1563</ele>
      </trkpt>
      <trkpt lat="12.032579993829131" lon="108.457932975143194">
        <ele>1563</ele>
      </trkpt>
      <trkpt lat="12.032583011314273" lon="108.457913026213646">
        <ele>1563</ele>
      </trkpt>
      <trkpt lat="12.032589968293905" lon="108.457875978201628">
        <ele>1563</ele>
      </trkpt>
      <trkpt lat="12.032639002427459" lon="108.457789979875088">
        <ele>1563.200000000000045</ele>
      </trkpt>
      <trkpt lat="12.032698011025786" lon="108.457752009853721">
        <ele>1563.200000000000045</ele>
      </trkpt>
      <trkpt lat="12.032735981047153" lon="108.457736000418663">
        <ele>1563.200000000000045</ele>
      </trkpt>
      <trkpt lat="12.032773029059172" lon="108.457723008468747">
        <ele>1563.200000000000045</ele>
      </trkpt>
      <trkpt lat="12.032803958281875" lon="108.457710016518831">
        <ele>1563.200000000000045</ele>
      </trkpt>
      <trkpt lat="12.032823991030455" lon="108.457699036225677">
        <ele>1563</ele>
      </trkpt>
      <trkpt lat="12.032842012122273" lon="108.457691995427012">
        <ele>1562.799999999999955</ele>
      </trkpt>
      <trkpt lat="12.032861039042473" lon="108.457674980163574">
        <ele>1562.400000000000091</ele>
      </trkpt>
      <trkpt lat="12.032875958830118" lon="108.457653019577265">
        <ele>1562.200000000000045</ele>
      </trkpt>
      <trkpt lat="12.032885011285543" lon="108.457631981000304">
        <ele>1562.200000000000045</ele>
      </trkpt>
      <trkpt lat="12.032884005457163" lon="108.457628041505814">
        <ele>1562.200000000000045</ele>
      </trkpt>
      <trkpt lat="12.032884005457163" lon="108.457618989050388">
        <ele>1562.200000000000045</ele>
      </trkpt>
      <trkpt lat="12.032881993800402" lon="108.457614965736866">
        <ele>1561.799999999999955</ele>
      </trkpt>
      <trkpt lat="12.032885011285543" lon="108.457614965736866">
        <ele>1559.599999999999909</ele>
      </trkpt>
      <trkpt lat="12.032932033762336" lon="108.457632986828685">
        <ele>1558.799999999999955</ele>
      </trkpt>
      <trkpt lat="12.032959023490548" lon="108.457639021798968">
        <ele>1558.799999999999955</ele>
      </trkpt>
      <trkpt lat="12.033013002946973" lon="108.457651007920504">
        <ele>1559</ele>
      </trkpt>
      <trkpt lat="12.033039992675185" lon="108.457652013748884">
        <ele>1559.599999999999909</ele>
      </trkpt>
      <trkpt lat="12.033061031252146" lon="108.457653019577265">
        <ele>1559.799999999999955</ele>
      </trkpt>
      <trkpt lat="12.033076034858823" lon="108.457656037062407">
        <ele>1560.599999999999909</ele>
      </trkpt>
      <trkpt lat="12.033094977959991" lon="108.457656037062407">
        <ele>1560.799999999999955</ele>
      </trkpt>
      <trkpt lat="12.033110987395048" lon="108.457654025405645">
        <ele>1561</ele>
      </trkpt>
      <trkpt lat="12.033135965466499" lon="108.457651007920504">
        <ele>1561</ele>
      </trkpt>
      <trkpt lat="12.033183993771672" lon="108.457641033455729">
        <ele>1561</ele>
      </trkpt>
      <trkpt lat="12.03324300237" lon="108.457645978778601">
        <ele>1564.599999999999909</ele>
      </trkpt>
      <trkpt lat="12.03326404094696" lon="108.457648996263742">
        <ele>1565</ele>
      </trkpt>
      <trkpt lat="12.03328600153327" lon="108.457629969343543">
        <ele>1565.299999999999955</ele>
      </trkpt>
      <trkpt lat="12.03328700736165" lon="108.45762100070715">
        <ele>1581.400000000000091</ele>
      </trkpt>
      <trkpt lat="12.033288013190031" lon="108.457596022635698">
        <ele>1581.799999999999955</ele>
      </trkpt>
      <trkpt lat="12.033289019018412" lon="108.457576995715499">
        <ele>1582.400000000000091</ele>
      </trkpt>
      <trkpt lat="12.033292036503553" lon="108.457560986280441">
        <ele>1582.599999999999909</ele>
      </trkpt>
      <trkpt lat="12.033276027068496" lon="108.457495020702481">
        <ele>1583</ele>
      </trkpt>
      <trkpt lat="12.033281978219748" lon="108.457478005439043">
        <ele>1583.200000000000045</ele>
      </trkpt>
      <trkpt lat="12.033305028453469" lon="108.45747297629714">
        <ele>1583.200000000000045</ele>
      </trkpt>
      <trkpt lat="12.033331012353301" lon="108.457473982125521">
        <ele>1583.400000000000091</ele>
      </trkpt>
      <trkpt lat="12.033336963504553" lon="108.457456966862082">
        <ele>1584.200000000000045</ele>
      </trkpt>
      <trkpt lat="12.033336963504553" lon="108.457431988790631">
        <ele>1585.200000000000045</ele>
      </trkpt>
      <trkpt lat="12.033350961282849" lon="108.457397036254406">
        <ele>1585.400000000000091</ele>
      </trkpt>
      <trkpt lat="12.033375017344952" lon="108.457353031262755">
        <ele>1586</ele>
      </trkpt>
      <trkpt lat="12.033384991809726" lon="108.457329981029034">
        <ele>1586.200000000000045</ele>
      </trkpt>
      <trkpt lat="12.033397983759642" lon="108.457297962158918">
        <ele>1586.400000000000091</ele>
      </trkpt>
      <trkpt lat="12.033406030386686" lon="108.457282036542892">
        <ele>1586.400000000000091</ele>
      </trkpt>
      <trkpt lat="12.033413993194699" lon="108.457265021279454">
        <ele>1586.799999999999955</ele>
      </trkpt>
      <trkpt lat="12.033419022336602" lon="108.457251023501158">
        <ele>1587</ele>
      </trkpt>
      <trkpt lat="12.033430002629757" lon="108.457227973267436">
        <ele>1587.200000000000045</ele>
      </trkpt>
      <trkpt lat="12.033447017893195" lon="108.457190003246069">
        <ele>1587.799999999999955</ele>
      </trkpt>
      <trkpt lat="12.033455986529589" lon="108.457141974940896">
        <ele>1588</ele>
      </trkpt>
      <trkpt lat="12.033476019278169" lon="108.457095036283135">
        <ele>1588.599999999999909</ele>
      </trkpt>
      <trkpt lat="12.033494962379336" lon="108.45706301741302">
        <ele>1588.599999999999909</ele>
      </trkpt>
      <trkpt lat="12.033503009006381" lon="108.457038961350918">
        <ele>1589</ele>
      </trkpt>
      <trkpt lat="12.033508038148284" lon="108.457024963572621">
        <ele>1589.400000000000091</ele>
      </trkpt>
      <trkpt lat="12.033511977642775" lon="108.457006020471454">
        <ele>1590.200000000000045</ele>
      </trkpt>
      <trkpt lat="12.033519018441439" lon="108.456975007429719">
        <ele>1590.599999999999909</ele>
      </trkpt>
      <trkpt lat="12.033531004562974" lon="108.456947011873126">
        <ele>1590.799999999999955</ele>
      </trkpt>
      <trkpt lat="12.033538967370987" lon="108.456927984952927">
        <ele>1591.400000000000091</ele>
      </trkpt>
      <trkpt lat="12.033541984856129" lon="108.45691298134625">
        <ele>1591.599999999999909</ele>
      </trkpt>
      <trkpt lat="12.033548019826412" lon="108.456895966082811">
        <ele>1592</ele>
      </trkpt>
      <trkpt lat="12.033570986241102" lon="108.456876017153263">
        <ele>1592.200000000000045</ele>
      </trkpt>
      <trkpt lat="12.033593030646443" lon="108.456853972747922">
        <ele>1592.599999999999909</ele>
      </trkpt>
      <trkpt lat="12.03361096791923" lon="108.456837963312864">
        <ele>1592.799999999999955</ele>
      </trkpt>
      <trkpt lat="12.033618008717895" lon="108.456817008554935">
        <ele>1593</ele>
      </trkpt>
      <trkpt lat="12.033627983182669" lon="108.456788007169962">
        <ele>1593.200000000000045</ele>
      </trkpt>
      <trkpt lat="12.033644998446107" lon="108.45676101744175">
        <ele>1593.400000000000091</ele>
      </trkpt>
      <trkpt lat="12.033656984567642" lon="108.456736961379647">
        <ele>1593.799999999999955</ele>
      </trkpt>
      <trkpt lat="12.033678023144603" lon="108.456709971651435">
        <ele>1594</ele>
      </trkpt>
      <trkpt lat="12.03369403257966" lon="108.456693962216377">
        <ele>1594.400000000000091</ele>
      </trkpt>
      <trkpt lat="12.03371599316597" lon="108.456669989973307">
        <ele>1594.400000000000091</ele>
      </trkpt>
      <trkpt lat="12.033764021471143" lon="108.45661299303174">
        <ele>1594.799999999999955</ele>
      </trkpt>
      <trkpt lat="12.033804003149271" lon="108.456580974161625">
        <ele>1595</ele>
      </trkpt>
      <trkpt lat="12.033805008977652" lon="108.456578962504864">
        <ele>1594.599999999999909</ele>
      </trkpt>
      <trkpt lat="12.033855970948935" lon="108.456578962504864">
        <ele>1595.599999999999909</ele>
      </trkpt>
      <trkpt lat="12.033905005082488" lon="108.45656999386847">
        <ele>1595.799999999999955</ele>
      </trkpt>
      <trkpt lat="12.033950015902519" lon="108.456554990261793">
        <ele>1596.200000000000045</ele>
      </trkpt>
      <trkpt lat="12.03399402089417" lon="108.456538980826735">
        <ele>1596.799999999999955</ele>
      </trkpt>
      <trkpt lat="12.034007012844086" lon="108.456535963341594">
        <ele>1581</ele>
      </trkpt>
      <trkpt lat="12.034041965380311" lon="108.456520037725568">
        <ele>1581.799999999999955</ele>
      </trkpt>
      <trkpt lat="12.034055963158607" lon="108.456472009420395">
        <ele>1582.900000000000091</ele>
      </trkpt>
      <trkpt lat="12.034056968986988" lon="108.456446025520563">
        <ele>1599.599999999999909</ele>
      </trkpt>
      <trkpt lat="12.034054035320878" lon="108.456426998600364">
        <ele>1600.200000000000045</ele>
      </trkpt>
      <trkpt lat="12.034043977037072" lon="108.456392968073487">
        <ele>1600.599999999999909</ele>
      </trkpt>
      <trkpt lat="12.034023022279143" lon="108.456324990838766">
        <ele>1601.200000000000045</ele>
      </trkpt>
      <trkpt lat="12.03401698730886" lon="108.456290038302541">
        <ele>1601.799999999999955</ele>
      </trkpt>
      <trkpt lat="12.034012963995337" lon="108.456277968361974">
        <ele>1602</ele>
      </trkpt>
      <trkpt lat="12.034015981480479" lon="108.456255001947284">
        <ele>1602.400000000000091</ele>
      </trkpt>
      <trkpt lat="12.034028973430395" lon="108.456222983077168">
        <ele>1602.799999999999955</ele>
      </trkpt>
      <trkpt lat="12.034054035320878" lon="108.456189036369324">
        <ele>1603.599999999999909</ele>
      </trkpt>
      <trkpt lat="12.0340839587152" lon="108.456148970872164">
        <ele>1604.200000000000045</ele>
      </trkpt>
      <trkpt lat="12.034095022827387" lon="108.456123992800713">
        <ele>1604.599999999999909</ele>
      </trkpt>
      <trkpt lat="12.034099968150258" lon="108.456098008900881">
        <ele>1605.599999999999909</ele>
      </trkpt>
      <trkpt lat="12.034107008948922" lon="108.456070013344288">
        <ele>1606.400000000000091</ele>
      </trkpt>
      <trkpt lat="12.034116983413696" lon="108.456036988645792">
        <ele>1607</ele>
      </trkpt>
      <trkpt lat="12.034125030040741" lon="108.456006981432438">
        <ele>1607.799999999999955</ele>
      </trkpt>
      <trkpt lat="12.034129975363612" lon="108.455977980047464">
        <ele>1608.400000000000091</ele>
      </trkpt>
      <trkpt lat="12.034135004505515" lon="108.455955013632774">
        <ele>1609.799999999999955</ele>
      </trkpt>
      <trkpt lat="12.034141039475799" lon="108.455927018076181">
        <ele>1610.400000000000091</ele>
      </trkpt>
      <trkpt lat="12.034151013940573" lon="108.455902962014079">
        <ele>1611.599999999999909</ele>
      </trkpt>
      <trkpt lat="12.034160988405347" lon="108.455874966457486">
        <ele>1612.200000000000045</ele>
      </trkpt>
      <trkpt lat="12.034174986183643" lon="108.45583900809288">
        <ele>1613.400000000000091</ele>
      </trkpt>
      <trkpt lat="12.034194013103843" lon="108.455809000879526">
        <ele>1614</ele>
      </trkpt>
      <trkpt lat="12.034217985346913" lon="108.455784022808075">
        <ele>1614.599999999999909</ele>
      </trkpt>
      <trkpt lat="12.034242963418365" lon="108.455758960917592">
        <ele>1615.400000000000091</ele>
      </trkpt>
      <trkpt lat="12.034260984510183" lon="108.455723002552986">
        <ele>1616.200000000000045</ele>
      </trkpt>
      <trkpt lat="12.034270958974957" lon="108.455676985904574">
        <ele>1617</ele>
      </trkpt>
      <trkpt lat="12.034273976460099" lon="108.455642033368349">
        <ele>1617.400000000000091</ele>
      </trkpt>
      <trkpt lat="12.034277999773622" lon="108.455606997013092">
        <ele>1618.400000000000091</ele>
      </trkpt>
      <trkpt lat="12.034285962581635" lon="108.455575983971357">
        <ele>1618.799999999999955</ele>
      </trkpt>
      <trkpt lat="12.034288980066776" lon="108.455552011728287">
        <ele>1619.599999999999909</ele>
      </trkpt>
      <trkpt lat="12.034289985895157" lon="108.455529967322946">
        <ele>1619.799999999999955</ele>
      </trkpt>
      <trkpt lat="12.03429602086544" lon="108.455508006736636">
        <ele>1620.200000000000045</ele>
      </trkpt>
      <trkpt lat="12.034312030300498" lon="108.455475987866521">
        <ele>1620.799999999999955</ele>
      </trkpt>
      <trkpt lat="12.034330973401666" lon="108.455445980653167">
        <ele>1621.200000000000045</ele>
      </trkpt>
      <trkpt lat="12.034342037513852" lon="108.455411028116941">
        <ele>1621.799999999999955</ele>
      </trkpt>
      <trkpt lat="12.034359974786639" lon="108.455384960398078">
        <ele>1622</ele>
      </trkpt>
      <trkpt lat="12.034376990050077" lon="108.455358976498246">
        <ele>1622.599999999999909</ele>
      </trkpt>
      <trkpt lat="12.034391993656754" lon="108.455327963456511">
        <ele>1623</ele>
      </trkpt>
      <trkpt lat="12.03440498560667" lon="108.455284964293242">
        <ele>1623.599999999999909</ele>
      </trkpt>
      <trkpt lat="12.034428035840392" lon="108.455241965129972">
        <ele>1624</ele>
      </trkpt>
      <trkpt lat="12.034449996426702" lon="108.455208018422127">
        <ele>1624.400000000000091</ele>
      </trkpt>
      <trkpt lat="12.03446701169014" lon="108.455168958753347">
        <ele>1624.799999999999955</ele>
      </trkpt>
      <trkpt lat="12.034526020288467" lon="108.455098969861865">
        <ele>1624.799999999999955</ele>
      </trkpt>
      <trkpt lat="12.034573964774609" lon="108.455042978748679">
        <ele>1625.200000000000045</ele>
      </trkpt>
      <trkpt lat="12.034630039706826" lon="108.454997967928648">
        <ele>1625.400000000000091</ele>
      </trkpt>
      <trkpt lat="12.034659963101149" lon="108.454941976815462">
        <ele>1626</ele>
      </trkpt>
      <trkpt lat="12.034679995849729" lon="108.454910963773727">
        <ele>1626.200000000000045</ele>
      </trkpt>
      <trkpt lat="12.034700028598309" lon="108.454890009015799">
        <ele>1626.599999999999909</ele>
      </trkpt>
      <trkpt lat="12.034702962264419" lon="108.454856984317303">
        <ele>1626.599999999999909</ele>
      </trkpt>
      <trkpt lat="12.034720983356237" lon="108.454823037609458">
        <ele>1627.400000000000091</ele>
      </trkpt>
      <trkpt lat="12.034744033589959" lon="108.454821025952697">
        <ele>1627.799999999999955</ele>
      </trkpt>
      <trkpt lat="12.034774962812662" lon="108.454804010689259">
        <ele>1628</ele>
      </trkpt>
      <trkpt lat="12.034784015268087" lon="108.454779032617807">
        <ele>1628.599999999999909</ele>
      </trkpt>
      <trkpt lat="12.03479097224772" lon="108.454772997647524">
        <ele>1628.799999999999955</ele>
      </trkpt>
      <trkpt lat="12.034789966419339" lon="108.454767968505621">
        <ele>1629</ele>
      </trkpt>
      <trkpt lat="12.034782003611326" lon="108.454765034839511">
        <ele>1629.200000000000045</ele>
      </trkpt>
      <trkpt lat="12.03476800583303" lon="108.454757994040847">
        <ele>1629.799999999999955</ele>
      </trkpt>
      <trkpt lat="12.034761970862746" lon="108.454733015969396">
        <ele>1630.400000000000091</ele>
      </trkpt>
      <trkpt lat="12.034761970862746" lon="108.454702002927661">
        <ele>1630.400000000000091</ele>
      </trkpt>
      <trkpt lat="12.034758031368256" lon="108.454667972400784">
        <ele>1631.200000000000045</ele>
      </trkpt>
      <trkpt lat="12.034753002226353" lon="108.454651962965727">
        <ele>1631.599999999999909</ele>
      </trkpt>
      <trkpt lat="12.034745961427689" lon="108.45463402569294">
        <ele>1632</ele>
      </trkpt>
      <trkpt lat="12.034734981134534" lon="108.454608963802457">
        <ele>1632.400000000000091</ele>
      </trkpt>
      <trkpt lat="12.034718971699476" lon="108.454584991559386">
        <ele>1632.799999999999955</ele>
      </trkpt>
      <trkpt lat="12.034700028598309" lon="108.454554984346032">
        <ele>1633</ele>
      </trkpt>
      <trkpt lat="12.034688964486122" lon="108.45450896769762">
        <ele>1633.400000000000091</ele>
      </trkpt>
      <trkpt lat="12.034692987799644" lon="108.454476026818156">
        <ele>1633.799999999999955</ele>
      </trkpt>
      <trkpt lat="12.034694999456406" lon="108.45444300211966">
        <ele>1634.400000000000091</ele>
      </trkpt>
      <trkpt lat="12.034696005284786" lon="108.454410983249545">
        <ele>1635</ele>
      </trkpt>
      <trkpt lat="12.034701034426689" lon="108.4543770365417">
        <ele>1635.200000000000045</ele>
      </trkpt>
      <trkpt lat="12.034708997234702" lon="108.454338982701302">
        <ele>1635.599999999999909</ele>
      </trkpt>
      <trkpt lat="12.034720983356237" lon="108.454301012679935">
        <ele>1635.799999999999955</ele>
      </trkpt>
      <trkpt lat="12.03472500666976" lon="108.454291960224509">
        <ele>1636.799999999999955</ele>
      </trkpt>
      <trkpt lat="12.034756019711494" lon="108.454262036830187">
        <ele>1637.200000000000045</ele>
      </trkpt>
      <trkpt lat="12.034788960590959" lon="108.454240998253226">
        <ele>1637.799999999999955</ele>
      </trkpt>
      <trkpt lat="12.034814022481441" lon="108.454224988818169">
        <ele>1638.400000000000091</ele>
      </trkpt>
      <trkpt lat="12.034837994724512" lon="108.454208979383111">
        <ele>1638.599999999999909</ele>
      </trkpt>
      <trkpt lat="12.034860039129853" lon="108.45418400131166">
        <ele>1638.799999999999955</ele>
      </trkpt>
      <trkpt lat="12.034873031079769" lon="108.454151982441545">
        <ele>1639</ele>
      </trkpt>
      <trkpt lat="12.034883005544543" lon="108.45412096939981">
        <ele>1639.599999999999909</ele>
      </trkpt>
      <trkpt lat="12.034894991666079" lon="108.454096997156739">
        <ele>1639.799999999999955</ele>
      </trkpt>
      <trkpt lat="12.034909995272756" lon="108.45407503657043">
        <ele>1640</ele>
      </trkpt>
      <trkpt lat="12.03492097556591" lon="108.454051986336708">
        <ele>1640.200000000000045</ele>
      </trkpt>
      <trkpt lat="12.034927010536194" lon="108.45403497107327">
        <ele>1640.400000000000091</ele>
      </trkpt>
      <trkpt lat="12.034934973344207" lon="108.454016027972102">
        <ele>1640.799999999999955</ele>
      </trkpt>
      <trkpt lat="12.034945031628013" lon="108.453995995223522">
        <ele>1641</ele>
      </trkpt>
      <trkpt lat="12.034959029406309" lon="108.453972022980452">
        <ele>1641.200000000000045</ele>
      </trkpt>
      <trkpt lat="12.034980989992619" lon="108.453952996060252">
        <ele>1641.400000000000091</ele>
      </trkpt>
      <trkpt lat="12.03500303439796" lon="108.453950984403491">
        <ele>1641.599999999999909</ele>
      </trkpt>
      <trkpt lat="12.035020971670747" lon="108.453935980796814">
        <ele>1642</ele>
      </trkpt>
      <trkpt lat="12.035033963620663" lon="108.453917037695646">
        <ele>1643</ele>
      </trkpt>
      <trkpt lat="12.035056008026004" lon="108.453874960541725">
        <ele>1643.599999999999909</ele>
      </trkpt>
      <trkpt lat="12.035090960562229" lon="108.453804971650243">
        <ele>1644.200000000000045</ele>
      </trkpt>
      <trkpt lat="12.035120967775583" lon="108.453769013285637">
        <ele>1644.599999999999909</ele>
      </trkpt>
      <trkpt lat="12.035145023837686" lon="108.453746968880296">
        <ele>1644.799999999999955</ele>
      </trkpt>
      <trkpt lat="12.03515600413084" lon="108.453729031607509">
        <ele>1645</ele>
      </trkpt>
      <trkpt lat="12.035170001909137" lon="108.453716961666942">
        <ele>1645</ele>
      </trkpt>
      <trkpt lat="12.035179976373911" lon="108.453707993030548">
        <ele>1646</ele>
      </trkpt>
      <trkpt lat="12.035189028829336" lon="108.453702041879296">
        <ele>1647.400000000000091</ele>
      </trkpt>
      <trkpt lat="12.035189028829336" lon="108.453700030222535">
        <ele>1650</ele>
      </trkpt>
      <trkpt lat="12.035191962495446" lon="108.453687960281968">
        <ele>1650.599999999999909</ele>
      </trkpt>
      <trkpt lat="12.035195985808969" lon="108.453676979988813">
        <ele>1651.400000000000091</ele>
      </trkpt>
      <trkpt lat="12.035204032436013" lon="108.453658958896995">
        <ele>1652</ele>
      </trkpt>
      <trkpt lat="12.035230016335845" lon="108.453654013574123">
        <ele>1652.200000000000045</ele>
      </trkpt>
      <trkpt lat="12.035246025770903" lon="108.453656025230885">
        <ele>1652.799999999999955</ele>
      </trkpt>
      <trkpt lat="12.035253988578916" lon="108.453645966947079">
        <ele>1653.400000000000091</ele>
      </trkpt>
      <trkpt lat="12.03526102937758" lon="108.453629035502672">
        <ele>1653.799999999999955</ele>
      </trkpt>
      <trkpt lat="12.035266980528831" lon="108.453609002754092">
        <ele>1654</ele>
      </trkpt>
      <trkpt lat="12.035273015499115" lon="108.45358201302588">
        <ele>1654.200000000000045</ele>
      </trkpt>
      <trkpt lat="12.035279972478747" lon="108.4535619802773">
        <ele>1654.400000000000091</ele>
      </trkpt>
      <trkpt lat="12.035292964428663" lon="108.453529961407185">
        <ele>1654.799999999999955</ele>
      </trkpt>
      <trkpt lat="12.03530503436923" lon="108.453486040234566">
        <ele>1655</ele>
      </trkpt>
      <trkpt lat="12.035302016884089" lon="108.453468019142747">
        <ele>1655.599999999999909</ele>
      </trkpt>
      <trkpt lat="12.035300005227327" lon="108.45345301553607">
        <ele>1657</ele>
      </trkpt>
      <trkpt lat="12.035296987742186" lon="108.453434994444251">
        <ele>1657.400000000000091</ele>
      </trkpt>
      <trkpt lat="12.035297993570566" lon="108.453424014151096">
        <ele>1658.200000000000045</ele>
      </trkpt>
      <trkpt lat="12.03530503436923" lon="108.453418985009193">
        <ele>1658.400000000000091</ele>
      </trkpt>
      <trkpt lat="12.03530503436923" lon="108.45341102220118">
        <ele>1658.799999999999955</ele>
      </trkpt>
      <trkpt lat="12.035298999398947" lon="108.453385038301349">
        <ele>1658.799999999999955</ele>
      </trkpt>
      <trkpt lat="12.035296987742186" lon="108.453353019431233">
        <ele>1658.799999999999955</ele>
      </trkpt>
      <trkpt lat="12.035294976085424" lon="108.453326029703021">
        <ele>1659.200000000000045</ele>
      </trkpt>
      <trkpt lat="12.035314003005624" lon="108.45330499112606">
        <ele>1659.799999999999955</ele>
      </trkpt>
      <trkpt lat="12.035332024097443" lon="108.453285964205861">
        <ele>1660.799999999999955</ele>
      </trkpt>
      <trkpt lat="12.035336969420314" lon="108.453262997791171">
        <ele>1661.599999999999909</ele>
      </trkpt>
      <trkpt lat="12.035335041582584" lon="108.4532390255481">
        <ele>1663</ele>
      </trkpt>
      <trkpt lat="12.035335041582584" lon="108.453213963657618">
        <ele>1663.599999999999909</ele>
      </trkpt>
      <trkpt lat="12.035345016047359" lon="108.453198038041592">
        <ele>1664.200000000000045</ele>
      </trkpt>
      <trkpt lat="12.035358007997274" lon="108.453173981979489">
        <ele>1664.599999999999909</ele>
      </trkpt>
      <trkpt lat="12.035377034917474" lon="108.453150009736419">
        <ele>1665</ele>
      </trkpt>
      <trkpt lat="12.03539396636188" lon="108.453124025836587">
        <ele>1665.200000000000045</ele>
      </trkpt>
      <trkpt lat="12.035403018817306" lon="108.453107010573149">
        <ele>1665.400000000000091</ele>
      </trkpt>
      <trkpt lat="12.035411987453699" lon="108.45308898948133">
        <ele>1665.400000000000091</ele>
      </trkpt>
      <trkpt lat="12.035421039909124" lon="108.453079015016556">
        <ele>1665.599999999999909</ele>
      </trkpt>
      <trkpt lat="12.035427996888757" lon="108.453069962561131">
        <ele>1665.599999999999909</ele>
      </trkpt>
      <trkpt lat="12.03543696552515" lon="108.453054958954453">
        <ele>1665.799999999999955</ele>
      </trkpt>
      <trkpt lat="12.035444006323814" lon="108.453036015853286">
        <ele>1665.799999999999955</ele>
      </trkpt>
      <trkpt lat="12.035450041294098" lon="108.453021012246609">
        <ele>1666</ele>
      </trkpt>
      <trkpt lat="12.035461021587253" lon="108.45300299115479">
        <ele>1666.200000000000045</ele>
      </trkpt>
      <trkpt lat="12.035474013537169" lon="108.452985975891352">
        <ele>1666.200000000000045</ele>
      </trkpt>
      <trkpt lat="12.035484993830323" lon="108.452965021133423">
        <ele>1666</ele>
      </trkpt>
      <trkpt lat="12.035487005487084" lon="108.452960997819901">
        <ele>1667.200000000000045</ele>
      </trkpt>
      <trkpt lat="12.035493040457368" lon="108.452954040840268">
        <ele>1668.200000000000045</ele>
      </trkpt>
      <trkpt lat="12.035510977730155" lon="108.452928978949785">
        <ele>1669.400000000000091</ele>
      </trkpt>
      <trkpt lat="12.035547019913793" lon="108.452892014756799">
        <ele>1669.799999999999955</ele>
      </trkpt>
      <trkpt lat="12.035573003813624" lon="108.452868964523077">
        <ele>1670.400000000000091</ele>
      </trkpt>
      <trkpt lat="12.035589013248682" lon="108.452853038907051">
        <ele>1671</ele>
      </trkpt>
      <trkpt lat="12.035603011026978" lon="108.452841974794865">
        <ele>1671.599999999999909</ele>
      </trkpt>
      <trkpt lat="12.035620026290417" lon="108.452828982844949">
        <ele>1672</ele>
      </trkpt>
      <trkpt lat="12.035640981048346" lon="108.452812973409891">
        <ele>1672.400000000000091</ele>
      </trkpt>
      <trkpt lat="12.035660007968545" lon="108.452796963974833">
        <ele>1673</ele>
      </trkpt>
      <trkpt lat="12.035664031282067" lon="108.452779026702046">
        <ele>1673.599999999999909</ele>
      </trkpt>
      <trkpt lat="12.035667970776558" lon="108.452764023095369">
        <ele>1674.799999999999955</ele>
      </trkpt>
      <trkpt lat="12.035678029060364" lon="108.452747007831931">
        <ele>1675.200000000000045</ele>
      </trkpt>
      <trkpt lat="12.035695966333151" lon="108.452719012275338">
        <ele>1675.799999999999955</ele>
      </trkpt>
      <trkpt lat="12.035710969939828" lon="108.452695040032268">
        <ele>1676</ele>
      </trkpt>
      <trkpt lat="12.035725973546505" lon="108.452677018940449">
        <ele>1676.200000000000045</ele>
      </trkpt>
      <trkpt lat="12.035742988809943" lon="108.452663021162152">
        <ele>1678.200000000000045</ele>
      </trkpt>
      <trkpt lat="12.035755980759859" lon="108.452655980363488">
        <ele>1678.799999999999955</ele>
      </trkpt>
      <trkpt lat="12.035771990194917" lon="108.452647011727095">
        <ele>1679.599999999999909</ele>
      </trkpt>
      <trkpt lat="12.035795962437987" lon="108.452631002292037">
        <ele>1679.799999999999955</ele>
      </trkpt>
      <trkpt lat="12.03582102432847" lon="108.452605018392205">
        <ele>1680.400000000000091</ele>
      </trkpt>
      <trkpt lat="12.035828987136483" lon="108.452588003128767">
        <ele>1680.599999999999909</ele>
      </trkpt>
      <trkpt lat="12.035832004621625" lon="108.452571993693709">
        <ele>1681.599999999999909</ele>
      </trkpt>
      <trkpt lat="12.035838961601257" lon="108.452553972601891">
        <ele>1682.599999999999909</ele>
      </trkpt>
      <trkpt lat="12.035873997956514" lon="108.452522959560156">
        <ele>1683.400000000000091</ele>
      </trkpt>
      <trkpt lat="12.035908028483391" lon="108.452508961781859">
        <ele>1684.400000000000091</ele>
      </trkpt>
      <trkpt lat="12.035955972969532" lon="108.452495969831944">
        <ele>1685</ele>
      </trkpt>
      <trkpt lat="12.035997966304421" lon="108.452482977882028">
        <ele>1685.799999999999955</ele>
      </trkpt>
      <trkpt lat="12.036040965467691" lon="108.452469985932112">
        <ele>1686.200000000000045</ele>
      </trkpt>
      <trkpt lat="12.036085976287723" lon="108.45244400203228">
        <ele>1687.200000000000045</ele>
      </trkpt>
      <trkpt lat="12.036127969622612" lon="108.452413994818926">
        <ele>1687.200000000000045</ele>
      </trkpt>
      <trkpt lat="12.036162000149488" lon="108.452393040060997">
        <ele>1687.400000000000091</ele>
      </trkpt>
      <trkpt lat="12.036191001534462" lon="108.452385999262333">
        <ele>1687.599999999999909</ele>
      </trkpt>
      <trkpt lat="12.036213967949152" lon="108.452376024797559">
        <ele>1687.599999999999909</ele>
      </trkpt>
      <trkpt lat="12.036222014576197" lon="108.452365966513753">
        <ele>1688</ele>
      </trkpt>
      <trkpt lat="12.036224026232958" lon="108.452353980392218">
        <ele>1688.400000000000091</ele>
      </trkpt>
      <trkpt lat="12.036238024011254" lon="108.452324979007244">
        <ele>1688.599999999999909</ele>
      </trkpt>
      <trkpt lat="12.036261996254325" lon="108.452307041734457">
        <ele>1688.799999999999955</ele>
      </trkpt>
      <trkpt lat="12.036312036216259" lon="108.452308969572186">
        <ele>1689.400000000000091</ele>
      </trkpt>
      <trkpt lat="12.03635604120791" lon="108.452303018420935">
        <ele>1689.799999999999955</ele>
      </trkpt>
      <trkpt lat="12.036393005400896" lon="108.452322967350483">
        <ele>1690.599999999999909</ele>
      </trkpt>
      <trkpt lat="12.036430975422263" lon="108.45233797095716">
        <ele>1691.799999999999955</ele>
      </trkpt>
      <trkpt lat="12.03644597902894" lon="108.452352974563837">
        <ele>1692.400000000000091</ele>
      </trkpt>
      <trkpt lat="12.036443967372179" lon="108.452340988442302">
        <ele>1694.200000000000045</ele>
      </trkpt>
      <trkpt lat="12.036438016220927" lon="108.452320033684373">
        <ele>1694.799999999999955</ele>
      </trkpt>
      <trkpt lat="12.036437010392547" lon="108.452297989279032">
        <ele>1695.599999999999909</ele>
      </trkpt>
      <trkpt lat="12.036436004564166" lon="108.452274017035961">
        <ele>1696</ele>
      </trkpt>
      <trkpt lat="12.036418989300728" lon="108.452257001772523">
        <ele>1696.400000000000091</ele>
      </trkpt>
      <trkpt lat="12.036418989300728" lon="108.452247027307749">
        <ele>1697.400000000000091</ele>
      </trkpt>
      <trkpt lat="12.036419995129108" lon="108.452244009822607">
        <ele>1699</ele>
      </trkpt>
      <trkpt lat="12.03642301261425" lon="108.452249960973859">
        <ele>1701.400000000000091</ele>
      </trkpt>
      <trkpt lat="12.03642301261425" lon="108.452253984287381">
        <ele>1702</ele>
      </trkpt>
      <trkpt lat="12.036424018442631" lon="108.452261025086045">
        <ele>1704.200000000000045</ele>
      </trkpt>
      <trkpt lat="12.036424018442631" lon="108.452264964580536">
        <ele>1705.200000000000045</ele>
      </trkpt>
      <trkpt lat="12.036451008170843" lon="108.452240992337465">
        <ele>1703.799999999999955</ele>
      </trkpt>
      <trkpt lat="12.036453019827604" lon="108.45222900621593">
        <ele>1703.200000000000045</ele>
      </trkpt>
      <trkpt lat="12.036458970978856" lon="108.452228000387549">
        <ele>1704.599999999999909</ele>
      </trkpt>
      <trkpt lat="12.036464000120759" lon="108.452124986797571">
        <ele>1702</ele>
      </trkpt>
      <trkpt lat="12.036468023434281" lon="108.452043011784554">
        <ele>1702.400000000000091</ele>
      </trkpt>
      <trkpt lat="12.036468023434281" lon="108.452007975429296">
        <ele>1703.599999999999909</ele>
      </trkpt>
      <trkpt lat="12.03646500594914" lon="108.451976040378213">
        <ele>1704</ele>
      </trkpt>
      <trkpt lat="12.036453019827604" lon="108.451905967667699">
        <ele>1705.599999999999909</ele>
      </trkpt>
      <trkpt lat="12.036438016220927" lon="108.451875038444996">
        <ele>1706.200000000000045</ele>
      </trkpt>
      <trkpt lat="12.036421000957489" lon="108.451853999868035">
        <ele>1706.599999999999909</ele>
      </trkpt>
      <trkpt lat="12.03639904037118" lon="108.451832039281726">
        <ele>1707</ele>
      </trkpt>
      <trkpt lat="12.036374984309077" lon="108.451794991269708">
        <ele>1707.799999999999955</ele>
      </trkpt>
      <trkpt lat="12.036347994580865" lon="108.451768001541495">
        <ele>1707.799999999999955</ele>
      </trkpt>
      <trkpt lat="12.036323016509414" lon="108.451746040955186">
        <ele>1708</ele>
      </trkpt>
      <trkpt lat="12.036304995417595" lon="108.451727014034986">
        <ele>1708</ele>
      </trkpt>
      <trkpt lat="12.036289991810918" lon="108.451712010428309">
        <ele>1708</ele>
      </trkpt>
      <trkpt lat="12.036278005689383" lon="108.451699018478394">
        <ele>1708.799999999999955</ele>
      </trkpt>
      <trkpt lat="12.036263002082705" lon="108.451678985729814">
        <ele>1709</ele>
      </trkpt>
      <trkpt lat="12.036243975162506" lon="108.451657025143504">
        <ele>1709.400000000000091</ele>
      </trkpt>
      <trkpt lat="12.036228971555829" lon="108.451644033193588">
        <ele>1709.400000000000091</ele>
      </trkpt>
      <trkpt lat="12.036206005141139" lon="108.451616959646344">
        <ele>1710.200000000000045</ele>
      </trkpt>
      <trkpt lat="12.036181027069688" lon="108.451587958261371">
        <ele>1710.599999999999909</ele>
      </trkpt>
      <trkpt lat="12.036153031513095" lon="108.451559962704778">
        <ele>1711</ele>
      </trkpt>
      <trkpt lat="12.036119000986218" lon="108.451544037088752">
        <ele>1711.200000000000045</ele>
      </trkpt>
      <trkpt lat="12.036083964630961" lon="108.451505983248353">
        <ele>1711.400000000000091</ele>
      </trkpt>
      <trkpt lat="12.03603501431644" lon="108.451458960771561">
        <ele>1711.400000000000091</ele>
      </trkpt>
      <trkpt lat="12.035986986011267" lon="108.451416967436671">
        <ele>1711.599999999999909</ele>
      </trkpt>
      <trkpt lat="12.035933006554842" lon="108.451361982151866">
        <ele>1711.799999999999955</ele>
      </trkpt>
      <trkpt lat="12.035890007391572" lon="108.451331974938512">
        <ele>1712</ele>
      </trkpt>
      <trkpt lat="12.035872992128134" lon="108.451294004917145">
        <ele>1712</ele>
      </trkpt>
      <trkpt lat="12.03584298491478" lon="108.451244970783591">
        <ele>1712.400000000000091</ele>
      </trkpt>
      <trkpt lat="12.035817001014948" lon="108.451201971620321">
        <ele>1712.799999999999955</ele>
      </trkpt>
      <trkpt lat="12.035794034600258" lon="108.451168024912477">
        <ele>1713.799999999999955</ele>
      </trkpt>
      <trkpt lat="12.035771990194917" lon="108.451147992163897">
        <ele>1714.200000000000045</ele>
      </trkpt>
      <trkpt lat="12.035729996860027" lon="108.451135000213981">
        <ele>1715</ele>
      </trkpt>
      <trkpt lat="12.035703007131815" lon="108.451157966628671">
        <ele>1715.400000000000091</ele>
      </trkpt>
      <trkpt lat="12.035668976604939" lon="108.451147992163897">
        <ele>1716</ele>
      </trkpt>
      <trkpt lat="12.035645004361868" lon="108.451127037405968">
        <ele>1716.200000000000045</ele>
      </trkpt>
      <trkpt lat="12.035633018240333" lon="108.451098036020994">
        <ele>1716.599999999999909</ele>
      </trkpt>
      <trkpt lat="12.035589013248682" lon="108.451082026585937">
        <ele>1717</ele>
      </trkpt>
      <trkpt lat="12.03554199077189" lon="108.451043972745538">
        <ele>1717.200000000000045</ele>
      </trkpt>
      <trkpt lat="12.035530004650354" lon="108.451011031866074">
        <ele>1717.599999999999909</ele>
      </trkpt>
      <trkpt lat="12.035507960245013" lon="108.450951017439365">
        <ele>1717.599999999999909</ele>
      </trkpt>
      <trkpt lat="12.03547996468842" lon="108.450920004397631">
        <ele>1717.799999999999955</ele>
      </trkpt>
      <trkpt lat="12.035451969131827" lon="108.450903994962573">
        <ele>1718.200000000000045</ele>
      </trkpt>
      <trkpt lat="12.03543696552515" lon="108.450900977477431">
        <ele>1718.799999999999955</ele>
      </trkpt>
      <trkpt lat="12.035422967746854" lon="108.450901983305812">
        <ele>1719</ele>
      </trkpt>
      <trkpt lat="12.035408969968557" lon="108.450900977477431">
        <ele>1719.200000000000045</ele>
      </trkpt>
      <trkpt lat="12.035397989675403" lon="108.450894020497799">
        <ele>1719.400000000000091</ele>
      </trkpt>
      <trkpt lat="12.035386003553867" lon="108.450883040204644">
        <ele>1719.400000000000091</ele>
      </trkpt>
      <trkpt lat="12.035373011603951" lon="108.4508749935776">
        <ele>1719.599999999999909</ele>
      </trkpt>
      <trkpt lat="12.035362031310797" lon="108.450868958607316">
        <ele>1719.599999999999909</ele>
      </trkpt>
      <trkpt lat="12.035351973026991" lon="108.450865019112825">
        <ele>1719.599999999999909</ele>
      </trkpt>
      <trkpt lat="12.035343004390597" lon="108.450856972485781">
        <ele>1719.599999999999909</ele>
      </trkpt>
      <trkpt lat="12.035331018269062" lon="108.450835011899471">
        <ele>1719.599999999999909</ele>
      </trkpt>
      <trkpt lat="12.035308973863721" lon="108.450807016342878">
        <ele>1719.599999999999909</ele>
      </trkpt>
      <trkpt lat="12.035289024934173" lon="108.450797963887453">
        <ele>1719.599999999999909</ele>
      </trkpt>
      <trkpt lat="12.035269998013973" lon="108.450784971937537">
        <ele>1719.599999999999909</ele>
      </trkpt>
      <trkpt lat="12.035251976922154" lon="108.45076996833086">
        <ele>1719.599999999999909</ele>
      </trkpt>
      <trkpt lat="12.035238984972239" lon="108.45076602883637">
        <ele>1719.599999999999909</ele>
      </trkpt>
      <trkpt lat="12.035228004679084" lon="108.450772985816002">
        <ele>1719.599999999999909</ele>
      </trkpt>
      <trkpt lat="12.03521803021431" lon="108.450785977765918">
        <ele>1719.200000000000045</ele>
      </trkpt>
      <trkpt lat="12.035205960273743" lon="108.450806010514498">
        <ele>1719</ele>
      </trkpt>
      <trkpt lat="12.035188023000956" lon="108.450822019949555">
        <ele>1718.599999999999909</ele>
      </trkpt>
      <trkpt lat="12.035166984423995" lon="108.450830988585949">
        <ele>1718.599999999999909</ele>
      </trkpt>
      <trkpt lat="12.035137983039021" lon="108.450819002464414">
        <ele>1718.400000000000091</ele>
      </trkpt>
      <trkpt lat="12.035098001360893" lon="108.450820008292794">
        <ele>1718.400000000000091</ele>
      </trkpt>
      <trkpt lat="12.035062965005636" lon="108.450819002464414">
        <ele>1718.200000000000045</ele>
      </trkpt>
      <trkpt lat="12.035014014691114" lon="108.450815984979272">
        <ele>1718</ele>
      </trkpt>
      <trkpt lat="12.034976966679096" lon="108.450803998857737">
        <ele>1717.799999999999955</ele>
      </trkpt>
      <trkpt lat="12.034912006929517" lon="108.45074599608779">
        <ele>1717.400000000000091</ele>
      </trkpt>
      <trkpt lat="12.034881999716163" lon="108.450716994702816">
        <ele>1717.200000000000045</ele>
      </trkpt>
      <trkpt lat="12.034846963360906" lon="108.450658991932869">
        <ele>1717</ele>
      </trkpt>
      <trkpt lat="12.03481201082468" lon="108.45061800442636">
        <ele>1716.799999999999955</ele>
      </trkpt>
      <trkpt lat="12.034762976691127" lon="108.450578022748232">
        <ele>1716.599999999999909</ele>
      </trkpt>
      <trkpt lat="12.034720983356237" lon="108.450525971129537">
        <ele>1716.599999999999909</ele>
      </trkpt>
      <trkpt lat="12.034687958657742" lon="108.450478026643395">
        <ele>1716.599999999999909</ele>
      </trkpt>
      <trkpt lat="12.034644959494472" lon="108.450440978631377">
        <ele>1716.400000000000091</ele>
      </trkpt>
      <trkpt lat="12.034601038321853" lon="108.450380964204669">
        <ele>1716.400000000000091</ele>
      </trkpt>
      <trkpt lat="12.034546975046396" lon="108.450344000011683">
        <ele>1716.400000000000091</ele>
      </trkpt>
      <trkpt lat="12.034440021961927" lon="108.450242998078465">
        <ele>1715.799999999999955</ele>
      </trkpt>
      <trkpt lat="12.034428035840392" lon="108.450276022776961">
        <ele>1715.200000000000045</ele>
      </trkpt>
      <trkpt lat="12.034399034455419" lon="108.450238974764943">
        <ele>1714.799999999999955</ele>
      </trkpt>
      <trkpt lat="12.034383025020361" lon="108.45023000612855">
        <ele>1714.400000000000091</ele>
      </trkpt>
      <trkpt lat="12.034357963129878" lon="108.450225982815027">
        <ele>1715.200000000000045</ele>
      </trkpt>
      <trkpt lat="12.034343965351582" lon="108.450220031663775">
        <ele>1716.200000000000045</ele>
      </trkpt>
      <trkpt lat="12.034301972016692" lon="108.45020703971386">
        <ele>1717.400000000000091</ele>
      </trkpt>
      <trkpt lat="12.034264001995325" lon="108.450203016400337">
        <ele>1717.799999999999955</ele>
      </trkpt>
      <trkpt lat="12.034244975075126" lon="108.450192958116531">
        <ele>1718</ele>
      </trkpt>
      <trkpt lat="12.034218991175294" lon="108.450173009186983">
        <ele>1718</ele>
      </trkpt>
      <trkpt lat="12.034204993396997" lon="108.450149958953261">
        <ele>1718</ele>
      </trkpt>
      <trkpt lat="12.034185966476798" lon="108.450125986710191">
        <ele>1718</ele>
      </trkpt>
      <trkpt lat="12.034109020605683" lon="108.450062032788992">
        <ele>1718</ele>
      </trkpt>
      <trkpt lat="12.034093011170626" lon="108.450048035010695">
        <ele>1718.400000000000091</ele>
      </trkpt>
      <trkpt lat="12.03408102504909" lon="108.450034959241748">
        <ele>1718.599999999999909</ele>
      </trkpt>
      <trkpt lat="12.034064009785652" lon="108.450022973120213">
        <ele>1719</ele>
      </trkpt>
      <trkpt lat="12.034046994522214" lon="108.450006041675806">
        <ele>1719.400000000000091</ele>
      </trkpt>
      <trkpt lat="12.034029979258776" lon="108.449981985613704">
        <ele>1719.799999999999955</ele>
      </trkpt>
      <trkpt lat="12.034010030329227" lon="108.449953990057111">
        <ele>1720.200000000000045</ele>
      </trkpt>
      <trkpt lat="12.033989997580647" lon="108.449932029470801">
        <ele>1720.200000000000045</ele>
      </trkpt>
      <trkpt lat="12.033968036994338" lon="108.449906967580318">
        <ele>1721</ele>
      </trkpt>
      <trkpt lat="12.033940963447094" lon="108.449884001165628">
        <ele>1721.200000000000045</ele>
      </trkpt>
      <trkpt lat="12.033917997032404" lon="108.449849970638752">
        <ele>1721.599999999999909</ele>
      </trkpt>
      <trkpt lat="12.033898970112205" lon="108.44982398673892">
        <ele>1722</ele>
      </trkpt>
      <trkpt lat="12.033877009525895" lon="108.449806971475482">
        <ele>1722.599999999999909</ele>
      </trkpt>
      <trkpt lat="12.033851025626063" lon="108.449789034202695">
        <ele>1723.200000000000045</ele>
      </trkpt>
      <trkpt lat="12.033834010362625" lon="108.449776964262128">
        <ele>1723.400000000000091</ele>
      </trkpt>
      <trkpt lat="12.033816995099187" lon="108.449770007282495">
        <ele>1723.799999999999955</ele>
      </trkpt>
      <trkpt lat="12.033805008977652" lon="108.44975802116096">
        <ele>1723.799999999999955</ele>
      </trkpt>
      <trkpt lat="12.033797968178988" lon="108.449742011725903">
        <ele>1724.200000000000045</ele>
      </trkpt>
      <trkpt lat="12.033797968178988" lon="108.44971401616931">
        <ele>1724.400000000000091</ele>
      </trkpt>
      <trkpt lat="12.03378296457231" lon="108.449641009792686">
        <ele>1724.799999999999955</ele>
      </trkpt>
      <trkpt lat="12.033755974844098" lon="108.449576972052455">
        <ele>1724.799999999999955</ele>
      </trkpt>
      <trkpt lat="12.03373895958066" lon="108.449550988152623">
        <ele>1725.200000000000045</ele>
      </trkpt>
      <trkpt lat="12.03373602591455" lon="108.449547970667481">
        <ele>1725.400000000000091</ele>
      </trkpt>
      <trkpt lat="12.033734014257789" lon="108.449546964839101">
        <ele>1725.599999999999909</ele>
      </trkpt>
      <trkpt lat="12.033729990944266" lon="108.449546964839101">
        <ele>1726</ele>
      </trkpt>
      <trkpt lat="12.033726973459125" lon="108.449548976495862">
        <ele>1726</ele>
      </trkpt>
      <trkpt lat="12.033738037571311" lon="108.449547970667481">
        <ele>1726.599999999999909</ele>
      </trkpt>
      <trkpt lat="12.033728985115886" lon="108.449555011466146">
        <ele>1728</ele>
      </trkpt>
      <trkpt lat="12.033712975680828" lon="108.449554005637765">
        <ele>1729</ele>
      </trkpt>
      <trkpt lat="12.033700989559293" lon="108.449547970667481">
        <ele>1729.400000000000091</ele>
      </trkpt>
      <trkpt lat="12.033670982345939" lon="108.44954302534461">
        <ele>1729.799999999999955</ele>
      </trkpt>
      <trkpt lat="12.033658996224403" lon="108.449532967060804">
        <ele>1730.200000000000045</ele>
      </trkpt>
      <trkpt lat="12.033646004274487" lon="108.449530033394694">
        <ele>1730.200000000000045</ele>
      </trkpt>
      <trkpt lat="12.033632006496191" lon="108.449532967060804">
        <ele>1730.400000000000091</ele>
      </trkpt>
      <trkpt lat="12.033618008717895" lon="108.449532967060804">
        <ele>1730.400000000000091</ele>
      </trkpt>
      <trkpt lat="12.033598981797695" lon="108.449523998424411">
        <ele>1730.400000000000091</ele>
      </trkpt>
      <trkpt lat="12.033580038696527" lon="108.449505977332592">
        <ele>1730.599999999999909</ele>
      </trkpt>
      <trkpt lat="12.033561011776328" lon="108.449505977332592">
        <ele>1730.799999999999955</ele>
      </trkpt>
      <trkpt lat="12.033537961542606" lon="108.449514023959637">
        <ele>1731</ele>
      </trkpt>
      <trkpt lat="12.033511977642775" lon="108.449515029788017">
        <ele>1731.599999999999909</ele>
      </trkpt>
      <trkpt lat="12.033484987914562" lon="108.449508994817734">
        <ele>1731.799999999999955</ele>
      </trkpt>
      <trkpt lat="12.033462021499872" lon="108.449487034231424">
        <ele>1732.200000000000045</ele>
      </trkpt>
      <trkpt lat="12.033412987366319" lon="108.449448980391026">
        <ele>1732.400000000000091</ele>
      </trkpt>
      <trkpt lat="12.033401001244783" lon="108.449420984834433">
        <ele>1732.599999999999909</ele>
      </trkpt>
      <trkpt lat="12.033379040658474" lon="108.449369017034769">
        <ele>1732.799999999999955</ele>
      </trkpt>
      <trkpt lat="12.033359007909894" lon="108.449331969022751">
        <ele>1733</ele>
      </trkpt>
      <trkpt lat="12.033335035666823" lon="108.449297016486526">
        <ele>1733.200000000000045</ele>
      </trkpt>
      <trkpt lat="12.033307962119579" lon="108.449268015101552">
        <ele>1733.200000000000045</ele>
      </trkpt>
      <trkpt lat="12.033293964341283" lon="108.44924395903945">
        <ele>1733.400000000000091</ele>
      </trkpt>
      <trkpt lat="12.033272003754973" lon="108.449211018159986">
        <ele>1733.799999999999955</ele>
      </trkpt>
      <trkpt lat="12.033249037340283" lon="108.449181010946631">
        <ele>1734.400000000000091</ele>
      </trkpt>
      <trkpt lat="12.033226992934942" lon="108.449149997904897">
        <ele>1734.799999999999955</ele>
      </trkpt>
      <trkpt lat="12.033206960186362" lon="108.449116973206401">
        <ele>1735.200000000000045</ele>
      </trkpt>
      <trkpt lat="12.033178964629769" lon="108.449083026498556">
        <ele>1735.400000000000091</ele>
      </trkpt>
      <trkpt lat="12.033155998215079" lon="108.449052013456821">
        <ele>1735.799999999999955</ele>
      </trkpt>
      <trkpt lat="12.033129008486867" lon="108.44902996905148">
        <ele>1736.200000000000045</ele>
      </trkpt>
      <trkpt lat="12.033105958253145" lon="108.449002979323268">
        <ele>1736.400000000000091</ele>
      </trkpt>
      <trkpt lat="12.033085003495216" lon="108.448966015130281">
        <ele>1737</ele>
      </trkpt>
      <trkpt lat="12.033056002110243" lon="108.44892100431025">
        <ele>1737.200000000000045</ele>
      </trkpt>
      <trkpt lat="12.033019037917256" lon="108.448869958519936">
        <ele>1737.599999999999909</ele>
      </trkpt>
      <trkpt lat="12.032982995733619" lon="108.448822014033794">
        <ele>1738</ele>
      </trkpt>
      <trkpt lat="12.032965980470181" lon="108.448798041790724">
        <ele>1738.599999999999909</ele>
      </trkpt>
      <trkpt lat="12.032960029318929" lon="108.448773985728621">
        <ele>1738.799999999999955</ele>
      </trkpt>
      <trkpt lat="12.032939996570349" lon="108.448738027364016">
        <ele>1739.400000000000091</ele>
      </trkpt>
      <trkpt lat="12.032905966043472" lon="108.448701985180378">
        <ele>1739.799999999999955</ele>
      </trkpt>
      <trkpt lat="12.032890040427446" lon="108.448677007108927">
        <ele>1739.799999999999955</ele>
      </trkpt>
      <trkpt lat="12.032877970486879" lon="108.448666026815772">
        <ele>1727.099999999999909</ele>
      </trkpt>
      <trkpt lat="12.03283597715199" lon="108.448637025430799">
        <ele>1727</ele>
      </trkpt>
      <trkpt lat="12.032788032665849" lon="108.448635013774037">
        <ele>1726.099999999999909</ele>
      </trkpt>
      <trkpt lat="12.032763976603746" lon="108.44861900433898">
        <ele>1743.400000000000091</ele>
      </trkpt>
      <trkpt lat="12.032746039330959" lon="108.448590002954006">
        <ele>1743.200000000000045</ele>
      </trkpt>
      <trkpt lat="12.032719971612096" lon="108.448553960770369">
        <ele>1743.200000000000045</ele>
      </trkpt>
      <trkpt lat="12.032692981883883" lon="108.448520014062524">
        <ele>1744</ele>
      </trkpt>
      <trkpt lat="12.032662974670529" lon="108.44849101267755">
        <ele>1744.799999999999955</ele>
      </trkpt>
      <trkpt lat="12.032644031569362" lon="108.448465028777719">
        <ele>1745.200000000000045</ele>
      </trkpt>
      <trkpt lat="12.032630033791065" lon="108.448420017957687">
        <ele>1746</ele>
      </trkpt>
      <trkpt lat="12.032617041841149" lon="108.448380958288908">
        <ele>1746.200000000000045</ele>
      </trkpt>
      <trkpt lat="12.03259801492095" lon="108.448354974389076">
        <ele>1746.599999999999909</ele>
      </trkpt>
      <trkpt lat="12.032578988000751" lon="108.448332007974386">
        <ele>1746.799999999999955</ele>
      </trkpt>
      <trkpt lat="12.032559961080551" lon="108.448314992710948">
        <ele>1747.200000000000045</ele>
      </trkpt>
      <trkpt lat="12.032533977180719" lon="108.44829797744751">
        <ele>1747.200000000000045</ele>
      </trkpt>
      <trkpt lat="12.032513022422791" lon="108.44827501103282">
        <ele>1747.400000000000091</ele>
      </trkpt>
      <trkpt lat="12.032501036301255" lon="108.448235029354692">
        <ele>1747.400000000000091</ele>
      </trkpt>
      <trkpt lat="12.032483015209436" lon="108.448193036019802">
        <ele>1747.599999999999909</ele>
      </trkpt>
      <trkpt lat="12.032454013824463" lon="108.448154982179403">
        <ele>1748</ele>
      </trkpt>
      <trkpt lat="12.032428029924631" lon="108.448124974966049">
        <ele>1748</ele>
      </trkpt>
      <trkpt lat="12.032399028539658" lon="108.448108965530992">
        <ele>1748.400000000000091</ele>
      </trkpt>
      <trkpt lat="12.032377989962697" lon="108.448102008551359">
        <ele>1749</ele>
      </trkpt>
      <trkpt lat="12.032363992184401" lon="108.44808398745954">
        <ele>1749.599999999999909</ele>
      </trkpt>
      <trkpt lat="12.03234001994133" lon="108.448053980246186">
        <ele>1750</ele>
      </trkpt>
      <trkpt lat="12.032312024384737" lon="108.448036964982748">
        <ele>1750.400000000000091</ele>
      </trkpt>
      <trkpt lat="12.032284028828144" lon="108.448036964982748">
        <ele>1750.799999999999955</ele>
      </trkpt>
      <trkpt lat="12.032257961109281" lon="108.448046017438173">
        <ele>1751</ele>
      </trkpt>
      <trkpt lat="12.032226026058197" lon="108.448056997731328">
        <ele>1751.400000000000091</ele>
      </trkpt>
      <trkpt lat="12.03219098970294" lon="108.448064038529992">
        <ele>1751.599999999999909</ele>
      </trkpt>
      <trkpt lat="12.032156037166715" lon="108.448067978024483">
        <ele>1752.599999999999909</ele>
      </trkpt>
      <trkpt lat="12.032126029953361" lon="108.448064960539341">
        <ele>1752.799999999999955</ele>
      </trkpt>
      <trkpt lat="12.032096022740006" lon="108.448064960539341">
        <ele>1753.200000000000045</ele>
      </trkpt>
      <trkpt lat="12.032068027183414" lon="108.448077030479908">
        <ele>1753.400000000000091</ele>
      </trkpt>
      <trkpt lat="12.032042965292931" lon="108.448088010773063">
        <ele>1753.400000000000091</ele>
      </trkpt>
      <trkpt lat="12.032017987221479" lon="108.448101002722979">
        <ele>1753.400000000000091</ele>
      </trkpt>
      <trkpt lat="12.031995020806789" lon="108.448109971359372">
        <ele>1753.400000000000091</ele>
      </trkpt>
      <trkpt lat="12.031978005543351" lon="108.448115000501275">
        <ele>1753.200000000000045</ele>
      </trkpt>
      <trkpt lat="12.031969958916306" lon="108.448119023814797">
        <ele>1753</ele>
      </trkpt>
      <trkpt lat="12.031969036906958" lon="108.448123969137669">
        <ele>1753</ele>
      </trkpt>
      <trkpt lat="12.03195596113801" lon="108.448111983016133">
        <ele>1752.599999999999909</ele>
      </trkpt>
      <trkpt lat="12.031952021643519" lon="108.44810402020812">
        <ele>1752</ele>
      </trkpt>
      <trkpt lat="12.031942969188094" lon="108.448101002722979">
        <ele>1752</ele>
      </trkpt>
      <trkpt lat="12.031929977238178" lon="108.448099996894598">
        <ele>1752</ele>
      </trkpt>
      <trkpt lat="12.03191002830863" lon="108.448108965530992">
        <ele>1751.799999999999955</ele>
      </trkpt>
      <trkpt lat="12.031884966418147" lon="108.448107959702611">
        <ele>1751.799999999999955</ele>
      </trkpt>
      <trkpt lat="12.031865017488599" lon="108.448117012158036">
        <ele>1751.599999999999909</ele>
      </trkpt>
      <trkpt lat="12.031834004446864" lon="108.448134027421474">
        <ele>1751.400000000000091</ele>
      </trkpt>
      <trkpt lat="12.031796034425497" lon="108.448156993836164">
        <ele>1751.400000000000091</ele>
      </trkpt>
      <trkpt lat="12.031754041090608" lon="108.448174009099603">
        <ele>1751.400000000000091</ele>
      </trkpt>
      <trkpt lat="12.031712969765067" lon="108.448179038241506">
        <ele>1751.400000000000091</ele>
      </trkpt>
      <trkpt lat="12.031690003350377" lon="108.448178032413125">
        <ele>1751.400000000000091</ele>
      </trkpt>
      <trkpt lat="12.031665025278926" lon="108.448150036856532">
        <ele>1751.400000000000091</ele>
      </trkpt>
      <trkpt lat="12.031638035550714" lon="108.448128998279572">
        <ele>1751.400000000000091</ele>
      </trkpt>
      <trkpt lat="12.031581038609147" lon="108.448096979409456">
        <ele>1750.799999999999955</ele>
      </trkpt>
      <trkpt lat="12.031543990597129" lon="108.448064038529992">
        <ele>1750.599999999999909</ele>
      </trkpt>
      <trkpt lat="12.031505014747381" lon="108.448050962761045">
        <ele>1750.200000000000045</ele>
      </trkpt>
      <trkpt lat="12.03148297034204" lon="108.448041994124651">
        <ele>1750.799999999999955</ele>
      </trkpt>
      <trkpt lat="12.031480958685279" lon="108.44804098829627">
        <ele>1751</ele>
      </trkpt>
      <trkpt lat="12.031474001705647" lon="108.448036964982748">
        <ele>1758</ele>
      </trkpt>
      <trkpt lat="12.031448017805815" lon="108.448015004396439">
        <ele>1758.200000000000045</ele>
      </trkpt>
      <trkpt lat="12.031437959522009" lon="108.448009975254536">
        <ele>1758</ele>
      </trkpt>
      <trkpt lat="12.031429996713996" lon="108.448002012446523">
        <ele>1758.400000000000091</ele>
      </trkpt>
      <trkpt lat="12.031405018642545" lon="108.447973011061549">
        <ele>1758.400000000000091</ele>
      </trkpt>
      <trkpt lat="12.031379034742713" lon="108.447940992191434">
        <ele>1758.400000000000091</ele>
      </trkpt>
      <trkpt lat="12.03135103918612" lon="108.447896987199783">
        <ele>1759</ele>
      </trkpt>
      <trkpt lat="12.031327988952398" lon="108.447855999693274">
        <ele>1759.200000000000045</ele>
      </trkpt>
      <trkpt lat="12.031304016709328" lon="108.447814006358385">
        <ele>1759.400000000000091</ele>
      </trkpt>
      <trkpt lat="12.031266968697309" lon="108.447762038558722">
        <ele>1759.599999999999909</ele>
      </trkpt>
      <trkpt lat="12.031222963705659" lon="108.44769699499011">
        <ele>1759.599999999999909</ele>
      </trkpt>
      <trkpt lat="12.031201003119349" lon="108.447649972513318">
        <ele>1759.599999999999909</ele>
      </trkpt>
      <trkpt lat="12.031190022826195" lon="108.447614014148712">
        <ele>1760.599999999999909</ele>
      </trkpt>
      <trkpt lat="12.031176025047898" lon="108.447577971965075">
        <ele>1762.599999999999909</ele>
      </trkpt>
      <trkpt lat="12.031164038926363" lon="108.447546036913991">
        <ele>1763.200000000000045</ele>
      </trkpt>
      <trkpt lat="12.031161021441221" lon="108.447518963366747">
        <ele>1764.400000000000091</ele>
      </trkpt>
      <trkpt lat="12.031129002571106" lon="108.447485016658902">
        <ele>1765</ele>
      </trkpt>
      <trkpt lat="12.031110981479287" lon="108.447449980303645">
        <ele>1766.200000000000045</ele>
      </trkpt>
      <trkpt lat="12.031097989529371" lon="108.447404969483614">
        <ele>1767.400000000000091</ele>
      </trkpt>
      <trkpt lat="12.031096983700991" lon="108.447369011119008">
        <ele>1767.799999999999955</ele>
      </trkpt>
      <trkpt lat="12.031098995357752" lon="108.44733003526926">
        <ele>1768.200000000000045</ele>
      </trkpt>
      <trkpt lat="12.031103018671274" lon="108.447300028055906">
        <ele>1768.400000000000091</ele>
      </trkpt>
      <trkpt lat="12.031105030328035" lon="108.447238001972437">
        <ele>1769</ele>
      </trkpt>
      <trkpt lat="12.031125985085964" lon="108.447204977273941">
        <ele>1769.400000000000091</ele>
      </trkpt>
      <trkpt lat="12.031158003956079" lon="108.447185028344393">
        <ele>1770</ele>
      </trkpt>
      <trkpt lat="12.03115900978446" lon="108.447182010859251">
        <ele>1770.400000000000091</ele>
      </trkpt>
      <trkpt lat="12.03118097037077" lon="108.447158960625529">
        <ele>1771.599999999999909</ele>
      </trkpt>
      <trkpt lat="12.031193040311337" lon="108.447142029181123">
        <ele>1771.799999999999955</ele>
      </trkpt>
      <trkpt lat="12.031203014776111" lon="108.447118978947401">
        <ele>1772.799999999999955</ele>
      </trkpt>
      <trkpt lat="12.031211983412504" lon="108.447086038067937">
        <ele>1774</ele>
      </trkpt>
      <trkpt lat="12.031219024211168" lon="108.447054019197822">
        <ele>1775.400000000000091</ele>
      </trkpt>
      <trkpt lat="12.031221035867929" lon="108.447020994499326">
        <ele>1776</ele>
      </trkpt>
      <trkpt lat="12.03122497536242" lon="108.446994004771113">
        <ele>1776.400000000000091</ele>
      </trkpt>
      <trkpt lat="12.03122497536242" lon="108.446963997557759">
        <ele>1776.599999999999909</ele>
      </trkpt>
      <trkpt lat="12.031222963705659" lon="108.44694203697145">
        <ele>1777</ele>
      </trkpt>
      <trkpt lat="12.031230004504323" lon="108.446920998394489">
        <ele>1777.200000000000045</ele>
      </trkpt>
      <trkpt lat="12.031246013939381" lon="108.446903983131051">
        <ele>1777.400000000000091</ele>
      </trkpt>
      <trkpt lat="12.031265962868929" lon="108.44689903780818">
        <ele>1777.599999999999909</ele>
      </trkpt>
      <trkpt lat="12.031279038637877" lon="108.446898031979799">
        <ele>1777.599999999999909</ele>
      </trkpt>
      <trkpt lat="12.031281972303987" lon="108.446888979524374">
        <ele>1778</ele>
      </trkpt>
      <trkpt lat="12.031290018931031" lon="108.446870958432555">
        <ele>1778</ele>
      </trkpt>
      <trkpt lat="12.031317008659244" lon="108.446842040866613">
        <ele>1778.400000000000091</ele>
      </trkpt>
      <trkpt lat="12.031322959810495" lon="108.446818990632892">
        <ele>1778.599999999999909</ele>
      </trkpt>
      <trkpt lat="12.031324971467257" lon="108.44679401256144">
        <ele>1779.400000000000091</ele>
      </trkpt>
      <trkpt lat="12.031312985345721" lon="108.446761993691325">
        <ele>1779.799999999999955</ele>
      </trkpt>
      <trkpt lat="12.031311979517341" lon="108.446755958721042">
        <ele>1780</ele>
      </trkpt>
      <trkpt lat="12.03130804002285" lon="108.446744978427887">
        <ele>1780.200000000000045</ele>
      </trkpt>
      <trkpt lat="12.031309967860579" lon="108.446711031720042">
        <ele>1780.200000000000045</ele>
      </trkpt>
      <trkpt lat="12.03131097368896" lon="108.44668697565794">
        <ele>1781</ele>
      </trkpt>
      <trkpt lat="12.03130804002285" lon="108.446657974272966">
        <ele>1781.200000000000045</ele>
      </trkpt>
      <trkpt lat="12.031296975910664" lon="108.446645988151431">
        <ele>1782.200000000000045</ele>
      </trkpt>
      <trkpt lat="12.031285995617509" lon="108.446655962616205">
        <ele>1783</ele>
      </trkpt>
      <trkpt lat="12.031283983960748" lon="108.446660991758108">
        <ele>1783.400000000000091</ele>
      </trkpt>
      <trkpt lat="12.031297981739044" lon="108.446657974272966">
        <ele>1783.799999999999955</ele>
      </trkpt>
      <trkpt lat="12.031291024759412" lon="108.446647999808192">
        <ele>1783.799999999999955</ele>
      </trkpt>
      <trkpt lat="12.031271997839212" lon="108.446638025343418">
        <ele>1784.599999999999909</ele>
      </trkpt>
      <trkpt lat="12.031236961483955" lon="108.44662101007998">
        <ele>1785.200000000000045</ele>
      </trkpt>
      <trkpt lat="12.031192034482956" lon="108.446602988988161">
        <ele>1786</ele>
      </trkpt>
      <trkpt lat="12.031146017834544" lon="108.446575999259949">
        <ele>1786.200000000000045</ele>
      </trkpt>
      <trkpt lat="12.031104024499655" lon="108.446530988439918">
        <ele>1786.599999999999909</ele>
      </trkpt>
      <trkpt lat="12.031078040599823" lon="108.446486983448267">
        <ele>1786.799999999999955</ele>
      </trkpt>
      <trkpt lat="12.031046021729708" lon="108.446448007598519">
        <ele>1786.799999999999955</ele>
      </trkpt>
      <trkpt lat="12.031003022566438" lon="108.446398973464966">
        <ele>1787.200000000000045</ele>
      </trkpt>
      <trkpt lat="12.030943008139729" lon="108.446348011493683">
        <ele>1787.200000000000045</ele>
      </trkpt>
      <trkpt lat="12.030902020633221" lon="108.44632001593709">
        <ele>1787.400000000000091</ele>
      </trkpt>
      <trkpt lat="12.030859021469951" lon="108.446275005117059">
        <ele>1787.400000000000091</ele>
      </trkpt>
      <trkpt lat="12.030819039791822" lon="108.446238962933421">
        <ele>1788</ele>
      </trkpt>
      <trkpt lat="12.030780985951424" lon="108.446193030104041">
        <ele>1788</ele>
      </trkpt>
      <trkpt lat="12.030752990394831" lon="108.446137961000204">
        <ele>1788.400000000000091</ele>
      </trkpt>
      <trkpt lat="12.030748967081308" lon="108.446104014292359">
        <ele>1788.400000000000091</ele>
      </trkpt>
      <trkpt lat="12.030742010101676" lon="108.446069983765483">
        <ele>1788.599999999999909</ele>
      </trkpt>
      <trkpt lat="12.030731029808521" lon="108.446030002087355">
        <ele>1789</ele>
      </trkpt>
      <trkpt lat="12.030706973746419" lon="108.445992032065988">
        <ele>1789</ele>
      </trkpt>
      <trkpt lat="12.03066598623991" lon="108.445936040952802">
        <ele>1789.200000000000045</ele>
      </trkpt>
      <trkpt lat="12.030646037310362" lon="108.445891030132771">
        <ele>1789.200000000000045</ele>
      </trkpt>
      <trkpt lat="12.030623992905021" lon="108.445858005434275">
        <ele>1789</ele>
      </trkpt>
      <trkpt lat="12.030618963763118" lon="108.445845013484359">
        <ele>1788.799999999999955</ele>
      </trkpt>
      <trkpt lat="12.030618041753769" lon="108.445807965472341">
        <ele>1788.599999999999909</ele>
      </trkpt>
      <trkpt lat="12.030618963763118" lon="108.445768989622593">
        <ele>1788.599999999999909</ele>
      </trkpt>
      <trkpt lat="12.030630027875304" lon="108.445743005722761">
        <ele>1788.599999999999909</ele>
      </trkpt>
      <trkpt lat="12.03062298707664" lon="108.445710986852646">
        <ele>1788.599999999999909</ele>
      </trkpt>
      <trkpt lat="12.030616030097008" lon="108.445690032094717">
        <ele>1788.400000000000091</ele>
      </trkpt>
      <trkpt lat="12.03060002066195" lon="108.445673016831279">
        <ele>1788</ele>
      </trkpt>
      <trkpt lat="12.030589040368795" lon="108.445656001567841">
        <ele>1787.799999999999955</ele>
      </trkpt>
      <trkpt lat="12.030583005398512" lon="108.445648960769176">
        <ele>1787.200000000000045</ele>
      </trkpt>
      <trkpt lat="12.030574958771467" lon="108.445652984082699">
        <ele>1786.599999999999909</ele>
      </trkpt>
      <trkpt lat="12.030551992356777" lon="108.445678967982531">
        <ele>1785.799999999999955</ele>
      </trkpt>
      <trkpt lat="12.030541012063622" lon="108.445691959932446">
        <ele>1785.400000000000091</ele>
      </trkpt>
      <trkpt lat="12.030530031770468" lon="108.445688020437956">
        <ele>1785.200000000000045</ele>
      </trkpt>
      <trkpt lat="12.030518967658281" lon="108.44567502848804">
        <ele>1785</ele>
      </trkpt>
      <trkpt lat="12.030507987365127" lon="108.445662958547473">
        <ele>1784.799999999999955</ele>
      </trkpt>
      <trkpt lat="12.030494995415211" lon="108.445645021274686">
        <ele>1785</ele>
      </trkpt>
      <trkpt lat="12.030482003465295" lon="108.445618031546474">
        <ele>1784.799999999999955</ele>
      </trkpt>
      <trkpt lat="12.030446967110038" lon="108.445572014898062">
        <ele>1784.599999999999909</ele>
      </trkpt>
      <trkpt lat="12.030429029837251" lon="108.445543013513088">
        <ele>1784.599999999999909</ele>
      </trkpt>
      <trkpt lat="12.030413020402193" lon="108.445510994642973">
        <ele>1784.599999999999909</ele>
      </trkpt>
      <trkpt lat="12.030405979603529" lon="108.445481993257999">
        <ele>1784.599999999999909</ele>
      </trkpt>
      <trkpt lat="12.030401034280658" lon="108.445444023236632">
        <ele>1784.799999999999955</ele>
      </trkpt>
      <trkpt lat="12.030398016795516" lon="108.445408986881375">
        <ele>1784.799999999999955</ele>
      </trkpt>
      <trkpt lat="12.030388964340091" lon="108.445359030738473">
        <ele>1784.799999999999955</ele>
      </trkpt>
      <trkpt lat="12.03034495934844" lon="108.445245958864689">
        <ele>1784.599999999999909</ele>
      </trkpt>
      <trkpt lat="12.030343031510711" lon="108.445241013541818">
        <ele>1784.400000000000091</ele>
      </trkpt>
      <trkpt lat="12.030332973226905" lon="108.445243025198579">
        <ele>1786</ele>
      </trkpt>
      <trkpt lat="12.030297014862299" lon="108.445231961086392">
        <ele>1786.799999999999955</ele>
      </trkpt>
      <trkpt lat="12.030276982113719" lon="108.445216035470366">
        <ele>1787</ele>
      </trkpt>
      <trkpt lat="12.030226020142436" lon="108.445175969973207">
        <ele>1786.799999999999955</ele>
      </trkpt>
      <trkpt lat="12.030196012929082" lon="108.445149986073375">
        <ele>1786.400000000000091</ele>
      </trkpt>
      <trkpt lat="12.03017296269536" lon="108.445143029093742">
        <ele>1785.799999999999955</ele>
      </trkpt>
      <trkpt lat="12.030114959925413" lon="108.445108998566866">
        <ele>1784.599999999999909</ele>
      </trkpt>
      <trkpt lat="12.030073972418904" lon="108.445090977475047">
        <ele>1783.599999999999909</ele>
      </trkpt>
      <trkpt lat="12.030001971870661" lon="108.44505300745368">
        <ele>1782.599999999999909</ele>
      </trkpt>
      <trkpt lat="12.029986968263984" lon="108.445041021332145">
        <ele>1782.200000000000045</ele>
      </trkpt>
      <trkpt lat="12.029973976314068" lon="108.445039009675384">
        <ele>1781.599999999999909</ele>
      </trkpt>
      <trkpt lat="12.029942041262984" lon="108.445017971098423">
        <ele>1781.400000000000091</ele>
      </trkpt>
      <trkpt lat="12.029909016564488" lon="108.444995004683733">
        <ele>1781.200000000000045</ele>
      </trkpt>
      <trkpt lat="12.029885966330767" lon="108.444981006905437">
        <ele>1758.5</ele>
      </trkpt>
      <trkpt lat="12.029823018237948" lon="108.44490397721529">
        <ele>1756.700000000000045</ele>
      </trkpt>
      <trkpt lat="12.029768032953143" lon="108.444902971386909">
        <ele>1755.5</ele>
      </trkpt>
      <trkpt lat="12.029764009639621" lon="108.444905988872051">
        <ele>1777.200000000000045</ele>
      </trkpt>
      <trkpt lat="12.029743976891041" lon="108.444916969165206">
        <ele>1776.799999999999955</ele>
      </trkpt>
      <trkpt lat="12.029725033789873" lon="108.444926021620631">
        <ele>1777.200000000000045</ele>
      </trkpt>
      <trkpt lat="12.029705001041293" lon="108.444939013570547">
        <ele>1777.200000000000045</ele>
      </trkpt>
      <trkpt lat="12.029594024643302" lon="108.444971032440662">
        <ele>1776.599999999999909</ele>
      </trkpt>
      <trkpt lat="12.029576003551483" lon="108.444978995248675">
        <ele>1776.400000000000091</ele>
      </trkpt>
      <trkpt lat="12.029549013823271" lon="108.44498997554183">
        <ele>1776</ele>
      </trkpt>
      <trkpt lat="12.029507020488381" lon="108.445012019947171">
        <ele>1775.799999999999955</ele>
      </trkpt>
      <trkpt lat="12.029412975534797" lon="108.445077985525131">
        <ele>1772.599999999999909</ele>
      </trkpt>
      <trkpt lat="12.029381040483713" lon="108.445106986910105">
        <ele>1771.400000000000091</ele>
      </trkpt>
      <trkpt lat="12.029351033270359" lon="108.445126013830304">
        <ele>1770.799999999999955</ele>
      </trkpt>
      <trkpt lat="12.029321026057005" lon="108.445145040750504">
        <ele>1770</ele>
      </trkpt>
      <trkpt lat="12.029266962781549" lon="108.445173036307096">
        <ele>1769</ele>
      </trkpt>
      <trkpt lat="12.029153974726796" lon="108.445176975801587">
        <ele>1767.799999999999955</ele>
      </trkpt>
      <trkpt lat="12.029099995270371" lon="108.445191979408264">
        <ele>1768</ele>
      </trkpt>
      <trkpt lat="12.029081974178553" lon="108.445199020206928">
        <ele>1767.599999999999909</ele>
      </trkpt>
      <trkpt lat="12.029063031077385" lon="108.445206983014941">
        <ele>1767.200000000000045</ele>
      </trkpt>
      <trkpt lat="12.029046015813947" lon="108.445217963308096">
        <ele>1766.599999999999909</ele>
      </trkpt>
      <trkpt lat="12.02901097945869" lon="108.445222992449999">
        <ele>1766.200000000000045</ele>
      </trkpt>
      <trkpt lat="12.028972003608942" lon="108.445192985236645">
        <ele>1765</ele>
      </trkpt>
      <trkpt lat="12.02894501388073" lon="108.445186028257012">
        <ele>1764.400000000000091</ele>
      </trkpt>
      <trkpt lat="12.028918024152517" lon="108.445179993286729">
        <ele>1763.599999999999909</ele>
      </trkpt>
      <trkpt lat="12.028897991403937" lon="108.445183010771871">
        <ele>1763.200000000000045</ele>
      </trkpt>
      <trkpt lat="12.028884999454021" lon="108.445187034085393">
        <ele>1763</ele>
      </trkpt>
      <trkpt lat="12.028874019160867" lon="108.445191979408264">
        <ele>1762.400000000000091</ele>
      </trkpt>
      <trkpt lat="12.028869995847344" lon="108.445191979408264">
        <ele>1762.400000000000091</ele>
      </trkpt>
      <trkpt lat="12.028850968927145" lon="108.445173036307096">
        <ele>1763.599999999999909</ele>
      </trkpt>
      <trkpt lat="12.028809981420636" lon="108.445121990516782">
        <ele>1734.900000000000091</ele>
      </trkpt>
      <trkpt lat="12.02877301722765" lon="108.445101035758853">
        <ele>1734.700000000000045</ele>
      </trkpt>
      <trkpt lat="12.028733035549521" lon="108.445106986910105">
        <ele>1734</ele>
      </trkpt>
      <trkpt lat="12.028658017516136" lon="108.445153003558517">
        <ele>1757.400000000000091</ele>
      </trkpt>
      <trkpt lat="12.028576964512467" lon="108.445206983014941">
        <ele>1758</ele>
      </trkpt>
      <trkpt lat="12.028565984219313" lon="108.445220980793238">
        <ele>1758.200000000000045</ele>
      </trkpt>
      <trkpt lat="12.028547041118145" lon="108.445239001885056">
        <ele>1758.200000000000045</ele>
      </trkpt>
      <trkpt lat="12.028532959520817" lon="108.445255011320114">
        <ele>1758</ele>
      </trkpt>
      <trkpt lat="12.028500018641353" lon="108.445284012705088">
        <ele>1757.200000000000045</ele>
      </trkpt>
      <trkpt lat="12.028483003377914" lon="108.445300022140145">
        <ele>1756.599999999999909</ele>
      </trkpt>
      <trkpt lat="12.028440004214644" lon="108.445344027131796">
        <ele>1755.799999999999955</ele>
      </trkpt>
      <trkpt lat="12.028393987566233" lon="108.445400018244982">
        <ele>1754.400000000000091</ele>
      </trkpt>
      <trkpt lat="12.028283011168242" lon="108.445499008521438">
        <ele>1753.599999999999909</ele>
      </trkpt>
      <trkpt lat="12.02821402810514" lon="108.445520969107747">
        <ele>1752.799999999999955</ele>
      </trkpt>
      <trkpt lat="12.02817396260798" lon="108.445515017956495">
        <ele>1752.400000000000091</ele>
      </trkpt>
      <trkpt lat="12.028130041435361" lon="108.445498002693057">
        <ele>1752</ele>
      </trkpt>
      <trkpt lat="12.02808603644371" lon="108.445480987429619">
        <ele>1751.400000000000091</ele>
      </trkpt>
      <trkpt lat="12.027912028133869" lon="108.445479981601238">
        <ele>1750.400000000000091</ele>
      </trkpt>
      <trkpt lat="12.027865005657077" lon="108.445488028228283">
        <ele>1750.599999999999909</ele>
      </trkpt>
      <trkpt lat="12.027839021757245" lon="108.445476964116096">
        <ele>1750.400000000000091</ele>
      </trkpt>
      <trkpt lat="12.027812032029033" lon="108.445465983822942">
        <ele>1750.400000000000091</ele>
      </trkpt>
      <trkpt lat="12.027719998732209" lon="108.445415021851659">
        <ele>1750.400000000000091</ele>
      </trkpt>
      <trkpt lat="12.027682028710842" lon="108.445384008809924">
        <ele>1750.599999999999909</ele>
      </trkpt>
      <trkpt lat="12.027660990133882" lon="108.445378979668021">
        <ele>1751</ele>
      </trkpt>
      <trkpt lat="12.027596030384302" lon="108.445389959961176">
        <ele>1751.200000000000045</ele>
      </trkpt>
      <trkpt lat="12.02754900790751" lon="108.445400018244982">
        <ele>1751.599999999999909</ele>
      </trkpt>
      <trkpt lat="12.027501985430717" lon="108.445409992709756">
        <ele>1752</ele>
      </trkpt>
      <trkpt lat="12.027449011802673" lon="108.445424996316433">
        <ele>1752.200000000000045</ele>
      </trkpt>
      <trkpt lat="12.027318002656102" lon="108.445448968559504">
        <ele>1752.799999999999955</ele>
      </trkpt>
      <trkpt lat="12.027275003492832" lon="108.445461038500071">
        <ele>1753.599999999999909</ele>
      </trkpt>
      <trkpt lat="12.027233010157943" lon="108.445481993257999">
        <ele>1753.799999999999955</ele>
      </trkpt>
      <trkpt lat="12.027191016823053" lon="108.445500014349818">
        <ele>1754</ele>
      </trkpt>
      <trkpt lat="12.02703301794827" lon="108.445576960220933">
        <ele>1754.400000000000091</ele>
      </trkpt>
      <trkpt lat="12.026909971609712" lon="108.445596992969513">
        <ele>1754.200000000000045</ele>
      </trkpt>
      <trkpt lat="12.026879964396358" lon="108.445573020726442">
        <ele>1754.200000000000045</ele>
      </trkpt>
      <trkpt lat="12.02682196162641" lon="108.445557011291385">
        <ele>1754</ele>
      </trkpt>
      <trkpt lat="12.026777034625411" lon="108.445553993806243">
        <ele>1754</ele>
      </trkpt>
      <trkpt lat="12.026728000491858" lon="108.445557011291385">
        <ele>1754</ele>
      </trkpt>
      <trkpt lat="12.026677960529923" lon="108.445562040433288">
        <ele>1753.599999999999909</ele>
      </trkpt>
      <trkpt lat="12.026630016043782" lon="108.445579977706075">
        <ele>1753.200000000000045</ele>
      </trkpt>
      <trkpt lat="12.026591962203383" lon="108.445578971877694">
        <ele>1753</ele>
      </trkpt>
      <trkpt lat="12.026556003838778" lon="108.445563968271017">
        <ele>1752.400000000000091</ele>
      </trkpt>
      <trkpt lat="12.026516022160649" lon="108.445547958835959">
        <ele>1752.200000000000045</ele>
      </trkpt>
      <trkpt lat="12.02647696249187" lon="108.445522980764508">
        <ele>1752</ele>
      </trkpt>
      <trkpt lat="12.026439998298883" lon="108.44548299908638">
        <ele>1751.799999999999955</ele>
      </trkpt>
      <trkpt lat="12.026407979428768" lon="108.445466989651322">
        <ele>1751.599999999999909</ele>
      </trkpt>
      <trkpt lat="12.026289962232113" lon="108.445469001308084">
        <ele>1749.599999999999909</ele>
      </trkpt>
      <trkpt lat="12.026250986382365" lon="108.445463972166181">
        <ele>1749.200000000000045</ele>
      </trkpt>
      <trkpt lat="12.026202036067843" lon="108.445453997701406">
        <ele>1748.599999999999909</ele>
      </trkpt>
      <trkpt lat="12.025924008339643" lon="108.445369005203247">
        <ele>1747.200000000000045</ele>
      </trkpt>
      <trkpt lat="12.025849996134639" lon="108.445321982726455">
        <ele>1746.400000000000091</ele>
      </trkpt>
      <trkpt lat="12.02576600946486" lon="108.445184016600251">
        <ele>1746</ele>
      </trkpt>
      <trkpt lat="12.025750000029802" lon="108.445156021043658">
        <ele>1745.799999999999955</ele>
      </trkpt>
      <trkpt lat="12.025734996423125" lon="108.445128025487065">
        <ele>1745.400000000000091</ele>
      </trkpt>
      <trkpt lat="12.025672970339656" lon="108.445015959441662">
        <ele>1744.799999999999955</ele>
      </trkpt>
      <trkpt lat="12.025658972561359" lon="108.444982012733817">
        <ele>1744.599999999999909</ele>
      </trkpt>
      <trkpt lat="12.025651009753346" lon="108.444955023005605">
        <ele>1744.400000000000091</ele>
      </trkpt>
      <trkpt lat="12.025625025853515" lon="108.444901965558529">
        <ele>1743.799999999999955</ele>
      </trkpt>
      <trkpt lat="12.025600969791412" lon="108.444876987487078">
        <ele>1743.400000000000091</ele>
      </trkpt>
      <trkpt lat="12.025533998385072" lon="108.444819990545511">
        <ele>1743.200000000000045</ele>
      </trkpt>
      <trkpt lat="12.025504997000098" lon="108.444785038009286">
        <ele>1743</ele>
      </trkpt>
      <trkpt lat="12.025494016706944" lon="108.444733992218971">
        <ele>1742.200000000000045</ele>
      </trkpt>
      <trkpt lat="12.025468032807112" lon="108.444669032469392">
        <ele>1741.799999999999955</ele>
      </trkpt>
      <trkpt lat="12.025451017543674" lon="108.444611029699445">
        <ele>1741.400000000000091</ele>
      </trkpt>
      <trkpt lat="12.025427967309952" lon="108.444555038586259">
        <ele>1740.799999999999955</ele>
      </trkpt>
      <trkpt lat="12.025395026430488" lon="108.444512961432338">
        <ele>1740</ele>
      </trkpt>
      <trkpt lat="12.025377005338669" lon="108.444478008896112">
        <ele>1739.400000000000091</ele>
      </trkpt>
      <trkpt lat="12.025369964540005" lon="108.444455964490771">
        <ele>1739.200000000000045</ele>
      </trkpt>
      <trkpt lat="12.025344986468554" lon="108.444435009732842">
        <ele>1739</ele>
      </trkpt>
      <trkpt lat="12.025320008397102" lon="108.444412965327501">
        <ele>1738.799999999999955</ele>
      </trkpt>
      <trkpt lat="12.025290001183748" lon="108.444392010569572">
        <ele>1738.599999999999909</ele>
      </trkpt>
      <trkpt lat="12.025266028940678" lon="108.444373989477754">
        <ele>1738.400000000000091</ele>
      </trkpt>
      <trkpt lat="12.025248007848859" lon="108.444362003356218">
        <ele>1737.799999999999955</ele>
      </trkpt>
      <trkpt lat="12.025234010070562" lon="108.444355968385935">
        <ele>1737.799999999999955</ele>
      </trkpt>
      <trkpt lat="12.025215988978744" lon="108.444345993921161">
        <ele>1737.799999999999955</ele>
      </trkpt>
      <trkpt lat="12.025195034220815" lon="108.444333001971245">
        <ele>1737.599999999999909</ele>
      </trkpt>
      <trkpt lat="12.025175001472235" lon="108.444320010021329">
        <ele>1737.400000000000091</ele>
      </trkpt>
      <trkpt lat="12.025150023400784" lon="108.444304000586271">
        <ele>1737</ele>
      </trkpt>
      <trkpt lat="12.025099983438849" lon="108.444266030564904">
        <ele>1736.799999999999955</ele>
      </trkpt>
      <trkpt lat="12.025055978447199" lon="108.444247003644705">
        <ele>1736.400000000000091</ele>
      </trkpt>
      <trkpt lat="12.025038041174412" lon="108.444238035008311">
        <ele>1736.200000000000045</ele>
      </trkpt>
      <trkpt lat="12.025020020082593" lon="108.44423501752317">
        <ele>1736</ele>
      </trkpt>
      <trkpt lat="12.025003004819155" lon="108.444230994209647">
        <ele>1735.599999999999909</ele>
      </trkpt>
      <trkpt lat="12.024986995384097" lon="108.444224037230015">
        <ele>1735.400000000000091</ele>
      </trkpt>
      <trkpt lat="12.024958999827504" lon="108.444218002259731">
        <ele>1735</ele>
      </trkpt>
      <trkpt lat="12.024938967078924" lon="108.444213978946209">
        <ele>1734.799999999999955</ele>
      </trkpt>
      <trkpt lat="12.024899991229177" lon="108.444208027794957">
        <ele>1734</ele>
      </trkpt>
      <trkpt lat="12.024822039529681" lon="108.444167962297797">
        <ele>1733</ele>
      </trkpt>
      <trkpt lat="12.024803012609482" lon="108.444167962297797">
        <ele>1732.400000000000091</ele>
      </trkpt>
      <trkpt lat="12.024748027324677" lon="108.444148013368249">
        <ele>1731.599999999999909</ele>
      </trkpt>
      <trkpt lat="12.024664040654898" lon="108.444118006154895">
        <ele>1730.599999999999909</ele>
      </trkpt>
      <trkpt lat="12.024643002077937" lon="108.444122029468417">
        <ele>1730</ele>
      </trkpt>
      <trkpt lat="12.024622969329357" lon="108.444133009761572">
        <ele>1729.599999999999909</ele>
      </trkpt>
      <trkpt lat="12.024603020399809" lon="108.444144995883107">
        <ele>1729.200000000000045</ele>
      </trkpt>
      <trkpt lat="12.024580975994468" lon="108.44414901919663">
        <ele>1728.200000000000045</ele>
      </trkpt>
      <trkpt lat="12.024558009579778" lon="108.44415002502501">
        <ele>1727.799999999999955</ele>
      </trkpt>
      <trkpt lat="12.024536971002817" lon="108.444132003933191">
        <ele>1726.799999999999955</ele>
      </trkpt>
      <trkpt lat="12.024516016244888" lon="108.444119011983275">
        <ele>1726.400000000000091</ele>
      </trkpt>
      <trkpt lat="12.02447603456676" lon="108.444119011983275">
        <ele>1725.400000000000091</ele>
      </trkpt>
      <trkpt lat="12.024472011253238" lon="108.444121023640037">
        <ele>1725.200000000000045</ele>
      </trkpt>
      <trkpt lat="12.024452984333038" lon="108.44412898644805">
        <ele>1723.200000000000045</ele>
      </trkpt>
      <trkpt lat="12.024300014600158" lon="108.444104008376598">
        <ele>1722.200000000000045</ele>
      </trkpt>
      <trkpt lat="12.024236982688308" lon="108.444082969799638">
        <ele>1721.599999999999909</ele>
      </trkpt>
      <trkpt lat="12.024215022101998" lon="108.44408699311316">
        <ele>1721.599999999999909</ele>
      </trkpt>
      <trkpt lat="12.024189038202167" lon="108.444091016426682">
        <ele>1721.599999999999909</ele>
      </trkpt>
      <trkpt lat="12.024140004068613" lon="108.444087998941541">
        <ele>1721.400000000000091</ele>
      </trkpt>
      <trkpt lat="12.024117959663272" lon="108.444077018648386">
        <ele>1721.400000000000091</ele>
      </trkpt>
      <trkpt lat="12.024102034047246" lon="108.444057991728187">
        <ele>1720.799999999999955</ele>
      </trkpt>
      <trkpt lat="12.02406900934875" lon="108.444035025313497">
        <ele>1720.400000000000091</ele>
      </trkpt>
      <trkpt lat="12.0240250043571" lon="108.444011975079775">
        <ele>1720.200000000000045</ele>
      </trkpt>
      <trkpt lat="12.023987034335732" lon="108.443998983129859">
        <ele>1719.799999999999955</ele>
      </trkpt>
      <trkpt lat="12.023948980495334" lon="108.443986997008324">
        <ele>1719.400000000000091</ele>
      </trkpt>
      <trkpt lat="12.023908998817205" lon="108.443976016715169">
        <ele>1718.799999999999955</ele>
      </trkpt>
      <trkpt lat="12.023877985775471" lon="108.443967970088124">
        <ele>1718.599999999999909</ele>
      </trkpt>
      <trkpt lat="12.023836998268962" lon="108.443945003673434">
        <ele>1718</ele>
      </trkpt>
      <trkpt lat="12.023709006607533" lon="108.443847019225359">
        <ele>1717</ele>
      </trkpt>
      <trkpt lat="12.023675981909037" lon="108.443853976204991">
        <ele>1716.400000000000091</ele>
      </trkpt>
      <trkpt lat="12.023643041029572" lon="108.443847019225359">
        <ele>1716</ele>
      </trkpt>
      <trkpt lat="12.023601969704032" lon="108.443833021447062">
        <ele>1714.799999999999955</ele>
      </trkpt>
      <trkpt lat="12.023569028824568" lon="108.443830003961921">
        <ele>1714.599999999999909</ele>
      </trkpt>
      <trkpt lat="12.023539021611214" lon="108.44380896538496">
        <ele>1713.799999999999955</ele>
      </trkpt>
      <trkpt lat="12.023518988862634" lon="108.443778958171606">
        <ele>1712.799999999999955</ele>
      </trkpt>
      <trkpt lat="12.023493004962802" lon="108.443755991756916">
        <ele>1712.200000000000045</ele>
      </trkpt>
      <trkpt lat="12.023448999971151" lon="108.443716010078788">
        <ele>1711.599999999999909</ele>
      </trkpt>
      <trkpt lat="12.023425027728081" lon="108.44370000064373">
        <ele>1711.400000000000091</ele>
      </trkpt>
      <trkpt lat="12.023373981937766" lon="108.443670999258757">
        <ele>1710</ele>
      </trkpt>
      <trkpt lat="12.023302987217903" lon="108.44363302923739">
        <ele>1709.400000000000091</ele>
      </trkpt>
      <trkpt lat="12.023257976397872" lon="108.44359396956861">
        <ele>1709</ele>
      </trkpt>
      <trkpt lat="12.023226041346788" lon="108.443557005375624">
        <ele>1708.799999999999955</ele>
      </trkpt>
      <trkpt lat="12.023194022476673" lon="108.443519035354257">
        <ele>1708.599999999999909</ele>
      </trkpt>
      <trkpt lat="12.023173989728093" lon="108.443503025919199">
        <ele>1708.200000000000045</ele>
      </trkpt>
      <trkpt lat="12.023154040798545" lon="108.443487016484141">
        <ele>1708</ele>
      </trkpt>
      <trkpt lat="12.023137025535107" lon="108.443458015099168">
        <ele>1707.599999999999909</ele>
      </trkpt>
      <trkpt lat="12.023121016100049" lon="108.443429013714194">
        <ele>1707.400000000000091</ele>
      </trkpt>
      <trkpt lat="12.023105006664991" lon="108.443413004279137">
        <ele>1707.200000000000045</ele>
      </trkpt>
      <trkpt lat="12.023091008886695" lon="108.443388026207685">
        <ele>1706.599999999999909</ele>
      </trkpt>
      <trkpt lat="12.023061001673341" lon="108.443350978195667">
        <ele>1706.400000000000091</ele>
      </trkpt>
      <trkpt lat="12.023042980581522" lon="108.44333496876061">
        <ele>1705.599999999999909</ele>
      </trkpt>
      <trkpt lat="12.02299302443862" lon="108.443279983475804">
        <ele>1704</ele>
      </trkpt>
      <trkpt lat="12.02295002527535" lon="108.443256011232734">
        <ele>1702.799999999999955</ele>
      </trkpt>
      <trkpt lat="12.022893028333783" lon="108.443211000412703">
        <ele>1702.200000000000045</ele>
      </trkpt>
      <trkpt lat="12.022877018898726" lon="108.443194990977645">
        <ele>1701.599999999999909</ele>
      </trkpt>
      <trkpt lat="12.022847011685371" lon="108.44316397793591">
        <ele>1701</ele>
      </trkpt>
      <trkpt lat="12.022835025563836" lon="108.443156015127897">
        <ele>1700.799999999999955</ele>
      </trkpt>
      <trkpt lat="12.02282396145165" lon="108.443146040663123">
        <ele>1700.799999999999955</ele>
      </trkpt>
      <trkpt lat="12.022803006693721" lon="108.443131037056446">
        <ele>1700.400000000000091</ele>
      </trkpt>
      <trkpt lat="12.022784985601902" lon="108.443117961287498">
        <ele>1700.400000000000091</ele>
      </trkpt>
      <trkpt lat="12.022755984216928" lon="108.443096000701189">
        <ele>1699.799999999999955</ele>
      </trkpt>
      <trkpt lat="12.02273603528738" lon="108.443085020408034">
        <ele>1699.200000000000045</ele>
      </trkpt>
      <trkpt lat="12.022688006982207" lon="108.443010002374649">
        <ele>1698</ele>
      </trkpt>
      <trkpt lat="12.022679960355163" lon="108.442998016253114">
        <ele>1697.799999999999955</ele>
      </trkpt>
      <trkpt lat="12.022668980062008" lon="108.442988963797688">
        <ele>1697.400000000000091</ele>
      </trkpt>
      <trkpt lat="12.022656993940473" lon="108.442977983504534">
        <ele>1697.200000000000045</ele>
      </trkpt>
      <trkpt lat="12.022641990333796" lon="108.442963985726237">
        <ele>1697</ele>
      </trkpt>
      <trkpt lat="12.022626986727118" lon="108.442938001826406">
        <ele>1696.400000000000091</ele>
      </trkpt>
      <trkpt lat="12.022612988948822" lon="108.442915035411716">
        <ele>1695.799999999999955</ele>
      </trkpt>
      <trkpt lat="12.022610977292061" lon="108.442912017926574">
        <ele>1695.200000000000045</ele>
      </trkpt>
      <trkpt lat="12.022591028362513" lon="108.442899025976658">
        <ele>1694.599999999999909</ele>
      </trkpt>
      <trkpt lat="12.022577030584216" lon="108.442893996834755">
        <ele>1694.400000000000091</ele>
      </trkpt>
      <trkpt lat="12.022561021149158" lon="108.442886034026742">
        <ele>1693.400000000000091</ele>
      </trkpt>
      <trkpt lat="12.022533025592566" lon="108.442854015156627">
        <ele>1692.599999999999909</ele>
      </trkpt>
      <trkpt lat="12.022510981187224" lon="108.442842029035091">
        <ele>1692.400000000000091</ele>
      </trkpt>
      <trkpt lat="12.022481979802251" lon="108.442806992679834">
        <ele>1691.599999999999909</ele>
      </trkpt>
      <trkpt lat="12.022475022822618" lon="108.44279601238668">
        <ele>1691.400000000000091</ele>
      </trkpt>
      <trkpt lat="12.022463958710432" lon="108.442781008780003">
        <ele>1691.200000000000045</ele>
      </trkpt>
      <trkpt lat="12.022452978417277" lon="108.442762987688184">
        <ele>1691</ele>
      </trkpt>
      <trkpt lat="12.022432023659348" lon="108.442743038758636">
        <ele>1690.799999999999955</ele>
      </trkpt>
      <trkpt lat="12.02239396981895" lon="108.442717976868153">
        <ele>1690.400000000000091</ele>
      </trkpt>
      <trkpt lat="12.022385001182556" lon="108.442702973261476">
        <ele>1689.599999999999909</ele>
      </trkpt>
      <trkpt lat="12.022373015061021" lon="108.442657040432096">
        <ele>1689</ele>
      </trkpt>
      <trkpt lat="12.022333033382893" lon="108.442645976319909">
        <ele>1687.799999999999955</ele>
      </trkpt>
      <trkpt lat="12.022302020341158" lon="108.442648993805051">
        <ele>1687.400000000000091</ele>
      </trkpt>
      <trkpt lat="12.022279975935817" lon="108.442657962441444">
        <ele>1686.599999999999909</ele>
      </trkpt>
      <trkpt lat="12.022247035056353" lon="108.442628039047122">
        <ele>1685.799999999999955</ele>
      </trkpt>
      <trkpt lat="12.022231025621295" lon="108.442626027390361">
        <ele>1685</ele>
      </trkpt>
      <trkpt lat="12.022219961509109" lon="108.442623009905219">
        <ele>1684.400000000000091</ele>
      </trkpt>
      <trkpt lat="12.022205963730812" lon="108.442628039047122">
        <ele>1683.799999999999955</ele>
      </trkpt>
      <trkpt lat="12.022190038114786" lon="108.442637007683516">
        <ele>1683.400000000000091</ele>
      </trkpt>
      <trkpt lat="12.0221789740026" lon="108.44264798797667">
        <ele>1682.599999999999909</ele>
      </trkpt>
      <trkpt lat="12.022175034508109" lon="108.442661985754967">
        <ele>1682</ele>
      </trkpt>
      <trkpt lat="12.022165982052684" lon="108.442679001018405">
        <ele>1681.400000000000091</ele>
      </trkpt>
      <trkpt lat="12.022150978446007" lon="108.442696016281843">
        <ele>1681</ele>
      </trkpt>
      <trkpt lat="12.022141003981233" lon="108.44271101988852">
        <ele>1680.799999999999955</ele>
      </trkpt>
      <trkpt lat="12.022129017859697" lon="108.442723006010056">
        <ele>1680.599999999999909</ele>
      </trkpt>
      <trkpt lat="12.022119965404272" lon="108.442734992131591">
        <ele>1680.400000000000091</ele>
      </trkpt>
      <trkpt lat="12.022110996767879" lon="108.442746978253126">
        <ele>1679.400000000000091</ele>
      </trkpt>
      <trkpt lat="12.022104039788246" lon="108.442762987688184">
        <ele>1679</ele>
      </trkpt>
      <trkpt lat="12.022085012868047" lon="108.442789977416396">
        <ele>1678.200000000000045</ele>
      </trkpt>
      <trkpt lat="12.022075960412621" lon="108.442801963537931">
        <ele>1678</ele>
      </trkpt>
      <trkpt lat="12.022069003432989" lon="108.442811015993357">
        <ele>1677.799999999999955</ele>
      </trkpt>
      <trkpt lat="12.022067997604609" lon="108.442821996286511">
        <ele>1677.599999999999909</ele>
      </trkpt>
      <trkpt lat="12.02207101508975" lon="108.442830964922905">
        <ele>1677.400000000000091</ele>
      </trkpt>
      <trkpt lat="12.022074032574892" lon="108.442841023206711">
        <ele>1677.400000000000091</ele>
      </trkpt>
      <trkpt lat="12.022075960412621" lon="108.442852003499866">
        <ele>1676.799999999999955</ele>
      </trkpt>
      <trkpt lat="12.022075960412621" lon="108.442864995449781">
        <ele>1676.400000000000091</ele>
      </trkpt>
      <trkpt lat="12.02207101508975" lon="108.442881004884839">
        <ele>1676</ele>
      </trkpt>
      <trkpt lat="12.022058023139834" lon="108.442898020148277">
        <ele>1675.599999999999909</ele>
      </trkpt>
      <trkpt lat="12.022055005654693" lon="108.442916963249445">
        <ele>1675.200000000000045</ele>
      </trkpt>
      <trkpt lat="12.022061962634325" lon="108.442950993776321">
        <ele>1674</ele>
      </trkpt>
      <trkpt lat="12.022069003432989" lon="108.442967003211379">
        <ele>1673.400000000000091</ele>
      </trkpt>
      <trkpt lat="12.02207101508975" lon="108.442981000989676">
        <ele>1673.200000000000045</ele>
      </trkpt>
      <trkpt lat="12.022073026746511" lon="108.443000027909875">
        <ele>1672.599999999999909</ele>
      </trkpt>
      <trkpt lat="12.02207101508975" lon="108.443050989881158">
        <ele>1672</ele>
      </trkpt>
      <trkpt lat="12.022048970684409" lon="108.44309700652957">
        <ele>1672</ele>
      </trkpt>
      <trkpt lat="12.022029021754861" lon="108.443145034834743">
        <ele>1671.799999999999955</ele>
      </trkpt>
      <trkpt lat="12.022041007876396" lon="108.443171018734574">
        <ele>1671.799999999999955</ele>
      </trkpt>
      <trkpt lat="12.022064980119467" lon="108.443191973492503">
        <ele>1671.599999999999909</ele>
      </trkpt>
      <trkpt lat="12.022089958190918" lon="108.443208988755941">
        <ele>1671.599999999999909</ele>
      </trkpt>
      <trkpt lat="12.022109990939498" lon="108.443214017897844">
        <ele>1671.400000000000091</ele>
      </trkpt>
      <trkpt lat="12.022133963182569" lon="108.443218041211367">
        <ele>1671.400000000000091</ele>
      </trkpt>
      <trkpt lat="12.022158019244671" lon="108.44322600401938">
        <ele>1671.599999999999909</ele>
      </trkpt>
      <trkpt lat="12.022185008972883" lon="108.44322700984776">
        <ele>1671.599999999999909</ele>
      </trkpt>
      <trkpt lat="12.022207975387573" lon="108.443232038989663">
        <ele>1671.799999999999955</ele>
      </trkpt>
      <trkpt lat="12.022227002307773" lon="108.443267997354269">
        <ele>1671.799999999999955</ele>
      </trkpt>
      <trkpt lat="12.022230019792914" lon="108.44329196959734">
        <ele>1672</ele>
      </trkpt>
      <trkpt lat="12.022233037278056" lon="108.443317031487823">
        <ele>1672.200000000000045</ele>
      </trkpt>
      <trkpt lat="12.022251980379224" lon="108.44337796792388">
        <ele>1672.400000000000091</ele>
      </trkpt>
      <trkpt lat="12.022276036441326" lon="108.443417027592659">
        <ele>1672.599999999999909</ele>
      </trkpt>
      <trkpt lat="12.02228500507772" lon="108.443435970693827">
        <ele>1672.799999999999955</ele>
      </trkpt>
      <trkpt lat="12.022300008684397" lon="108.443448962643743">
        <ele>1673</ele>
      </trkpt>
      <trkpt lat="12.022320041432977" lon="108.443457009270787">
        <ele>1673.400000000000091</ele>
      </trkpt>
      <trkpt lat="12.022348958998919" lon="108.443457009270787">
        <ele>1673.599999999999909</ele>
      </trkpt>
      <trkpt lat="12.022378966212273" lon="108.443457009270787">
        <ele>1673.799999999999955</ele>
      </trkpt>
      <trkpt lat="12.022412996739149" lon="108.443454997614026">
        <ele>1674</ele>
      </trkpt>
      <trkpt lat="12.02245800755918" lon="108.443465977907181">
        <ele>1674.200000000000045</ele>
      </trkpt>
      <trkpt lat="12.022497989237309" lon="108.443488022312522">
        <ele>1674.400000000000091</ele>
      </trkpt>
      <trkpt lat="12.022534031420946" lon="108.443520963191986">
        <ele>1674.599999999999909</ele>
      </trkpt>
      <trkpt lat="12.022550040856004" lon="108.443566979840398">
        <ele>1675</ele>
      </trkpt>
      <trkpt lat="12.022555992007256" lon="108.443616013973951">
        <ele>1675</ele>
      </trkpt>
      <trkpt lat="12.022531013935804" lon="108.443739982321858">
        <ele>1675.599999999999909</ele>
      </trkpt>
      <trkpt lat="12.022525984793901" lon="108.443798990920186">
        <ele>1676</ele>
      </trkpt>
      <trkpt lat="12.022535037249327" lon="108.44384802505374">
        <ele>1676.200000000000045</ele>
      </trkpt>
      <trkpt lat="12.022555992007256" lon="108.443880965933204">
        <ele>1676.400000000000091</ele>
      </trkpt>
      <trkpt lat="12.022583987563848" lon="108.44391499646008">
        <ele>1676.599999999999909</ele>
      </trkpt>
      <trkpt lat="12.022616006433964" lon="108.443950032815337">
        <ele>1676.799999999999955</ele>
      </trkpt>
      <trkpt lat="12.022636961191893" lon="108.443984985351562">
        <ele>1676.799999999999955</ele>
      </trkpt>
      <trkpt lat="12.02264903113246" lon="108.444019015878439">
        <ele>1677</ele>
      </trkpt>
      <trkpt lat="12.022666968405247" lon="108.444044999778271">
        <ele>1676.799999999999955</ele>
      </trkpt>
      <trkpt lat="12.022696975618601" lon="108.444067966192961">
        <ele>1677</ele>
      </trkpt>
      <trkpt lat="12.022711979225278" lon="108.444101996719837">
        <ele>1676.799999999999955</ele>
      </trkpt>
      <trkpt lat="12.022725977003574" lon="108.444137033075094">
        <ele>1676.799999999999955</ele>
      </trkpt>
      <trkpt lat="12.02273896895349" lon="108.444187995046377">
        <ele>1676.799999999999955</ele>
      </trkpt>
      <trkpt lat="12.022751960903406" lon="108.444222025573254">
        <ele>1676.599999999999909</ele>
      </trkpt>
      <trkpt lat="12.022765036672354" lon="108.44425798393786">
        <ele>1676.599999999999909</ele>
      </trkpt>
      <trkpt lat="12.022784985601902" lon="108.444284973666072">
        <ele>1676.400000000000091</ele>
      </trkpt>
      <trkpt lat="12.022806024178863" lon="108.444314980879426">
        <ele>1676.400000000000091</ele>
      </trkpt>
      <trkpt lat="12.022805018350482" lon="108.444346999749541">
        <ele>1676.200000000000045</ele>
      </trkpt>
      <trkpt lat="12.022818010300398" lon="108.444376001134515">
        <ele>1676</ele>
      </trkpt>
      <trkpt lat="12.022815998643637" lon="108.444398967549205">
        <ele>1675.799999999999955</ele>
      </trkpt>
      <trkpt lat="12.022808035835624" lon="108.44440701417625">
        <ele>1675.400000000000091</ele>
      </trkpt>
      <trkpt lat="12.022808035835624" lon="108.444413971155882">
        <ele>1674.799999999999955</ele>
      </trkpt>
      <trkpt lat="12.022811975330114" lon="108.444420006126165">
        <ele>1674.599999999999909</ele>
      </trkpt>
      <trkpt lat="12.022831002250314" lon="108.444427968934178">
        <ele>1673.599999999999909</ele>
      </trkpt>
      <trkpt lat="12.022854974493384" lon="108.444470968097448">
        <ele>1673</ele>
      </trkpt>
      <trkpt lat="12.022880036383867" lon="108.444518996402621">
        <ele>1672.599999999999909</ele>
      </trkpt>
      <trkpt lat="12.0228869933635" lon="108.444529976695776">
        <ele>1672.400000000000091</ele>
      </trkpt>
      <trkpt lat="12.022889005020261" lon="108.444536011666059">
        <ele>1671.799999999999955</ele>
      </trkpt>
      <trkpt lat="12.022893028333783" lon="108.444542968645692">
        <ele>1671.599999999999909</ele>
      </trkpt>
      <trkpt lat="12.022906020283699" lon="108.444569036364555">
        <ele>1671.200000000000045</ele>
      </trkpt>
      <trkpt lat="12.022905014455318" lon="108.444627039134502">
        <ele>1669.400000000000091</ele>
      </trkpt>
      <trkpt lat="12.022893028333783" lon="108.444642964750528">
        <ele>1669</ele>
      </trkpt>
      <trkpt lat="12.022889005020261" lon="108.444659980013967">
        <ele>1668.400000000000091</ele>
      </trkpt>
      <trkpt lat="12.022890010848641" lon="108.444674983620644">
        <ele>1668</ele>
      </trkpt>
      <trkpt lat="12.022892022505403" lon="108.444696022197604">
        <ele>1667.200000000000045</ele>
      </trkpt>
      <trkpt lat="12.022893028333783" lon="108.444724017754197">
        <ele>1666.799999999999955</ele>
      </trkpt>
      <trkpt lat="12.022891016677022" lon="108.444744972512126">
        <ele>1665.799999999999955</ele>
      </trkpt>
      <trkpt lat="12.0228869933635" lon="108.444766011089087">
        <ele>1665</ele>
      </trkpt>
      <trkpt lat="12.022882970049977" lon="108.444775985553861">
        <ele>1664.400000000000091</ele>
      </trkpt>
      <trkpt lat="12.022876013070345" lon="108.444785960018635">
        <ele>1663.599999999999909</ele>
      </trkpt>
      <trkpt lat="12.022875007241964" lon="108.444796018302441">
        <ele>1663.200000000000045</ele>
      </trkpt>
      <trkpt lat="12.022879030555487" lon="108.444803981110454">
        <ele>1662.200000000000045</ele>
      </trkpt>
      <trkpt lat="12.022884981706738" lon="108.444863995537162">
        <ele>1661.400000000000091</ele>
      </trkpt>
      <trkpt lat="12.022874001413584" lon="108.444914035499096">
        <ele>1661</ele>
      </trkpt>
      <trkpt lat="12.022869978100061" lon="108.444942031055689">
        <ele>1659.799999999999955</ele>
      </trkpt>
      <trkpt lat="12.022868972271681" lon="108.444983018562198">
        <ele>1658.799999999999955</ele>
      </trkpt>
      <trkpt lat="12.022862015292048" lon="108.445015959441662">
        <ele>1658.200000000000045</ele>
      </trkpt>
      <trkpt lat="12.022852962836623" lon="108.445040015503764">
        <ele>1658.200000000000045</ele>
      </trkpt>
      <trkpt lat="12.022820021957159" lon="108.445101035758853">
        <ele>1657</ele>
      </trkpt>
      <trkpt lat="12.022809041664004" lon="108.44511897303164">
        <ele>1655.799999999999955</ele>
      </trkpt>
      <trkpt lat="12.022775011137128" lon="108.4451590385288">
        <ele>1654.200000000000045</ele>
      </trkpt>
      <trkpt lat="12.02275900170207" lon="108.445201031863689">
        <ele>1653.400000000000091</ele>
      </trkpt>
      <trkpt lat="12.022743998095393" lon="108.445219974964857">
        <ele>1653.200000000000045</ele>
      </trkpt>
      <trkpt lat="12.022728994488716" lon="108.445230033248663">
        <ele>1652.799999999999955</ele>
      </trkpt>
      <trkpt lat="12.022710973396897" lon="108.445236990228295">
        <ele>1652.599999999999909</ele>
      </trkpt>
      <trkpt lat="12.02269496396184" lon="108.445257022976875">
        <ele>1651.599999999999909</ele>
      </trkpt>
      <trkpt lat="12.022690018638968" lon="108.445273032411933">
        <ele>1650.799999999999955</ele>
      </trkpt>
      <trkpt lat="12.022678032517433" lon="108.445275966078043">
        <ele>1650</ele>
      </trkpt>
      <trkpt lat="12.022666968405247" lon="108.445287030190229">
        <ele>1649.200000000000045</ele>
      </trkpt>
      <trkpt lat="12.022665962576866" lon="108.445292981341481">
        <ele>1649</ele>
      </trkpt>
      <trkpt lat="12.022650958970189" lon="108.44529096968472">
        <ele>1648.599999999999909</ele>
      </trkpt>
      <trkpt lat="12.022636961191893" lon="108.445276971906424">
        <ele>1648.400000000000091</ele>
      </trkpt>
      <trkpt lat="12.02263000421226" lon="108.445286024361849">
        <ele>1648.200000000000045</ele>
      </trkpt>
      <trkpt lat="12.022624975070357" lon="108.445300022140145">
        <ele>1648</ele>
      </trkpt>
      <trkpt lat="12.022624975070357" lon="108.445318965241313">
        <ele>1647.799999999999955</ele>
      </trkpt>
      <trkpt lat="12.022636039182544" lon="108.445359030738473">
        <ele>1647.400000000000091</ele>
      </trkpt>
      <trkpt lat="12.022640984505415" lon="108.445371016860008">
        <ele>1647</ele>
      </trkpt>
      <trkpt lat="12.022638972848654" lon="108.445384008809924">
        <ele>1646.599999999999909</ele>
      </trkpt>
      <trkpt lat="12.022635033354163" lon="108.44541996717453">
        <ele>1645.799999999999955</ele>
      </trkpt>
      <trkpt lat="12.022635033354163" lon="108.445438994094729">
        <ele>1645.400000000000091</ele>
      </trkpt>
      <trkpt lat="12.022633021697402" lon="108.445452991873026">
        <ele>1645</ele>
      </trkpt>
      <trkpt lat="12.02262899838388" lon="108.4454629663378">
        <ele>1644.799999999999955</ele>
      </trkpt>
      <trkpt lat="12.022626986727118" lon="108.445465983822942">
        <ele>1644.599999999999909</ele>
      </trkpt>
      <trkpt lat="12.022616006433964" lon="108.445464977994561">
        <ele>1644.400000000000091</ele>
      </trkpt>
      <trkpt lat="12.022598991170526" lon="108.445470007136464">
        <ele>1625.400000000000091</ele>
      </trkpt>
      <trkpt lat="12.0225640386343" lon="108.445490039885044">
        <ele>1625</ele>
      </trkpt>
      <trkpt lat="12.022560015320778" lon="108.445494985207915">
        <ele>1624.900000000000091</ele>
      </trkpt>
      <trkpt lat="12.022541994228959" lon="108.445507977157831">
        <ele>1624.700000000000045</ele>
      </trkpt>
      <trkpt lat="12.022535037249327" lon="108.445519041270018">
        <ele>1624.5</ele>
      </trkpt>
      <trkpt lat="12.022532019764185" lon="108.445524992421269">
        <ele>1624.400000000000091</ele>
      </trkpt>
      <trkpt lat="12.022547023370862" lon="108.445630017668009">
        <ele>1623.299999999999955</ele>
      </trkpt>
      <trkpt lat="12.022539982572198" lon="108.445665976032615">
        <ele>1622.799999999999955</ele>
      </trkpt>
      <trkpt lat="12.022534031420946" lon="108.445702018216252">
        <ele>1622.400000000000091</ele>
      </trkpt>
      <trkpt lat="12.022525984793901" lon="108.445736970752478">
        <ele>1622</ele>
      </trkpt>
      <trkpt lat="12.022518021985888" lon="108.445772007107735">
        <ele>1621.599999999999909</ele>
      </trkpt>
      <trkpt lat="12.022509975358844" lon="108.445807965472341">
        <ele>1621.299999999999955</ele>
      </trkpt>
      <trkpt lat="12.022502012550831" lon="108.445844007655978">
        <ele>1620.700000000000045</ele>
      </trkpt>
      <trkpt lat="12.022493965923786" lon="108.445878960192204">
        <ele>1619.700000000000045</ele>
      </trkpt>
      <trkpt lat="12.022484997287393" lon="108.445913996547461">
        <ele>1618.799999999999955</ele>
      </trkpt>
      <trkpt lat="12.022468987852335" lon="108.445945009589195">
        <ele>1618.099999999999909</ele>
      </trkpt>
      <trkpt lat="12.022461025044322" lon="108.44597602263093">
        <ele>1617.299999999999955</ele>
      </trkpt>
      <trkpt lat="12.022447027266026" lon="108.446007035672665">
        <ele>1616.5</ele>
      </trkpt>
      <trkpt lat="12.02243696898222" lon="108.446036959066987">
        <ele>1615.700000000000045</ele>
      </trkpt>
      <trkpt lat="12.022424982860684" lon="108.446075012907386">
        <ele>1614.700000000000045</ele>
      </trkpt>
      <trkpt lat="12.022410985082388" lon="108.446110971271992">
        <ele>1613.799999999999955</ele>
      </trkpt>
      <trkpt lat="12.02239396981895" lon="108.446136033162475">
        <ele>1613.200000000000045</ele>
      </trkpt>
      <trkpt lat="12.02237100340426" lon="108.446166962385178">
        <ele>1612.5</ele>
      </trkpt>
      <trkpt lat="12.022346025332808" lon="108.44619101844728">
        <ele>1612</ele>
      </trkpt>
      <trkpt lat="12.022317023947835" lon="108.446222031489015">
        <ele>1611.299999999999955</ele>
      </trkpt>
      <trkpt lat="12.022322975099087" lon="108.446253966540098">
        <ele>1610.299999999999955</ele>
      </trkpt>
      <trkpt lat="12.02232800424099" lon="108.446280034258962">
        <ele>1609.400000000000091</ele>
      </trkpt>
      <trkpt lat="12.022301014512777" lon="108.446310963481665">
        <ele>1608.700000000000045</ele>
      </trkpt>
      <trkpt lat="12.02226497232914" lon="108.446341976523399">
        <ele>1608</ele>
      </trkpt>
      <trkpt lat="12.022231025621295" lon="108.446381958201528">
        <ele>1607</ele>
      </trkpt>
      <trkpt lat="12.022202024236321" lon="108.446425963193178">
        <ele>1605.900000000000091</ele>
      </trkpt>
      <trkpt lat="12.022167993709445" lon="108.446468040347099">
        <ele>1604.799999999999955</ele>
      </trkpt>
      <trkpt lat="12.022131029516459" lon="108.446509027853608">
        <ele>1603.700000000000045</ele>
      </trkpt>
      <trkpt lat="12.022096998989582" lon="108.446553032845259">
        <ele>1602.5</ele>
      </trkpt>
      <trkpt lat="12.022061040624976" lon="108.446594020351768">
        <ele>1601.400000000000091</ele>
      </trkpt>
      <trkpt lat="12.022026004269719" lon="108.446639031171799">
        <ele>1600.200000000000045</ele>
      </trkpt>
      <trkpt lat="12.021990967914462" lon="108.446682030335069">
        <ele>1599</ele>
      </trkpt>
      <trkpt lat="12.021947968751192" lon="108.446715977042913">
        <ele>1598.299999999999955</ele>
      </trkpt>
      <trkpt lat="12.021907987073064" lon="108.446742966771126">
        <ele>1597.799999999999955</ele>
      </trkpt>
      <trkpt lat="12.021864987909794" lon="108.446761993691325">
        <ele>1597.5</ele>
      </trkpt>
      <trkpt lat="12.021836992353201" lon="108.446780014783144">
        <ele>1597.200000000000045</ele>
      </trkpt>
      <trkpt lat="12.021794999018312" lon="108.446802981197834">
        <ele>1596.799999999999955</ele>
      </trkpt>
      <trkpt lat="12.021753005683422" lon="108.446823013946414">
        <ele>1596.400000000000091</ele>
      </trkpt>
      <trkpt lat="12.021711012348533" lon="108.446842962875962">
        <ele>1596.099999999999909</ele>
      </trkpt>
      <trkpt lat="12.021669019013643" lon="108.446862995624542">
        <ele>1595.799999999999955</ele>
      </trkpt>
      <trkpt lat="12.021628031507134" lon="108.446884034201503">
        <ele>1595.900000000000091</ele>
      </trkpt>
      <trkpt lat="12.021587966009974" lon="108.44690197147429">
        <ele>1596.099999999999909</ele>
      </trkpt>
      <trkpt lat="12.021546978503466" lon="108.446919992566109">
        <ele>1596.400000000000091</ele>
      </trkpt>
      <trkpt lat="12.021506996825337" lon="108.446937007829547">
        <ele>1596.700000000000045</ele>
      </trkpt>
      <trkpt lat="12.021472966298461" lon="108.446951005607843">
        <ele>1596.900000000000091</ele>
      </trkpt>
      <trkpt lat="12.021467015147209" lon="108.446979001164436">
        <ele>1596.299999999999955</ele>
      </trkpt>
      <trkpt lat="12.021474977955222" lon="108.446999033913016">
        <ele>1595.700000000000045</ele>
      </trkpt>
      <trkpt lat="12.021489981561899" lon="108.447027029469609">
        <ele>1594.700000000000045</ele>
      </trkpt>
      <trkpt lat="12.021518982946873" lon="108.447060976177454">
        <ele>1593.299999999999955</ele>
      </trkpt>
      <trkpt lat="12.021542033180594" lon="108.447100035846233">
        <ele>1591.900000000000091</ele>
      </trkpt>
      <trkpt lat="12.021548990160227" lon="108.447141023352742">
        <ele>1590.700000000000045</ele>
      </trkpt>
      <trkpt lat="12.021540021523833" lon="108.447170024737716">
        <ele>1590.099999999999909</ele>
      </trkpt>
      <trkpt lat="12.021513031795621" lon="108.44720397144556">
        <ele>1589.799999999999955</ele>
      </trkpt>
      <trkpt lat="12.021492999047041" lon="108.44724303111434">
        <ele>1589.200000000000045</ele>
      </trkpt>
      <trkpt lat="12.021494004875422" lon="108.447292987257242">
        <ele>1587.900000000000091</ele>
      </trkpt>
      <trkpt lat="12.021500961855054" lon="108.44733296893537">
        <ele>1586.799999999999955</ele>
      </trkpt>
      <trkpt lat="12.021506996825337" lon="108.447384014725685">
        <ele>1585.400000000000091</ele>
      </trkpt>
      <trkpt lat="12.021495010703802" lon="108.447431959211826">
        <ele>1584.400000000000091</ele>
      </trkpt>
      <trkpt lat="12.021483024582267" lon="108.44748199917376">
        <ele>1583.400000000000091</ele>
      </trkpt>
      <trkpt lat="12.021470032632351" lon="108.447531033307314">
        <ele>1582.900000000000091</ele>
      </trkpt>
      <trkpt lat="12.021457040682435" lon="108.447575038298965">
        <ele>1582.599999999999909</ele>
      </trkpt>
      <trkpt lat="12.021444970741868" lon="108.447624994441867">
        <ele>1582.200000000000045</ele>
      </trkpt>
      <trkpt lat="12.021428039297462" lon="108.44767302274704">
        <ele>1582</ele>
      </trkpt>
      <trkpt lat="12.021418986842036" lon="108.447722978889942">
        <ele>1581.5</ele>
      </trkpt>
      <trkpt lat="12.021415969356894" lon="108.447768995538354">
        <ele>1581</ele>
      </trkpt>
      <trkpt lat="12.021407000720501" lon="108.447819035500288">
        <ele>1580.5</ele>
      </trkpt>
      <trkpt lat="12.021397026255727" lon="108.44786798581481">
        <ele>1580.099999999999909</ele>
      </trkpt>
      <trkpt lat="12.021390991285443" lon="108.447918025776744">
        <ele>1579.599999999999909</ele>
      </trkpt>
      <trkpt lat="12.021384034305811" lon="108.447966976091266">
        <ele>1579.099999999999909</ele>
      </trkpt>
      <trkpt lat="12.021381016820669" lon="108.448012992739677">
        <ele>1578.599999999999909</ele>
      </trkpt>
      <trkpt lat="12.021385040134192" lon="108.448058003559709">
        <ele>1577.900000000000091</ele>
      </trkpt>
      <trkpt lat="12.021373976022005" lon="108.448107959702611">
        <ele>1577.5</ele>
      </trkpt>
      <trkpt lat="12.021373976022005" lon="108.448150958865881">
        <ele>1577</ele>
      </trkpt>
      <trkpt lat="12.021370036527514" lon="108.448185995221138">
        <ele>1576.599999999999909</ele>
      </trkpt>
      <trkpt lat="12.021374981850386" lon="108.448213990777731">
        <ele>1576.099999999999909</ele>
      </trkpt>
      <trkpt lat="12.02138302847743" lon="108.448246009647846">
        <ele>1575.599999999999909</ele>
      </trkpt>
      <trkpt lat="12.021400965750217" lon="108.448274005204439">
        <ele>1574.900000000000091</ele>
      </trkpt>
      <trkpt lat="12.02140599489212" lon="108.448310969397426">
        <ele>1574.299999999999955</ele>
      </trkpt>
      <trkpt lat="12.021424015983939" lon="108.448367966338992">
        <ele>1573.200000000000045</ele>
      </trkpt>
      <trkpt lat="12.02144899405539" lon="108.448418006300926">
        <ele>1572.099999999999909</ele>
      </trkpt>
      <trkpt lat="12.021455029025674" lon="108.44846997410059">
        <ele>1571.299999999999955</ele>
      </trkpt>
      <trkpt lat="12.021483024582267" lon="108.448528982698917">
        <ele>1570</ele>
      </trkpt>
      <trkpt lat="12.02151495963335" lon="108.448582040145993">
        <ele>1568.599999999999909</ele>
      </trkpt>
      <trkpt lat="12.021545972675085" lon="108.448628978803754">
        <ele>1567.299999999999955</ele>
      </trkpt>
      <trkpt lat="12.021582014858723" lon="108.448668960481882">
        <ele>1566</ele>
      </trkpt>
      <trkpt lat="12.021606992930174" lon="108.448714977130294">
        <ele>1564.799999999999955</ele>
      </trkpt>
      <trkpt lat="12.021638005971909" lon="108.448750013485551">
        <ele>1563.599999999999909</ele>
      </trkpt>
      <trkpt lat="12.021681005135179" lon="108.448786977678537">
        <ele>1562.299999999999955</ele>
      </trkpt>
      <trkpt lat="12.021718975156546" lon="108.448829976841807">
        <ele>1561.099999999999909</ele>
      </trkpt>
      <trkpt lat="12.021751999855042" lon="108.448870964348316">
        <ele>1560.099999999999909</ele>
      </trkpt>
      <trkpt lat="12.021777983754873" lon="108.448910024017096">
        <ele>1559.099999999999909</ele>
      </trkpt>
      <trkpt lat="12.02179198153317" lon="108.448946988210082">
        <ele>1558.400000000000091</ele>
      </trkpt>
      <trkpt lat="12.021773960441351" lon="108.448981018736959">
        <ele>1558.200000000000045</ele>
      </trkpt>
      <trkpt lat="12.021731967106462" lon="108.449015971273184">
        <ele>1558.200000000000045</ele>
      </trkpt>
      <trkpt lat="12.021698020398617" lon="108.449034998193383">
        <ele>1558.400000000000091</ele>
      </trkpt>
      <trkpt lat="12.021673964336514" lon="108.449062993749976">
        <ele>1558.400000000000091</ele>
      </trkpt>
      <trkpt lat="12.021678993478417" lon="108.44907196238637">
        <ele>1553.799999999999955</ele>
      </trkpt>
      <trkpt lat="12.021672036498785" lon="108.449085960164666">
        <ele>1553.799999999999955</ele>
      </trkpt>
      <trkpt lat="12.021672036498785" lon="108.449087971821427">
        <ele>1552.799999999999955</ele>
      </trkpt>
      <trkpt lat="12.021667007356882" lon="108.449096018448472">
        <ele>1551.599999999999909</ele>
      </trkpt>
      <trkpt lat="12.021652003750205" lon="108.449105992913246">
        <ele>1550.400000000000091</ele>
      </trkpt>
      <trkpt lat="12.021604981273413" lon="108.449140023440123">
        <ele>1549.200000000000045</ele>
      </trkpt>
      <trkpt lat="12.021596012637019" lon="108.449145974591374">
        <ele>1549.200000000000045</ele>
      </trkpt>
      <trkpt lat="12.021589977666736" lon="108.449148992076516">
        <ele>1549.200000000000045</ele>
      </trkpt>
      <trkpt lat="12.021589977666736" lon="108.449149997904897">
        <ele>1548</ele>
      </trkpt>
      <trkpt lat="12.021588971838355" lon="108.449149997904897">
        <ele>1547.200000000000045</ele>
      </trkpt>
      <trkpt lat="12.021573968231678" lon="108.44915796071291">
        <ele>1547.599999999999909</ele>
      </trkpt>
      <trkpt lat="12.021572040393949" lon="108.44915896654129">
        <ele>1547.400000000000091</ele>
      </trkpt>
      <trkpt lat="12.021570028737187" lon="108.449160978198051">
        <ele>1545.400000000000091</ele>
      </trkpt>
      <trkpt lat="12.02155401930213" lon="108.449168018996716">
        <ele>1545.200000000000045</ele>
      </trkpt>
      <trkpt lat="12.021551001816988" lon="108.449170030653477">
        <ele>1545.200000000000045</ele>
      </trkpt>
      <trkpt lat="12.021538009867072" lon="108.449176987633109">
        <ele>1545.200000000000045</ele>
      </trkpt>
      <trkpt lat="12.021522000432014" lon="108.449185034260154">
        <ele>1545.200000000000045</ele>
      </trkpt>
      <trkpt lat="12.021506996825337" lon="108.449187967926264">
        <ele>1545.200000000000045</ele>
      </trkpt>
      <trkpt lat="12.021494004875422" lon="108.44919903203845">
        <ele>1545.200000000000045</ele>
      </trkpt>
      <trkpt lat="12.021482018753886" lon="108.44920095987618">
        <ele>1545.200000000000045</ele>
      </trkpt>
      <trkpt lat="12.021465003490448" lon="108.449203977361321">
        <ele>1545.200000000000045</ele>
      </trkpt>
      <trkpt lat="12.021451005712152" lon="108.449209006503224">
        <ele>1545.200000000000045</ele>
      </trkpt>
      <trkpt lat="12.021443964913487" lon="108.44922099262476">
        <ele>1545.200000000000045</ele>
      </trkpt>
      <trkpt lat="12.021428039297462" lon="108.449238007888198">
        <ele>1545.200000000000045</ele>
      </trkpt>
      <trkpt lat="12.021399037912488" lon="108.449273966252804">
        <ele>1545.200000000000045</ele>
      </trkpt>
      <trkpt lat="12.02133902348578" lon="108.449329035356641">
        <ele>1545.200000000000045</ele>
      </trkpt>
      <trkpt lat="12.021324019879103" lon="108.449344038963318">
        <ele>1545.200000000000045</ele>
      </trkpt>
      <trkpt lat="12.02131999656558" lon="108.449347978457808">
        <ele>1545.599999999999909</ele>
      </trkpt>
      <trkpt lat="12.021316979080439" lon="108.44935099594295">
        <ele>1546.400000000000091</ele>
      </trkpt>
      <trkpt lat="12.021308010444045" lon="108.449364993721247">
        <ele>1547.599999999999909</ele>
      </trkpt>
      <trkpt lat="12.021303987130523" lon="108.449375974014401">
        <ele>1547.799999999999955</ele>
      </trkpt>
      <trkpt lat="12.021303987130523" lon="108.449377985671163">
        <ele>1548</ele>
      </trkpt>
      <trkpt lat="12.021285966038704" lon="108.449386032298207">
        <ele>1549.799999999999955</ele>
      </trkpt>
      <trkpt lat="12.021284038200974" lon="108.449386032298207">
        <ele>1551.400000000000091</ele>
      </trkpt>
      <trkpt lat="12.02125696465373" lon="108.449391983449459">
        <ele>1551.799999999999955</ele>
      </trkpt>
      <trkpt lat="12.021252019330859" lon="108.449395000934601">
        <ele>1552.599999999999909</ele>
      </trkpt>
      <trkpt lat="12.021184964105487" lon="108.449425008147955">
        <ele>1553.599999999999909</ele>
      </trkpt>
      <trkpt lat="12.021183036267757" lon="108.449426013976336">
        <ele>1554.400000000000091</ele>
      </trkpt>
      <trkpt lat="12.021140037104487" lon="108.449455015361309">
        <ele>1554.799999999999955</ele>
      </trkpt>
      <trkpt lat="12.021079016849399" lon="108.449493991211057">
        <ele>1555.799999999999955</ele>
      </trkpt>
      <trkpt lat="12.021033000200987" lon="108.449533972889185">
        <ele>1556.799999999999955</ele>
      </trkpt>
      <trkpt lat="12.021005004644394" lon="108.449548976495862">
        <ele>1557</ele>
      </trkpt>
      <trkpt lat="12.020982038229704" lon="108.449569009244442">
        <ele>1558.599999999999909</ele>
      </trkpt>
      <trkpt lat="12.02097600325942" lon="108.449573032557964">
        <ele>1558.599999999999909</ele>
      </trkpt>
      <trkpt lat="12.020968040451407" lon="108.449579989537597">
        <ele>1559.200000000000045</ele>
      </trkpt>
      <trkpt lat="12.020947001874447" lon="108.449598010629416">
        <ele>1559.599999999999909</ele>
      </trkpt>
      <trkpt lat="12.020937027409673" lon="108.449606979265809">
        <ele>1560.599999999999909</ele>
      </trkpt>
      <trkpt lat="12.020913977175951" lon="108.449622988700867">
        <ele>1561.799999999999955</ele>
      </trkpt>
      <trkpt lat="12.020913977175951" lon="108.449627012014389">
        <ele>1563</ele>
      </trkpt>
      <trkpt lat="12.020899979397655" lon="108.449632041156292">
        <ele>1565.400000000000091</ele>
      </trkpt>
      <trkpt lat="12.020896961912513" lon="108.449634974822402">
        <ele>1562.900000000000091</ele>
      </trkpt>
      <trkpt lat="12.020896039903164" lon="108.449636986479163">
        <ele>1562.900000000000091</ele>
      </trkpt>
      <trkpt lat="12.020893022418022" lon="108.449636986479163">
        <ele>1563</ele>
      </trkpt>
      <trkpt lat="12.020877012982965" lon="108.44962902367115">
        <ele>1563.599999999999909</ele>
      </trkpt>
      <trkpt lat="12.020876007154584" lon="108.449637992307544">
        <ele>1563.400000000000091</ele>
      </trkpt>
      <trkpt lat="12.020876007154584" lon="108.449638998135924">
        <ele>1572.200000000000045</ele>
      </trkpt>
      <trkpt lat="12.020876007154584" lon="108.449642015621066">
        <ele>1572</ele>
      </trkpt>
      <trkpt lat="12.020870978012681" lon="108.449659030884504">
        <ele>1571.599999999999909</ele>
      </trkpt>
      <trkpt lat="12.02086703851819" lon="108.449674034491181">
        <ele>1571.599999999999909</ele>
      </trkpt>
      <trkpt lat="12.020862009376287" lon="108.449690965935588">
        <ele>1571.200000000000045</ele>
      </trkpt>
      <trkpt lat="12.02086703851819" lon="108.44969398342073">
        <ele>1571</ele>
      </trkpt>
      <trkpt lat="12.02086703851819" lon="108.449698006734252">
        <ele>1570.599999999999909</ele>
      </trkpt>
      <trkpt lat="12.020862009376287" lon="108.449716027826071">
        <ele>1570</ele>
      </trkpt>
      <trkpt lat="12.020857986062765" lon="108.449740000069141">
        <ele>1569.799999999999955</ele>
      </trkpt>
      <trkpt lat="12.020855974406004" lon="108.449763972312212">
        <ele>1569.400000000000091</ele>
      </trkpt>
      <trkpt lat="12.020856980234385" lon="108.44978098757565">
        <ele>1569</ele>
      </trkpt>
      <trkpt lat="12.020864021033049" lon="108.44980102032423">
        <ele>1568.599999999999909</ele>
      </trkpt>
      <trkpt lat="12.020864021033049" lon="108.449803031980991">
        <ele>1567.799999999999955</ele>
      </trkpt>
      <trkpt lat="12.02086603268981" lon="108.449816023930907">
        <ele>1567.400000000000091</ele>
      </trkpt>
      <trkpt lat="12.020867960527539" lon="108.449829015880823">
        <ele>1567.200000000000045</ele>
      </trkpt>
      <trkpt lat="12.020867960527539" lon="108.449832033365965">
        <ele>1566</ele>
      </trkpt>
      <trkpt lat="12.02086896635592" lon="108.449839996173978">
        <ele>1565.799999999999955</ele>
      </trkpt>
      <trkpt lat="12.020870978012681" lon="108.449845025315881">
        <ele>1565.599999999999909</ele>
      </trkpt>
      <trkpt lat="12.020870978012681" lon="108.449848964810371">
        <ele>1565.599999999999909</ele>
      </trkpt>
      <trkpt lat="12.0208699721843" lon="108.449858017265797">
        <ele>1565.200000000000045</ele>
      </trkpt>
      <trkpt lat="12.0208699721843" lon="108.44986598007381">
        <ele>1564.799999999999955</ele>
      </trkpt>
      <trkpt lat="12.020867960527539" lon="108.449873020872474">
        <ele>1564.400000000000091</ele>
      </trkpt>
      <trkpt lat="12.020870978012681" lon="108.449875032529235">
        <ele>1564</ele>
      </trkpt>
      <trkpt lat="12.020872989669442" lon="108.449891963973641">
        <ele>1563.400000000000091</ele>
      </trkpt>
      <trkpt lat="12.020872989669442" lon="108.449906967580318">
        <ele>1563.200000000000045</ele>
      </trkpt>
      <trkpt lat="12.02086703851819" lon="108.449920965358615">
        <ele>1562.599999999999909</ele>
      </trkpt>
      <trkpt lat="12.020862009376287" lon="108.449934041127563">
        <ele>1562.599999999999909</ele>
      </trkpt>
      <trkpt lat="12.020858991891146" lon="108.449944015592337">
        <ele>1562.400000000000091</ele>
      </trkpt>
      <trkpt lat="12.020849017426372" lon="108.44997201114893">
        <ele>1562.200000000000045</ele>
      </trkpt>
      <trkpt lat="12.020839964970946" lon="108.449988020583987">
        <ele>1562</ele>
      </trkpt>
      <trkpt lat="12.020829990506172" lon="108.450001012533903">
        <ele>1562</ele>
      </trkpt>
      <trkpt lat="12.020822027698159" lon="108.450010986998677">
        <ele>1561.599999999999909</ele>
      </trkpt>
      <trkpt lat="12.020820016041398" lon="108.450019033625722">
        <ele>1561</ele>
      </trkpt>
      <trkpt lat="12.020818004384637" lon="108.450022973120213">
        <ele>1559.599999999999909</ele>
      </trkpt>
      <trkpt lat="12.020816998556256" lon="108.450025990605354">
        <ele>1556.799999999999955</ele>
      </trkpt>
      <trkpt lat="12.020814986899495" lon="108.450029008090496">
        <ele>1555.200000000000045</ele>
      </trkpt>
      <trkpt lat="12.020810963585973" lon="108.450033031404018">
        <ele>1555.200000000000045</ele>
      </trkpt>
      <trkpt lat="12.02080400660634" lon="108.45003797672689">
        <ele>1555</ele>
      </trkpt>
      <trkpt lat="12.020795037969947" lon="108.450042000040412">
        <ele>1555</ele>
      </trkpt>
      <trkpt lat="12.020787997171283" lon="108.450048035010695">
        <ele>1555</ele>
      </trkpt>
      <trkpt lat="12.020777016878128" lon="108.450057003647089">
        <ele>1554.799999999999955</ele>
      </trkpt>
      <trkpt lat="12.020776011049747" lon="108.45005800947547">
        <ele>1554.599999999999909</ele>
      </trkpt>
      <trkpt lat="12.020772993564606" lon="108.450060021132231">
        <ele>1552.400000000000091</ele>
      </trkpt>
      <trkpt lat="12.020767964422703" lon="108.450063038617373">
        <ele>1551.799999999999955</ele>
      </trkpt>
      <trkpt lat="12.020754972472787" lon="108.450074018910527">
        <ele>1551.400000000000091</ele>
      </trkpt>
      <trkpt lat="12.020746003836393" lon="108.45008097589016">
        <ele>1551.200000000000045</ele>
      </trkpt>
      <trkpt lat="12.02073996886611" lon="108.450082987546921">
        <ele>1551</ele>
      </trkpt>
      <trkpt lat="12.020733011886477" lon="108.450079970061779">
        <ele>1550.599999999999909</ele>
      </trkpt>
      <trkpt lat="12.020723037421703" lon="108.450076030567288">
        <ele>1550.400000000000091</ele>
      </trkpt>
      <trkpt lat="12.020714990794659" lon="108.450068989768624">
        <ele>1550.200000000000045</ele>
      </trkpt>
      <trkpt lat="12.020705016329885" lon="108.450064966455102">
        <ele>1550.200000000000045</ele>
      </trkpt>
      <trkpt lat="12.020695963874459" lon="108.450057003647089">
        <ele>1549.799999999999955</ele>
      </trkpt>
      <trkpt lat="12.020686995238066" lon="108.450054991990328">
        <ele>1549.599999999999909</ele>
      </trkpt>
      <trkpt lat="12.020683977752924" lon="108.450049040839076">
        <ele>1550.799999999999955</ele>
      </trkpt>
      <trkpt lat="12.02067400328815" lon="108.450046023353934">
        <ele>1550.900000000000091</ele>
      </trkpt>
      <trkpt lat="12.020660005509853" lon="108.450043005868793">
        <ele>1550.900000000000091</ele>
      </trkpt>
      <trkpt lat="12.020643996074796" lon="108.450040994212031">
        <ele>1550.900000000000091</ele>
      </trkpt>
      <trkpt lat="12.020623963326216" lon="108.450042000040412">
        <ele>1550.700000000000045</ele>
      </trkpt>
      <trkpt lat="12.020603008568287" lon="108.450046023353934">
        <ele>1550.400000000000091</ele>
      </trkpt>
      <trkpt lat="12.020578030496836" lon="108.450064966455102">
        <ele>1549.5</ele>
      </trkpt>
      <trkpt lat="12.020552968606353" lon="108.450088016688824">
        <ele>1548.5</ele>
      </trkpt>
      <trkpt lat="12.020534025505185" lon="108.450116012245417">
        <ele>1547.400000000000091</ele>
      </trkpt>
      <trkpt lat="12.02052597887814" lon="108.450154988095164">
        <ele>1545.900000000000091</ele>
      </trkpt>
      <trkpt lat="12.020526984706521" lon="108.450202010571957">
        <ele>1544.299999999999955</ele>
      </trkpt>
      <trkpt lat="12.020512986928225" lon="108.450235035270452">
        <ele>1543.099999999999909</ele>
      </trkpt>
      <trkpt lat="12.020492032170296" lon="108.450269987806678">
        <ele>1541.799999999999955</ele>
      </trkpt>
      <trkpt lat="12.020468981936574" lon="108.450308963656425">
        <ele>1540.400000000000091</ele>
      </trkpt>
      <trkpt lat="12.020447021350265" lon="108.450350034981966">
        <ele>1539</ele>
      </trkpt>
      <trkpt lat="12.020424976944923" lon="108.450392028316855">
        <ele>1537.599999999999909</ele>
      </trkpt>
      <trkpt lat="12.020403016358614" lon="108.450434021651745">
        <ele>1536.200000000000045</ele>
      </trkpt>
      <trkpt lat="12.020379966124892" lon="108.450474003329873">
        <ele>1534.900000000000091</ele>
      </trkpt>
      <trkpt lat="12.02035398222506" lon="108.450512979179621">
        <ele>1533.700000000000045</ele>
      </trkpt>
      <trkpt lat="12.020324980840087" lon="108.450548015534878">
        <ele>1532.700000000000045</ele>
      </trkpt>
      <trkpt lat="12.020265972241759" lon="108.45061699859798">
        <ele>1530.900000000000091</ele>
      </trkpt>
      <trkpt lat="12.020235965028405" lon="108.450652034953237">
        <ele>1530</ele>
      </trkpt>
      <trkpt lat="12.02020101249218" lon="108.450666032731533">
        <ele>1529.799999999999955</ele>
      </trkpt>
      <trkpt lat="12.020148038864136" lon="108.45063703134656">
        <ele>1530.900000000000091</ele>
      </trkpt>
      <trkpt lat="12.02009598724544" lon="108.450609035789967">
        <ele>1531.900000000000091</ele>
      </trkpt>
      <trkpt lat="12.020057011395693" lon="108.450592020526528">
        <ele>1532.5</ele>
      </trkpt>
      <trkpt lat="12.020016023889184" lon="108.450568970292807">
        <ele>1533.299999999999955</ele>
      </trkpt>
      <trkpt lat="12.019973024725914" lon="108.450542986392975">
        <ele>1533.799999999999955</ele>
      </trkpt>
      <trkpt lat="12.019920973107219" lon="108.450519014149904">
        <ele>1534.200000000000045</ele>
      </trkpt>
      <trkpt lat="12.019870011135936" lon="108.450494036078453">
        <ele>1534.5</ele>
      </trkpt>
      <trkpt lat="12.019818965345621" lon="108.450462017208338">
        <ele>1534.900000000000091</ele>
      </trkpt>
      <trkpt lat="12.019768003374338" lon="108.450428992509842">
        <ele>1535.299999999999955</ele>
      </trkpt>
      <trkpt lat="12.019717041403055" lon="108.450391022488475">
        <ele>1535.799999999999955</ele>
      </trkpt>
      <trkpt lat="12.019665995612741" lon="108.450346011668444">
        <ele>1536.400000000000091</ele>
      </trkpt>
      <trkpt lat="12.019614027813077" lon="108.450294965878129">
        <ele>1537.099999999999909</ele>
      </trkpt>
      <trkpt lat="12.019561976194382" lon="108.450247021391988">
        <ele>1537.599999999999909</ele>
      </trkpt>
      <trkpt lat="12.019503973424435" lon="108.450219025835395">
        <ele>1537.599999999999909</ele>
      </trkpt>
      <trkpt lat="12.019439013674855" lon="108.450205028057098">
        <ele>1537.299999999999955</ele>
      </trkpt>
      <trkpt lat="12.019371958449483" lon="108.450199998915195">
        <ele>1536.900000000000091</ele>
      </trkpt>
      <trkpt lat="12.019303981214762" lon="108.450211985036731">
        <ele>1536.099999999999909</ele>
      </trkpt>
      <trkpt lat="12.01923499815166" lon="108.450238974764943">
        <ele>1535.099999999999909</ele>
      </trkpt>
      <trkpt lat="12.019168026745319" lon="108.450270993635058">
        <ele>1534.099999999999909</ele>
      </trkpt>
      <trkpt lat="12.019118992611766" lon="108.450324973091483">
        <ele>1533.299999999999955</ele>
      </trkpt>
      <trkpt lat="12.019070964306593" lon="108.450383981689811">
        <ele>1532.400000000000091</ele>
      </trkpt>
      <trkpt lat="12.019030982628465" lon="108.450450031086802">
        <ele>1531.400000000000091</ele>
      </trkpt>
      <trkpt lat="12.018980020657182" lon="108.45046796835959">
        <ele>1531</ele>
      </trkpt>
      <trkpt lat="12.018917994573712" lon="108.450463023036718">
        <ele>1531</ele>
      </trkpt>
      <trkpt lat="12.018850017338991" lon="108.450443996116519">
        <ele>1531.200000000000045</ele>
      </trkpt>
      <trkpt lat="12.01878204010427" lon="108.450417006388307">
        <ele>1531.5</ele>
      </trkpt>
      <trkpt lat="12.018711967393756" lon="108.450367972254753">
        <ele>1532.200000000000045</ele>
      </trkpt>
      <trkpt lat="12.018640972673893" lon="108.45031701028347">
        <ele>1532.799999999999955</ele>
      </trkpt>
      <trkpt lat="12.01856997795403" lon="108.450265964493155">
        <ele>1533.5</ele>
      </trkpt>
      <trkpt lat="12.018497977405787" lon="108.450220031663775">
        <ele>1534</ele>
      </trkpt>
      <trkpt lat="12.018425976857543" lon="108.450176026672125">
        <ele>1534.599999999999909</ele>
      </trkpt>
      <trkpt lat="12.01835498213768" lon="108.450118023902178">
        <ele>1535.299999999999955</ele>
      </trkpt>
      <trkpt lat="12.018325980752707" lon="108.450077958405018">
        <ele>1535.900000000000091</ele>
      </trkpt>
      <trkpt lat="12.018297985196114" lon="108.450030013918877">
        <ele>1536.599999999999909</ele>
      </trkpt>
      <trkpt lat="12.018269989639521" lon="108.449975028634071">
        <ele>1537.700000000000045</ele>
      </trkpt>
      <trkpt lat="12.018245011568069" lon="108.449914008378983">
        <ele>1539.400000000000091</ele>
      </trkpt>
      <trkpt lat="12.018221039324999" lon="108.449859023094177">
        <ele>1540.799999999999955</ele>
      </trkpt>
      <trkpt lat="12.018186002969742" lon="108.449833961203694">
        <ele>1541.400000000000091</ele>
      </trkpt>
      <trkpt lat="12.018140992149711" lon="108.44982298091054">
        <ele>1541.599999999999909</ele>
      </trkpt>
      <trkpt lat="12.018086006864905" lon="108.449825998395681">
        <ele>1541.5</ele>
      </trkpt>
      <trkpt lat="12.0180310215801" lon="108.449829015880823">
        <ele>1541.299999999999955</ele>
      </trkpt>
      <trkpt lat="12.017974024638534" lon="108.449824992567301">
        <ele>1541.400000000000091</ele>
      </trkpt>
      <trkpt lat="12.017914010211825" lon="108.449817029759288">
        <ele>1541.400000000000091</ele>
      </trkpt>
      <trkpt lat="12.017851984128356" lon="108.449799008667469">
        <ele>1541.700000000000045</ele>
      </trkpt>
      <trkpt lat="12.017785012722015" lon="108.449782999232411">
        <ele>1541.900000000000091</ele>
      </trkpt>
      <trkpt lat="12.01770999468863" lon="108.449766989797354">
        <ele>1542.099999999999909</ele>
      </trkpt>
      <trkpt lat="12.017668001353741" lon="108.449753997847438">
        <ele>1542.200000000000045</ele>
      </trkpt>
      <trkpt lat="12.017615027725697" lon="108.449734970927238">
        <ele>1542.400000000000091</ele>
      </trkpt>
      <trkpt lat="12.017559036612511" lon="108.44971401616931">
        <ele>1542.599999999999909</ele>
      </trkpt>
      <trkpt lat="12.017502039670944" lon="108.449688032269478">
        <ele>1542.900000000000091</ele>
      </trkpt>
      <trkpt lat="12.017453005537391" lon="108.449652995914221">
        <ele>1544</ele>
      </trkpt>
      <trkpt lat="12.017411012202501" lon="108.44960899092257">
        <ele>1545.200000000000045</ele>
      </trkpt>
      <trkpt lat="12.017382010817528" lon="108.44954302534461">
        <ele>1546.599999999999909</ele>
      </trkpt>
      <trkpt lat="12.017360972240567" lon="108.449463983997703">
        <ele>1547.900000000000091</ele>
      </trkpt>
      <trkpt lat="12.017352003604174" lon="108.449382008984685">
        <ele>1549.099999999999909</ele>
      </trkpt>
      <trkpt lat="12.017341023311019" lon="108.449301961809397">
        <ele>1550.299999999999955</ele>
      </trkpt>
      <trkpt lat="12.017327025532722" lon="108.449235996231437">
        <ele>1551.299999999999955</ele>
      </trkpt>
      <trkpt lat="12.017289977520704" lon="108.449175981804729">
        <ele>1552.400000000000091</ele>
      </trkpt>
      <trkpt lat="12.017243038862944" lon="108.449137005954981">
        <ele>1553.799999999999955</ele>
      </trkpt>
      <trkpt lat="12.017179001122713" lon="108.449128959327936">
        <ele>1554.5</ele>
      </trkpt>
      <trkpt lat="12.017112029716372" lon="108.449141029268503">
        <ele>1554.599999999999909</ele>
      </trkpt>
      <trkpt lat="12.017046986147761" lon="108.449166007339954">
        <ele>1554.299999999999955</ele>
      </trkpt>
      <trkpt lat="12.016983032226562" lon="108.449200037866831">
        <ele>1554.400000000000091</ele>
      </trkpt>
      <trkpt lat="12.016920000314713" lon="108.449224010109901">
        <ele>1554.700000000000045</ele>
      </trkpt>
      <trkpt lat="12.016860991716385" lon="108.449216969311237">
        <ele>1555.200000000000045</ele>
      </trkpt>
      <trkpt lat="12.016800977289677" lon="108.449195008724928">
        <ele>1555.799999999999955</ele>
      </trkpt>
      <trkpt lat="12.01674004085362" lon="108.449159972369671">
        <ele>1556.700000000000045</ele>
      </trkpt>
      <trkpt lat="12.016679020598531" lon="108.4491360001266">
        <ele>1557.799999999999955</ele>
      </trkpt>
      <trkpt lat="12.016615988686681" lon="108.44915603287518">
        <ele>1558</ele>
      </trkpt>
      <trkpt lat="12.016553040593863" lon="108.449191991239786">
        <ele>1558.599999999999909</ele>
      </trkpt>
      <trkpt lat="12.016489002853632" lon="108.449234990403056">
        <ele>1559.400000000000091</ele>
      </trkpt>
      <trkpt lat="12.016422031447291" lon="108.449270026758313">
        <ele>1560.400000000000091</ele>
      </trkpt>
      <trkpt lat="12.016352964565158" lon="108.449298022314906">
        <ele>1561.5</ele>
      </trkpt>
      <trkpt lat="12.016288004815578" lon="108.44933096319437">
        <ele>1562.599999999999909</ele>
      </trkpt>
      <trkpt lat="12.016255985945463" lon="108.449396006762981">
        <ele>1563.200000000000045</ele>
      </trkpt>
      <trkpt lat="12.016255985945463" lon="108.449484016746283">
        <ele>1563.299999999999955</ele>
      </trkpt>
      <trkpt lat="12.016264032572508" lon="108.449569009244442">
        <ele>1563.200000000000045</ele>
      </trkpt>
      <trkpt lat="12.01627098955214" lon="108.449641009792686">
        <ele>1563.099999999999909</ele>
      </trkpt>
      <trkpt lat="12.016242993995547" lon="108.449676968157291">
        <ele>1563.799999999999955</ele>
      </trkpt>
      <trkpt lat="12.016187002882361" lon="108.449706975370646">
        <ele>1565</ele>
      </trkpt>
      <trkpt lat="12.016116008162498" lon="108.449728013947606">
        <ele>1566.700000000000045</ele>
      </trkpt>
      <trkpt lat="12.016043001785874" lon="108.449749974533916">
        <ele>1568.400000000000091</ele>
      </trkpt>
      <trkpt lat="12.01596898958087" lon="108.449771013110876">
        <ele>1570.200000000000045</ele>
      </trkpt>
      <trkpt lat="12.015891959890723" lon="108.449786016717553">
        <ele>1572.099999999999909</ele>
      </trkpt>
      <trkpt lat="12.015804033726454" lon="108.44978098757565">
        <ele>1573.799999999999955</ele>
      </trkpt>
      <trkpt lat="12.015717029571533" lon="108.449776964262128">
        <ele>1574.799999999999955</ele>
      </trkpt>
      <trkpt lat="12.015632037073374" lon="108.449785010889173">
        <ele>1576</ele>
      </trkpt>
      <trkpt lat="12.015547966584563" lon="108.449807977303863">
        <ele>1577.299999999999955</ele>
      </trkpt>
      <trkpt lat="12.015474960207939" lon="108.449848964810371">
        <ele>1578.799999999999955</ele>
      </trkpt>
      <trkpt lat="12.015401031821966" lon="108.449891963973641">
        <ele>1580.5</ele>
      </trkpt>
      <trkpt lat="12.015326013788581" lon="108.449934041127563">
        <ele>1582.400000000000091</ele>
      </trkpt>
      <trkpt lat="12.015249989926815" lon="108.449967987835407">
        <ele>1584.200000000000045</ele>
      </trkpt>
      <trkpt lat="12.01517203822732" lon="108.449989026412368">
        <ele>1585.900000000000091</ele>
      </trkpt>
      <trkpt lat="12.015091991052032" lon="108.450014004483819">
        <ele>1587.5</ele>
      </trkpt>
      <trkpt lat="12.015009010210633" lon="108.45005800947547">
        <ele>1589.200000000000045</ele>
      </trkpt>
      <trkpt lat="12.014928963035345" lon="108.45008198171854">
        <ele>1589.799999999999955</ele>
      </trkpt>
      <trkpt lat="12.014786973595619" lon="108.450105031952262">
        <ele>1590.599999999999909</ele>
      </trkpt>
      <trkpt lat="12.014558985829353" lon="108.4501669742167">
        <ele>1592.700000000000045</ele>
      </trkpt>
      <trkpt lat="12.014438034966588" lon="108.450155993923545">
        <ele>1593.200000000000045</ele>
      </trkpt>
      <trkpt lat="12.014309959486127" lon="108.450148031115532">
        <ele>1593.799999999999955</ele>
      </trkpt>
      <trkpt lat="12.014270983636379" lon="108.450150964781642">
        <ele>1594</ele>
      </trkpt>
      <trkpt lat="12.014239970594645" lon="108.450153982266784">
        <ele>1594.299999999999955</ele>
      </trkpt>
      <trkpt lat="12.014212980866432" lon="108.450174015015364">
        <ele>1594.900000000000091</ele>
      </trkpt>
      <trkpt lat="12.014126982539892" lon="108.450240986421704">
        <ele>1596.599999999999909</ele>
      </trkpt>
      <trkpt lat="12.013993039727211" lon="108.450383981689811">
        <ele>1599.599999999999909</ele>
      </trkpt>
      <trkpt lat="12.01381903141737" lon="108.450641976669431">
        <ele>1606.599999999999909</ele>
      </trkpt>
      <trkpt lat="12.013688022270799" lon="108.450854038819671">
        <ele>1613.299999999999955</ele>
      </trkpt>
      <trkpt lat="12.013672012835741" lon="108.450880022719502">
        <ele>1614.099999999999909</ele>
      </trkpt>
      <trkpt lat="12.013447964563966" lon="108.451266009360552">
        <ele>1626.700000000000045</ele>
      </trkpt>
      <trkpt lat="12.013296000659466" lon="108.451688038185239">
        <ele>1640</ele>
      </trkpt>
      <trkpt lat="12.013163985684514" lon="108.452258007600904">
        <ele>1657.599999999999909</ele>
      </trkpt>
      <trkpt lat="12.013029959052801" lon="108.45259303227067">
        <ele>1668.900000000000091</ele>
      </trkpt>
      <trkpt lat="12.013026019558311" lon="108.452604012563825">
        <ele>1669.099999999999909</ele>
      </trkpt>
      <trkpt lat="12.013046974316239" lon="108.452646005898714">
        <ele>1669.900000000000091</ele>
      </trkpt>
      <trkpt lat="12.013041023164988" lon="108.452656986191869">
        <ele>1670.200000000000045</ele>
      </trkpt>
      <trkpt lat="12.013030964881182" lon="108.452665032818913">
        <ele>1662.200000000000045</ele>
      </trkpt>
      <trkpt lat="12.01302501372993" lon="108.452670983970165">
        <ele>1662.400000000000091</ele>
      </trkpt>
      <trkpt lat="12.013017972931266" lon="108.452677018940449">
        <ele>1662.400000000000091</ele>
      </trkpt>
      <trkpt lat="12.013016967102885" lon="108.452689005061984">
        <ele>1662.200000000000045</ele>
      </trkpt>
      <trkpt lat="12.013006992638111" lon="108.452699985355139">
        <ele>1662.200000000000045</ele>
      </trkpt>
      <trkpt lat="12.012996012344956" lon="108.452700991183519">
        <ele>1662.200000000000045</ele>
      </trkpt>
      <trkpt lat="12.012980002909899" lon="108.452703002840281">
        <ele>1662.200000000000045</ele>
      </trkpt>
      <trkpt lat="12.012971034273505" lon="108.452705014497042">
        <ele>1662.200000000000045</ele>
      </trkpt>
      <trkpt lat="12.012962987646461" lon="108.452705014497042">
        <ele>1662.200000000000045</ele>
      </trkpt>
      <trkpt lat="12.012954019010067" lon="108.452704008668661">
        <ele>1662.200000000000045</ele>
      </trkpt>
      <trkpt lat="12.012942032888532" lon="108.452700991183519">
        <ele>1662.200000000000045</ele>
      </trkpt>
      <trkpt lat="12.012940021231771" lon="108.452698979526758">
        <ele>1662.200000000000045</ele>
      </trkpt>
      <trkpt lat="12.012917976826429" lon="108.452696967869997">
        <ele>1662.400000000000091</ele>
      </trkpt>
      <trkpt lat="12.01289601624012" lon="108.452698979526758">
        <ele>1662.400000000000091</ele>
      </trkpt>
      <trkpt lat="12.012879000976682" lon="108.452703002840281">
        <ele>1662.799999999999955</ele>
      </trkpt>
      <trkpt lat="12.012868020683527" lon="108.452709959819913">
        <ele>1663</ele>
      </trkpt>
      <trkpt lat="12.012865003198385" lon="108.452709959819913">
        <ele>1663.200000000000045</ele>
      </trkpt>
      <trkpt lat="12.012867014855146" lon="108.452717000618577">
        <ele>1663.200000000000045</ele>
      </trkpt>
      <trkpt lat="12.012865003198385" lon="108.452715994790196">
        <ele>1663.200000000000045</ele>
      </trkpt>
      <trkpt lat="12.012861985713243" lon="108.452723035588861">
        <ele>1663.400000000000091</ele>
      </trkpt>
      <trkpt lat="12.012859974056482" lon="108.452724041417241">
        <ele>1663.400000000000091</ele>
      </trkpt>
      <trkpt lat="12.012855028733611" lon="108.452735021710396">
        <ele>1664.799999999999955</ele>
      </trkpt>
      <trkpt lat="12.01285301707685" lon="108.452737033367157">
        <ele>1665.200000000000045</ele>
      </trkpt>
      <trkpt lat="12.012799037620425" lon="108.452752958983183">
        <ele>1669.400000000000091</ele>
      </trkpt>
      <trkpt lat="12.012773975729942" lon="108.452755976468325">
        <ele>1669.400000000000091</ele>
      </trkpt>
      <trkpt lat="12.012764001265168" lon="108.452757988125086">
        <ele>1669.400000000000091</ele>
      </trkpt>
      <trkpt lat="12.012739023193717" lon="108.452763017266989">
        <ele>1669.400000000000091</ele>
      </trkpt>
      <trkpt lat="12.012705998495221" lon="108.452768968418241">
        <ele>1669.200000000000045</ele>
      </trkpt>
      <trkpt lat="12.012696024030447" lon="108.452770980075002">
        <ele>1669.400000000000091</ele>
      </trkpt>
      <trkpt lat="12.012641960754991" lon="108.452780032530427">
        <ele>1669.400000000000091</ele>
      </trkpt>
      <trkpt lat="12.012578006833792" lon="108.452801993116736">
        <ele>1669.799999999999955</ele>
      </trkpt>
      <trkpt lat="12.012569038197398" lon="108.452807022258639">
        <ele>1670</ele>
      </trkpt>
      <trkpt lat="12.012569038197398" lon="108.452810039743781">
        <ele>1670.799999999999955</ele>
      </trkpt>
      <trkpt lat="12.012529978528619" lon="108.452834011986852">
        <ele>1674.200000000000045</ele>
      </trkpt>
      <trkpt lat="12.012518998235464" lon="108.452839963138103">
        <ele>1674.400000000000091</ele>
      </trkpt>
      <trkpt lat="12.012505000457168" lon="108.452849015593529">
        <ele>1674.599999999999909</ele>
      </trkpt>
      <trkpt lat="12.012495025992393" lon="108.452855972573161">
        <ele>1674.799999999999955</ele>
      </trkpt>
      <trkpt lat="12.012474993243814" lon="108.452866030856967">
        <ele>1674.799999999999955</ele>
      </trkpt>
      <trkpt lat="12.012451021000743" lon="108.452874999493361">
        <ele>1675</ele>
      </trkpt>
      <trkpt lat="12.012439034879208" lon="108.452878016978502">
        <ele>1675</ele>
      </trkpt>
      <trkpt lat="12.012426964938641" lon="108.452881034463644">
        <ele>1675</ele>
      </trkpt>
      <trkpt lat="12.012414978817105" lon="108.452883968129754">
        <ele>1675.200000000000045</ele>
      </trkpt>
      <trkpt lat="12.012401986867189" lon="108.452885979786515">
        <ele>1675.200000000000045</ele>
      </trkpt>
      <trkpt lat="12.012390000745654" lon="108.452888997271657">
        <ele>1675.400000000000091</ele>
      </trkpt>
      <trkpt lat="12.012378014624119" lon="108.452892014756799">
        <ele>1675.599999999999909</ele>
      </trkpt>
      <trkpt lat="12.012366028502584" lon="108.45289503224194">
        <ele>1675.599999999999909</ele>
      </trkpt>
      <trkpt lat="12.012334009632468" lon="108.45289696007967">
        <ele>1675.799999999999955</ele>
      </trkpt>
      <trkpt lat="12.012330992147326" lon="108.452898971736431">
        <ele>1675.799999999999955</ele>
      </trkpt>
      <trkpt lat="12.012320011854172" lon="108.452905006706715">
        <ele>1675.799999999999955</ele>
      </trkpt>
      <trkpt lat="12.01231699436903" lon="108.452905006706715">
        <ele>1676</ele>
      </trkpt>
      <trkpt lat="12.012296039611101" lon="108.452920010313392">
        <ele>1676.200000000000045</ele>
      </trkpt>
      <trkpt lat="12.012277012690902" lon="108.452949011698365">
        <ele>1676.599999999999909</ele>
      </trkpt>
      <trkpt lat="12.012252034619451" lon="108.4529800247401">
        <ele>1676.799999999999955</ele>
      </trkpt>
      <trkpt lat="12.012236025184393" lon="108.452988993376493">
        <ele>1677</ele>
      </trkpt>
      <trkpt lat="12.012221021577716" lon="108.452993016690016">
        <ele>1677</ele>
      </trkpt>
      <trkpt lat="12.012207023799419" lon="108.452997962012887">
        <ele>1677</ele>
      </trkpt>
      <trkpt lat="12.012169975787401" lon="108.453013971447945">
        <ele>1677.400000000000091</ele>
      </trkpt>
      <trkpt lat="12.012121025472879" lon="108.453029980883002">
        <ele>1677.799999999999955</ele>
      </trkpt>
      <trkpt lat="12.012097975239158" lon="108.453041967004538">
        <ele>1678.200000000000045</ele>
      </trkpt>
      <trkpt lat="12.012095963582397" lon="108.453043978661299">
        <ele>1678.400000000000091</ele>
      </trkpt>
      <trkpt lat="12.012090012431145" lon="108.453057976439595">
        <ele>1679.200000000000045</ele>
      </trkpt>
      <trkpt lat="12.012082971632481" lon="108.453072980046272">
        <ele>1679.599999999999909</ele>
      </trkpt>
      <trkpt lat="12.012069979682565" lon="108.453100975602865">
        <ele>1679.599999999999909</ele>
      </trkpt>
      <trkpt lat="12.012033015489578" lon="108.453113967552781">
        <ele>1679.799999999999955</ele>
      </trkpt>
      <trkpt lat="12.011994039639831" lon="108.453116985037923">
        <ele>1680</ele>
      </trkpt>
      <trkpt lat="12.011962020769715" lon="108.453118996694684">
        <ele>1680</ele>
      </trkpt>
      <trkpt lat="12.011959003284574" lon="108.453121008351445">
        <ele>1680</ele>
      </trkpt>
      <trkpt lat="12.011949028819799" lon="108.453123020008206">
        <ele>1680</ele>
      </trkpt>
      <trkpt lat="12.011946011334658" lon="108.453124025836587">
        <ele>1680.200000000000045</ele>
      </trkpt>
      <trkpt lat="12.011931007727981" lon="108.453130982816219">
        <ele>1680.200000000000045</ele>
      </trkpt>
      <trkpt lat="12.0119300018996" lon="108.45313299447298">
        <ele>1680.599999999999909</ele>
      </trkpt>
      <trkpt lat="12.011914998292923" lon="108.453140035271645">
        <ele>1681.200000000000045</ele>
      </trkpt>
      <trkpt lat="12.011912986636162" lon="108.453141041100025">
        <ele>1681.799999999999955</ele>
      </trkpt>
      <trkpt lat="12.011903012171388" lon="108.453159984201193">
        <ele>1682.200000000000045</ele>
      </trkpt>
      <trkpt lat="12.011893037706614" lon="108.453169958665967">
        <ele>1682.400000000000091</ele>
      </trkpt>
      <trkpt lat="12.011878034099936" lon="108.453176999464631">
        <ele>1682.400000000000091</ele>
      </trkpt>
      <trkpt lat="12.011876022443175" lon="108.453178005293012">
        <ele>1682.799999999999955</ele>
      </trkpt>
      <trkpt lat="12.011864958330989" lon="108.45319602638483">
        <ele>1682.799999999999955</ele>
      </trkpt>
      <trkpt lat="12.011863030493259" lon="108.453197032213211">
        <ele>1683</ele>
      </trkpt>
      <trkpt lat="12.011855989694595" lon="108.453209018334746">
        <ele>1683.200000000000045</ele>
      </trkpt>
      <trkpt lat="12.011847021058202" lon="108.453232990577817">
        <ele>1683</ele>
      </trkpt>
      <trkpt lat="12.011839980259538" lon="108.453249000012875">
        <ele>1683</ele>
      </trkpt>
      <trkpt lat="12.011837968602777" lon="108.453264003619552">
        <ele>1683</ele>
      </trkpt>
      <trkpt lat="12.011838974431157" lon="108.453270960599184">
        <ele>1683.200000000000045</ele>
      </trkpt>
      <trkpt lat="12.011836040765047" lon="108.453284958377481">
        <ele>1683.400000000000091</ele>
      </trkpt>
      <trkpt lat="12.011831011623144" lon="108.45330499112606">
        <ele>1683.599999999999909</ele>
      </trkpt>
      <trkpt lat="12.011828999966383" lon="108.453307002782822">
        <ele>1683.799999999999955</ele>
      </trkpt>
      <trkpt lat="12.011819025501609" lon="108.453323012217879">
        <ele>1680.200000000000045</ele>
      </trkpt>
      <trkpt lat="12.011811984702945" lon="108.453341033309698">
        <ele>1682.200000000000045</ele>
      </trkpt>
      <trkpt lat="12.011807961389422" lon="108.453370034694672">
        <ele>1683</ele>
      </trkpt>
      <trkpt lat="12.011804021894932" lon="108.4533909894526">
        <ele>1684</ele>
      </trkpt>
      <trkpt lat="12.011786000803113" lon="108.453436000272632">
        <ele>1685.200000000000045</ele>
      </trkpt>
      <trkpt lat="12.011774014681578" lon="108.453456033021212">
        <ele>1685.799999999999955</ele>
      </trkpt>
      <trkpt lat="12.011755993589759" lon="108.45347598195076">
        <ele>1686</ele>
      </trkpt>
      <trkpt lat="12.011735960841179" lon="108.453490985557437">
        <ele>1685.799999999999955</ele>
      </trkpt>
      <trkpt lat="12.011706959456205" lon="108.453517975285649">
        <ele>1685.799999999999955</ele>
      </trkpt>
      <trkpt lat="12.011669995263219" lon="108.453532978892326">
        <ele>1685.599999999999909</ele>
      </trkpt>
      <trkpt lat="12.011607969179749" lon="108.453556029126048">
        <ele>1685.400000000000091</ele>
      </trkpt>
      <trkpt lat="12.011577961966395" lon="108.453571032732725">
        <ele>1684.799999999999955</ele>
      </trkpt>
      <trkpt lat="12.011550972238183" lon="108.453591987490654">
        <ele>1684.799999999999955</ele>
      </trkpt>
      <trkpt lat="12.011534040793777" lon="108.453615037724376">
        <ele>1684.599999999999909</ele>
      </trkpt>
      <trkpt lat="12.011508978903294" lon="108.453632974997163">
        <ele>1684.599999999999909</ele>
      </trkpt>
      <trkpt lat="12.011486012488604" lon="108.453649990260601">
        <ele>1684.400000000000091</ele>
      </trkpt>
      <trkpt lat="12.011484000831842" lon="108.453652001917362">
        <ele>1684.400000000000091</ele>
      </trkpt>
      <trkpt lat="12.011464973911643" lon="108.453673040494323">
        <ele>1681.200000000000045</ele>
      </trkpt>
      <trkpt lat="12.011453993618488" lon="108.453684020787477">
        <ele>1680.599999999999909</ele>
      </trkpt>
      <trkpt lat="12.011410994455218" lon="108.453726014122367">
        <ele>1679.599999999999909</ele>
      </trkpt>
      <trkpt lat="12.011400014162064" lon="108.453745963051915">
        <ele>1679.200000000000045</ele>
      </trkpt>
      <trkpt lat="12.011378975585103" lon="108.453791979700327">
        <ele>1678.200000000000045</ele>
      </trkpt>
      <trkpt lat="12.011374030262232" lon="108.453812012448907">
        <ele>1677.799999999999955</ele>
      </trkpt>
      <trkpt lat="12.011361960321665" lon="108.453826010227203">
        <ele>1677.799999999999955</ele>
      </trkpt>
      <trkpt lat="12.011330025270581" lon="108.453843025490642">
        <ele>1677.599999999999909</ele>
      </trkpt>
      <trkpt lat="12.011277973651886" lon="108.453846964985132">
        <ele>1677.599999999999909</ele>
      </trkpt>
      <trkpt lat="12.011258024722338" lon="108.453854005783796">
        <ele>1677.599999999999909</ele>
      </trkpt>
      <trkpt lat="12.011243021115661" lon="108.453873032703996">
        <ele>1677.599999999999909</ele>
      </trkpt>
      <trkpt lat="12.011223994195461" lon="108.453898010775447">
        <ele>1677.400000000000091</ele>
      </trkpt>
      <trkpt lat="12.011202033609152" lon="108.453908991068602">
        <ele>1676.400000000000091</ele>
      </trkpt>
      <trkpt lat="12.011171020567417" lon="108.453918965533376">
        <ele>1676</ele>
      </trkpt>
      <trkpt lat="12.011142019182444" lon="108.453928017988801">
        <ele>1675.599999999999909</ele>
      </trkpt>
      <trkpt lat="12.011123998090625" lon="108.453932963311672">
        <ele>1675.599999999999909</ele>
      </trkpt>
      <trkpt lat="12.011111006140709" lon="108.453944027423859">
        <ele>1675</ele>
      </trkpt>
      <trkpt lat="12.011097008362412" lon="108.453958025202155">
        <ele>1674.599999999999909</ele>
      </trkpt>
      <trkpt lat="12.011080998927355" lon="108.45397001132369">
        <ele>1673.599999999999909</ele>
      </trkpt>
      <trkpt lat="12.011067001149058" lon="108.453981997445226">
        <ele>1673</ele>
      </trkpt>
      <trkpt lat="12.011040011420846" lon="108.453993983566761">
        <ele>1672</ele>
      </trkpt>
      <trkpt lat="12.011011010035872" lon="108.454005969688296">
        <ele>1671.200000000000045</ele>
      </trkpt>
      <trkpt lat="12.010982008650899" lon="108.454014016315341">
        <ele>1670.799999999999955</ele>
      </trkpt>
      <trkpt lat="12.010967005044222" lon="108.454014016315341">
        <ele>1669.799999999999955</ele>
      </trkpt>
      <trkpt lat="12.010955018922687" lon="108.45401301048696">
        <ele>1669.400000000000091</ele>
      </trkpt>
      <trkpt lat="12.010942026972771" lon="108.454018961638212">
        <ele>1668.799999999999955</ele>
      </trkpt>
      <trkpt lat="12.010924005880952" lon="108.454023990780115">
        <ele>1668.400000000000091</ele>
      </trkpt>
      <trkpt lat="12.01089701615274" lon="108.454042011871934">
        <ele>1667.400000000000091</ele>
      </trkpt>
      <trkpt lat="12.010872960090637" lon="108.454047041013837">
        <ele>1667</ele>
      </trkpt>
      <trkpt lat="12.010860973969102" lon="108.454053997993469">
        <ele>1666</ele>
      </trkpt>
      <trkpt lat="12.010848987847567" lon="108.454061038792133">
        <ele>1665.599999999999909</ele>
      </trkpt>
      <trkpt lat="12.010831972584128" lon="108.454073024913669">
        <ele>1664.799999999999955</ele>
      </trkpt>
      <trkpt lat="12.010817974805832" lon="108.45407797023654">
        <ele>1663.599999999999909</ele>
      </trkpt>
      <trkpt lat="12.010800037533045" lon="108.454081993550062">
        <ele>1662.799999999999955</ele>
      </trkpt>
      <trkpt lat="12.010781010612845" lon="108.454082999378443">
        <ele>1661.599999999999909</ele>
      </trkpt>
      <trkpt lat="12.010765001177788" lon="108.454087022691965">
        <ele>1661.200000000000045</ele>
      </trkpt>
      <trkpt lat="12.01074798591435" lon="108.454093979671597">
        <ele>1661</ele>
      </trkpt>
      <trkpt lat="12.010727031156421" lon="108.454100014641881">
        <ele>1660.799999999999955</ele>
      </trkpt>
      <trkpt lat="12.010668022558093" lon="108.454109989106655">
        <ele>1660.200000000000045</ele>
      </trkpt>
      <trkpt lat="12.010623011738062" lon="108.45411904156208">
        <ele>1659</ele>
      </trkpt>
      <trkpt lat="12.010590992867947" lon="108.454133961349726">
        <ele>1657.599999999999909</ele>
      </trkpt>
      <trkpt lat="12.010572971776128" lon="108.454127004370093">
        <ele>1655.599999999999909</ele>
      </trkpt>
      <trkpt lat="12.010551011189818" lon="108.454131027683616">
        <ele>1655.400000000000091</ele>
      </trkpt>
      <trkpt lat="12.010514969006181" lon="108.454143013805151">
        <ele>1654.599999999999909</ele>
      </trkpt>
      <trkpt lat="12.01046803034842" lon="108.454138990491629">
        <ele>1653.400000000000091</ele>
      </trkpt>
      <trkpt lat="12.010439028963447" lon="108.454151982441545">
        <ele>1652</ele>
      </trkpt>
      <trkpt lat="12.010398041456938" lon="108.454175032675266">
        <ele>1650.599999999999909</ele>
      </trkpt>
      <trkpt lat="12.010357975959778" lon="108.454187018796802">
        <ele>1648.599999999999909</ele>
      </trkpt>
      <trkpt lat="12.010309025645256" lon="108.45416497439146">
        <ele>1647</ele>
      </trkpt>
      <trkpt lat="12.010280024260283" lon="108.45416497439146">
        <ele>1646</ele>
      </trkpt>
      <trkpt lat="12.010243982076645" lon="108.454159023240209">
        <ele>1644</ele>
      </trkpt>
      <trkpt lat="12.010205006226897" lon="108.45416497439146">
        <ele>1643</ele>
      </trkpt>
      <trkpt lat="12.01016703620553" lon="108.454165980219841">
        <ele>1642</ele>
      </trkpt>
      <trkpt lat="12.010127976536751" lon="108.454176038503647">
        <ele>1641.599999999999909</ele>
      </trkpt>
      <trkpt lat="12.010096041485667" lon="108.454190958291292">
        <ele>1640.799999999999955</ele>
      </trkpt>
      <trkpt lat="12.010056981816888" lon="108.454211996868253">
        <ele>1640.400000000000091</ele>
      </trkpt>
      <trkpt lat="12.010038960725069" lon="108.454205961897969">
        <ele>1640.200000000000045</ele>
      </trkpt>
      <trkpt lat="12.010022029280663" lon="108.454214008525014">
        <ele>1639.200000000000045</ele>
      </trkpt>
      <trkpt lat="12.009989004582167" lon="108.454216020181775">
        <ele>1638.200000000000045</ele>
      </trkpt>
      <trkpt lat="12.009928990155458" lon="108.454250972718">
        <ele>1637.400000000000091</ele>
      </trkpt>
      <trkpt lat="12.009905017912388" lon="108.454256001859903">
        <ele>1637</ele>
      </trkpt>
      <trkpt lat="12.009877022355795" lon="108.454279974102974">
        <ele>1635.200000000000045</ele>
      </trkpt>
      <trkpt lat="12.009861012920737" lon="108.454294977709651">
        <ele>1634.799999999999955</ele>
      </trkpt>
      <trkpt lat="12.00984600931406" lon="108.454310987144709">
        <ele>1634.200000000000045</ele>
      </trkpt>
      <trkpt lat="12.009831005707383" lon="108.454326996579766">
        <ele>1634.200000000000045</ele>
      </trkpt>
      <trkpt lat="12.009818013757467" lon="108.454343006014824">
        <ele>1633.400000000000091</ele>
      </trkpt>
      <trkpt lat="12.009805021807551" lon="108.454358009621501">
        <ele>1632.799999999999955</ele>
      </trkpt>
      <trkpt lat="12.009791024029255" lon="108.454375024884939">
        <ele>1632.400000000000091</ele>
      </trkpt>
      <trkpt lat="12.009771997109056" lon="108.454395979642868">
        <ele>1632</ele>
      </trkpt>
      <trkpt lat="12.009753976017237" lon="108.454417018219829">
        <ele>1631</ele>
      </trkpt>
      <trkpt lat="12.009718017652631" lon="108.454449037089944">
        <ele>1630</ele>
      </trkpt>
      <trkpt lat="12.009708965197206" lon="108.454456999897957">
        <ele>1629.400000000000091</ele>
      </trkpt>
      <trkpt lat="12.009703014045954" lon="108.454468986019492">
        <ele>1628.799999999999955</ele>
      </trkpt>
      <trkpt lat="12.009689016267657" lon="108.45448499545455">
        <ele>1627.599999999999909</ele>
      </trkpt>
      <trkpt lat="12.009662026539445" lon="108.454502010717988">
        <ele>1627.200000000000045</ele>
      </trkpt>
      <trkpt lat="12.009634030982852" lon="108.454522965475917">
        <ele>1626.799999999999955</ele>
      </trkpt>
      <trkpt lat="12.009605029597878" lon="108.454536963254213">
        <ele>1626.599999999999909</ele>
      </trkpt>
      <trkpt lat="12.009586002677679" lon="108.45455096103251">
        <ele>1626.200000000000045</ele>
      </trkpt>
      <trkpt lat="12.009558007121086" lon="108.454566970467567">
        <ele>1625.799999999999955</ele>
      </trkpt>
      <trkpt lat="12.009496986865997" lon="108.454575017094612">
        <ele>1624.799999999999955</ele>
      </trkpt>
      <trkpt lat="12.009491035714746" lon="108.454574011266232">
        <ele>1624.599999999999909</ele>
      </trkpt>
      <trkpt lat="12.009477037936449" lon="108.454573005437851">
        <ele>1621.400000000000091</ele>
      </trkpt>
      <trkpt lat="12.009460022673011" lon="108.454569987952709">
        <ele>1621.200000000000045</ele>
      </trkpt>
      <trkpt lat="12.009435966610909" lon="108.454565964639187">
        <ele>1621</ele>
      </trkpt>
      <trkpt lat="12.009338987991214" lon="108.454540986567736">
        <ele>1620.400000000000091</ele>
      </trkpt>
      <trkpt lat="12.009306969121099" lon="108.454542998224497">
        <ele>1620.200000000000045</ele>
      </trkpt>
      <trkpt lat="12.009195992723107" lon="108.454517014324665">
        <ele>1619.599999999999909</ele>
      </trkpt>
      <trkpt lat="12.00917998328805" lon="108.454492958262563">
        <ele>1619.200000000000045</ele>
      </trkpt>
      <trkpt lat="12.009108988568187" lon="108.454459011554718">
        <ele>1617.799999999999955</ele>
      </trkpt>
      <trkpt lat="12.00909398496151" lon="108.454450964927673">
        <ele>1617.599999999999909</ele>
      </trkpt>
      <trkpt lat="12.009083004668355" lon="108.454444007948041">
        <ele>1616.799999999999955</ele>
      </trkpt>
      <trkpt lat="12.009075041860342" lon="108.454438978806138">
        <ele>1616.599999999999909</ele>
      </trkpt>
      <trkpt lat="12.009064983576536" lon="108.454435961320996">
        <ele>1616</ele>
      </trkpt>
      <trkpt lat="12.009055009111762" lon="108.454431015998125">
        <ele>1615.599999999999909</ele>
      </trkpt>
      <trkpt lat="12.009043022990227" lon="108.454426992684603">
        <ele>1615.200000000000045</ele>
      </trkpt>
      <trkpt lat="12.00903195887804" lon="108.454423975199461">
        <ele>1614.799999999999955</ele>
      </trkpt>
      <trkpt lat="12.009023996070027" lon="108.45442003570497">
        <ele>1614.400000000000091</ele>
      </trkpt>
      <trkpt lat="12.009015027433634" lon="108.454412994906306">
        <ele>1613.200000000000045</ele>
      </trkpt>
      <trkpt lat="12.008989965543151" lon="108.454390028491616">
        <ele>1611</ele>
      </trkpt>
      <trkpt lat="12.008963981643319" lon="108.45437997020781">
        <ele>1608.400000000000091</ele>
      </trkpt>
      <trkpt lat="12.008930034935474" lon="108.454352980479598">
        <ele>1607.400000000000091</ele>
      </trkpt>
      <trkpt lat="12.008906984701753" lon="108.454340994358063">
        <ele>1606.799999999999955</ele>
      </trkpt>
      <trkpt lat="12.008897010236979" lon="108.454343006014824">
        <ele>1606.400000000000091</ele>
      </trkpt>
      <trkpt lat="12.008891981095076" lon="108.454346023499966">
        <ele>1606.400000000000091</ele>
      </trkpt>
      <trkpt lat="12.00887999497354" lon="108.454347029328346">
        <ele>1604</ele>
      </trkpt>
      <trkpt lat="12.008840013295412" lon="108.454339988529682">
        <ele>1602.200000000000045</ele>
      </trkpt>
      <trkpt lat="12.008805982768536" lon="108.454306963831186">
        <ele>1601.599999999999909</ele>
      </trkpt>
      <trkpt lat="12.008801959455013" lon="108.454289026558399">
        <ele>1601.200000000000045</ele>
      </trkpt>
      <trkpt lat="12.008779998868704" lon="108.454263964667916">
        <ele>1600.799999999999955</ele>
      </trkpt>
      <trkpt lat="12.008744962513447" lon="108.454225994646549">
        <ele>1599.799999999999955</ele>
      </trkpt>
      <trkpt lat="12.008733982220292" lon="108.454219959676266">
        <ele>1599.599999999999909</ele>
      </trkpt>
      <trkpt lat="12.00870699249208" lon="108.454208979383111">
        <ele>1598.599999999999909</ele>
      </trkpt>
      <trkpt lat="12.008692994713783" lon="108.454203028231859">
        <ele>1598.200000000000045</ele>
      </trkpt>
      <trkpt lat="12.008678996935487" lon="108.454173021018505">
        <ele>1598</ele>
      </trkpt>
      <trkpt lat="12.008662987500429" lon="108.454151982441545">
        <ele>1597.599999999999909</ele>
      </trkpt>
      <trkpt lat="12.00864102691412" lon="108.45411904156208">
        <ele>1596.799999999999955</ele>
      </trkpt>
      <trkpt lat="12.008602973073721" lon="108.454061038792133">
        <ele>1596.599999999999909</ele>
      </trkpt>
      <trkpt lat="12.008583024144173" lon="108.454049974679947">
        <ele>1596.200000000000045</ele>
      </trkpt>
      <trkpt lat="12.008573971688747" lon="108.454047963023186">
        <ele>1596.200000000000045</ele>
      </trkpt>
      <trkpt lat="12.008571960031986" lon="108.454049974679947">
        <ele>1595.799999999999955</ele>
      </trkpt>
      <trkpt lat="12.008500965312123" lon="108.454022984951735">
        <ele>1594.799999999999955</ele>
      </trkpt>
      <trkpt lat="12.008467018604279" lon="108.454016027972102">
        <ele>1593.700000000000045</ele>
      </trkpt>
      <trkpt lat="12.008427958935499" lon="108.454015022143722">
        <ele>1592.700000000000045</ele>
      </trkpt>
      <trkpt lat="12.00838403776288" lon="108.45401200465858">
        <ele>1591.400000000000091</ele>
      </trkpt>
      <trkpt lat="12.00834103859961" lon="108.454009993001819">
        <ele>1590.299999999999955</ele>
      </trkpt>
      <trkpt lat="12.00829803943634" lon="108.454005969688296">
        <ele>1589.400000000000091</ele>
      </trkpt>
      <trkpt lat="12.008255962282419" lon="108.453999012708664">
        <ele>1588.599999999999909</ele>
      </trkpt>
      <trkpt lat="12.0082120411098" lon="108.453990966081619">
        <ele>1587.700000000000045</ele>
      </trkpt>
      <trkpt lat="12.008168958127499" lon="108.453983003273606">
        <ele>1586.900000000000091</ele>
      </trkpt>
      <trkpt lat="12.008131993934512" lon="108.453979985788465">
        <ele>1586.200000000000045</ele>
      </trkpt>
      <trkpt lat="12.008096035569906" lon="108.453976968303323">
        <ele>1585.599999999999909</ele>
      </trkpt>
      <trkpt lat="12.008057981729507" lon="108.453973028808832">
        <ele>1585</ele>
      </trkpt>
      <trkpt lat="12.008015988394618" lon="108.453966993838549">
        <ele>1584.200000000000045</ele>
      </trkpt>
      <trkpt lat="12.007970977574587" lon="108.453963976353407">
        <ele>1583.5</ele>
      </trkpt>
      <trkpt lat="12.007924960926175" lon="108.453960958868265">
        <ele>1582.799999999999955</ele>
      </trkpt>
      <trkpt lat="12.007877016440034" lon="108.45396900549531">
        <ele>1582.200000000000045</ele>
      </trkpt>
      <trkpt lat="12.00782798230648" lon="108.453975040465593">
        <ele>1581.599999999999909</ele>
      </trkpt>
      <trkpt lat="12.007777020335197" lon="108.453987026587129">
        <ele>1581</ele>
      </trkpt>
      <trkpt lat="12.007727986201644" lon="108.453995995223522">
        <ele>1580.299999999999955</ele>
      </trkpt>
      <trkpt lat="12.007709965109825" lon="108.453990966081619">
        <ele>1580</ele>
      </trkpt>
      <trkpt lat="12.007566969841719" lon="108.453854005783796">
        <ele>1576.599999999999909</ele>
      </trkpt>
      <trkpt lat="12.00756998732686" lon="108.45386004075408">
        <ele>1576.700000000000045</ele>
      </trkpt>
      <trkpt lat="12.007550038397312" lon="108.4538400080055">
        <ele>1576.299999999999955</ele>
      </trkpt>
      <trkpt lat="12.007479965686798" lon="108.453770019114017">
        <ele>1575</ele>
      </trkpt>
      <trkpt lat="12.007400002330542" lon="108.453679997473955">
        <ele>1574.200000000000045</ele>
      </trkpt>
      <trkpt lat="12.007300006225705" lon="108.453549994155765">
        <ele>1573.799999999999955</ele>
      </trkpt>
      <trkpt lat="12.007230017334223" lon="108.453480005264282">
        <ele>1573.900000000000091</ele>
      </trkpt>
      <trkpt lat="12.007179977372289" lon="108.453429965302348">
        <ele>1574.099999999999909</ele>
      </trkpt>
      <trkpt lat="12.00713999569416" lon="108.453400041908026">
        <ele>1574.400000000000091</ele>
      </trkpt>
      <trkpt lat="12.00703002512455" lon="108.453329969197512">
        <ele>1575.299999999999955</ele>
      </trkpt>
      <trkpt lat="12.006909996271133" lon="108.453299961984158">
        <ele>1575.700000000000045</ele>
      </trkpt>
      <trkpt lat="12.006770018488169" lon="108.453259980306029">
        <ele>1576.200000000000045</ele>
      </trkpt>
      <trkpt lat="12.006670022383332" lon="108.453223016113043">
        <ele>1576.5</ele>
      </trkpt>
      <trkpt lat="12.006662981584668" lon="108.453222010284662">
        <ele>1576.5</ele>
      </trkpt>
      <trkpt lat="12.006574971601367" lon="108.453213041648269">
        <ele>1576.599999999999909</ele>
      </trkpt>
      <trkpt lat="12.006574971601367" lon="108.453213963657618">
        <ele>1576.599999999999909</ele>
      </trkpt>
      <trkpt lat="12.006573965772986" lon="108.453213963657618">
        <ele>1577.900000000000091</ele>
      </trkpt>
      <trkpt lat="12.006558962166309" lon="108.453216981142759">
        <ele>1578</ele>
      </trkpt>
      <trkpt lat="12.006470030173659" lon="108.453210024163127">
        <ele>1578.599999999999909</ele>
      </trkpt>
      <trkpt lat="12.006439017131925" lon="108.453212035819888">
        <ele>1578.799999999999955</ele>
      </trkpt>
      <trkpt lat="12.006269032135606" lon="108.453198038041592">
        <ele>1579.700000000000045</ele>
      </trkpt>
      <trkpt lat="12.006255034357309" lon="108.453189991414547">
        <ele>1576.900000000000091</ele>
      </trkpt>
      <trkpt lat="12.006122013553977" lon="108.453172976151109">
        <ele>1577</ele>
      </trkpt>
      <trkpt lat="12.005782965570688" lon="108.453044984489679">
        <ele>1576.799999999999955</ele>
      </trkpt>
      <trkpt lat="12.005552966147661" lon="108.452929984778166">
        <ele>1574.900000000000091</ele>
      </trkpt>
      <trkpt lat="12.005519019439816" lon="108.452923027798533">
        <ele>1578.5</ele>
      </trkpt>
      <trkpt lat="12.005485994741321" lon="108.452911041676998">
        <ele>1578.299999999999955</ele>
      </trkpt>
      <trkpt lat="12.005452970042825" lon="108.452898971736431">
        <ele>1578.099999999999909</ele>
      </trkpt>
      <trkpt lat="12.005404019728303" lon="108.452870976179838">
        <ele>1577.700000000000045</ele>
      </trkpt>
      <trkpt lat="12.005347022786736" lon="108.452845998108387">
        <ele>1577.299999999999955</ele>
      </trkpt>
      <trkpt lat="12.005280973389745" lon="108.452811967581511">
        <ele>1576.799999999999955</ele>
      </trkpt>
      <trkpt lat="12.005241997539997" lon="108.452783972024918">
        <ele>1576.5</ele>
      </trkpt>
      <trkpt lat="12.005234034731984" lon="108.452780032530427">
        <ele>1576.400000000000091</ele>
      </trkpt>
      <trkpt lat="12.005175026133657" lon="108.452770980075002">
        <ele>1576</ele>
      </trkpt>
      <trkpt lat="12.005106965079904" lon="108.45274499617517">
        <ele>1575.5</ele>
      </trkpt>
      <trkpt lat="12.005086010321975" lon="108.452738039195538">
        <ele>1575.400000000000091</ele>
      </trkpt>
      <trkpt lat="12.004971010610461" lon="108.452699985355139">
        <ele>1574.599999999999909</ele>
      </trkpt>
      <trkpt lat="12.004936980083585" lon="108.452685987576842">
        <ele>1574.400000000000091</ele>
      </trkpt>
      <trkpt lat="12.004873026162386" lon="108.452651035040617">
        <ele>1574</ele>
      </trkpt>
      <trkpt lat="12.00477403588593" lon="108.452610969543457">
        <ele>1573.400000000000091</ele>
      </trkpt>
      <trkpt lat="12.00471100397408" lon="108.452578028663993">
        <ele>1573</ele>
      </trkpt>
      <trkpt lat="12.004648977890611" lon="108.452548021450639">
        <ele>1572.599999999999909</ele>
      </trkpt>
      <trkpt lat="12.004578988999128" lon="108.452511979267001">
        <ele>1572</ele>
      </trkpt>
      <trkpt lat="12.004540013149381" lon="108.452490018680692">
        <ele>1571.700000000000045</ele>
      </trkpt>
      <trkpt lat="12.004498019814491" lon="108.452467974275351">
        <ele>1571.400000000000091</ele>
      </trkpt>
      <trkpt lat="12.004411015659571" lon="108.452428998425603">
        <ele>1570.700000000000045</ele>
      </trkpt>
      <trkpt lat="12.004317976534367" lon="108.452388010919094">
        <ele>1570</ele>
      </trkpt>
      <trkpt lat="12.004223009571433" lon="108.452347023412585">
        <ele>1569.400000000000091</ele>
      </trkpt>
      <trkpt lat="12.00408898293972" lon="108.452279968187213">
        <ele>1568.599999999999909</ele>
      </trkpt>
      <trkpt lat="12.0040019787848" lon="108.452224982902408">
        <ele>1568.099999999999909</ele>
      </trkpt>
      <trkpt lat="12.003837022930384" lon="108.452097997069359">
        <ele>1567.200000000000045</ele>
      </trkpt>
      <trkpt lat="12.003731997683644" lon="108.451999006792903">
        <ele>1566.799999999999955</ele>
      </trkpt>
      <trkpt lat="12.00370098464191" lon="108.451967993751168">
        <ele>1566.700000000000045</ele>
      </trkpt>
      <trkpt lat="12.00363895855844" lon="108.451904039829969">
        <ele>1566.599999999999909</ele>
      </trkpt>
      <trkpt lat="12.003567041829228" lon="108.451843019574881">
        <ele>1566.599999999999909</ele>
      </trkpt>
      <trkpt lat="12.003530999645591" lon="108.451819969341159">
        <ele>1566.599999999999909</ele>
      </trkpt>
      <trkpt lat="12.003494035452604" lon="108.451797002926469">
        <ele>1566.700000000000045</ele>
      </trkpt>
      <trkpt lat="12.003381969407201" lon="108.451746962964535">
        <ele>1566.900000000000091</ele>
      </trkpt>
      <trkpt lat="12.003223970532417" lon="108.451711004599929">
        <ele>1567.299999999999955</ele>
      </trkpt>
      <trkpt lat="12.00318600051105" lon="108.451705975458026">
        <ele>1567.400000000000091</ele>
      </trkpt>
      <trkpt lat="12.00305599719286" lon="108.451660964637995">
        <ele>1567.599999999999909</ele>
      </trkpt>
      <trkpt lat="12.003031019121408" lon="108.451641015708447">
        <ele>1567.700000000000045</ele>
      </trkpt>
      <trkpt lat="12.003020038828254" lon="108.451613020151854">
        <ele>1567.700000000000045</ele>
      </trkpt>
      <trkpt lat="12.003007968887687" lon="108.451585024595261">
        <ele>1567.799999999999955</ele>
      </trkpt>
      <trkpt lat="12.003006041049957" lon="108.451557029038668">
        <ele>1567.799999999999955</ele>
      </trkpt>
      <trkpt lat="12.003003023564816" lon="108.451533978804946">
        <ele>1567.900000000000091</ele>
      </trkpt>
      <trkpt lat="12.003007968887687" lon="108.451507994905114">
        <ele>1567.900000000000091</ele>
      </trkpt>
      <trkpt lat="12.00299296528101" lon="108.451461978256702">
        <ele>1568</ele>
      </trkpt>
      <trkpt lat="12.002977039664984" lon="108.451409004628658">
        <ele>1568</ele>
      </trkpt>
      <trkpt lat="12.002942003309727" lon="108.451347984373569">
        <ele>1568.099999999999909</ele>
      </trkpt>
      <trkpt lat="12.002921970561147" lon="108.451332980766892">
        <ele>1568.099999999999909</ele>
      </trkpt>
      <trkpt lat="12.002895986661315" lon="108.451316971331835">
        <ele>1568.200000000000045</ele>
      </trkpt>
      <trkpt lat="12.00284200720489" lon="108.451275983825326">
        <ele>1568.299999999999955</ele>
      </trkpt>
      <trkpt lat="12.002732958644629" lon="108.451147992163897">
        <ele>1568.400000000000091</ele>
      </trkpt>
      <trkpt lat="12.002575965598226" lon="108.451067022979259">
        <ele>1568.700000000000045</ele>
      </trkpt>
      <trkpt lat="12.002545958384871" lon="108.45104799605906">
        <ele>1568.799999999999955</ele>
      </trkpt>
      <trkpt lat="12.002515029162169" lon="108.451031986624002">
        <ele>1568.900000000000091</ele>
      </trkpt>
      <trkpt lat="12.002402963116765" lon="108.451006002724171">
        <ele>1569.099999999999909</ele>
      </trkpt>
      <trkpt lat="12.002376979216933" lon="108.451002985239029">
        <ele>1569.200000000000045</ele>
      </trkpt>
      <trkpt lat="12.002292992547154" lon="108.450969960540533">
        <ele>1569.299999999999955</ele>
      </trkpt>
      <trkpt lat="12.0022629853338" lon="108.45096099190414">
        <ele>1569.299999999999955</ele>
      </trkpt>
      <trkpt lat="12.002232978120446" lon="108.450952023267746">
        <ele>1569.299999999999955</ele>
      </trkpt>
      <trkpt lat="12.002198025584221" lon="108.450942970812321">
        <ele>1569.400000000000091</ele>
      </trkpt>
      <trkpt lat="12.002161983400583" lon="108.45093802548945">
        <ele>1569.400000000000091</ele>
      </trkpt>
      <trkpt lat="12.002126025035977" lon="108.45094095915556">
        <ele>1569.400000000000091</ele>
      </trkpt>
      <trkpt lat="12.002028962597251" lon="108.450956968590617">
        <ele>1569.5</ele>
      </trkpt>
      <trkpt lat="12.001999039202929" lon="108.450959986075759">
        <ele>1569.5</ele>
      </trkpt>
      <trkpt lat="12.001972971484065" lon="108.450963003560901">
        <ele>1569.5</ele>
      </trkpt>
      <trkpt lat="12.001942964270711" lon="108.450963003560901">
        <ele>1569.5</ele>
      </trkpt>
      <trkpt lat="12.001884039491415" lon="108.450969960540533">
        <ele>1569.599999999999909</ele>
      </trkpt>
      <trkpt lat="12.001856965944171" lon="108.450974989682436">
        <ele>1569.700000000000045</ele>
      </trkpt>
      <trkpt lat="12.001829976215959" lon="108.4509820304811">
        <ele>1569.799999999999955</ele>
      </trkpt>
      <trkpt lat="12.001693015918136" lon="108.450978007167578">
        <ele>1570.200000000000045</ele>
      </trkpt>
      <trkpt lat="12.001607017591596" lon="108.450946994125843">
        <ele>1570.599999999999909</ele>
      </trkpt>
      <trkpt lat="12.001553038135171" lon="108.450912041589618">
        <ele>1570.799999999999955</ele>
      </trkpt>
      <trkpt lat="12.001448012888432" lon="108.450844986364245">
        <ele>1571.200000000000045</ele>
      </trkpt>
      <trkpt lat="12.001410964876413" lon="108.450819002464414">
        <ele>1571.400000000000091</ele>
      </trkpt>
      <trkpt lat="12.001395961269736" lon="108.45080902799964">
        <ele>1571.5</ele>
      </trkpt>
      <trkpt lat="12.001374000683427" lon="108.450796036049724">
        <ele>1571.5</ele>
      </trkpt>
      <trkpt lat="12.001363020390272" lon="108.450794024392962">
        <ele>1571.599999999999909</ele>
      </trkpt>
      <trkpt lat="12.001361008733511" lon="108.450794024392962">
        <ele>1571.599999999999909</ele>
      </trkpt>
      <trkpt lat="12.001357991248369" lon="108.450794024392962">
        <ele>1571.599999999999909</ele>
      </trkpt>
      <trkpt lat="12.001352962106466" lon="108.450795030221343">
        <ele>1571.599999999999909</ele>
      </trkpt>
      <trkpt lat="12.001351034268737" lon="108.450794024392962">
        <ele>1571.599999999999909</ele>
      </trkpt>
      <trkpt lat="12.001346005126834" lon="108.450792012736201">
        <ele>1571.599999999999909</ele>
      </trkpt>
      <trkpt lat="12.00133896432817" lon="108.450787989422679">
        <ele>1571.700000000000045</ele>
      </trkpt>
      <trkpt lat="12.00133703649044" lon="108.450785977765918">
        <ele>1571.700000000000045</ele>
      </trkpt>
      <trkpt lat="12.001329995691776" lon="108.450776003301144">
        <ele>1571.700000000000045</ele>
      </trkpt>
      <trkpt lat="12.001323960721493" lon="108.450780026614666">
        <ele>1571.700000000000045</ele>
      </trkpt>
      <trkpt lat="12.001320021227002" lon="108.450782960280776">
        <ele>1571.799999999999955</ele>
      </trkpt>
      <trkpt lat="12.001319015398622" lon="108.450782038271427">
        <ele>1571.799999999999955</ele>
      </trkpt>
      <trkpt lat="12.001318009570241" lon="108.450781032443047">
        <ele>1571.799999999999955</ele>
      </trkpt>
      <trkpt lat="12.001309962943196" lon="108.450771979987621">
        <ele>1571.799999999999955</ele>
      </trkpt>
      <trkpt lat="12.001309040933847" lon="108.450770974159241">
        <ele>1571.799999999999955</ele>
      </trkpt>
      <trkpt lat="12.001309040933847" lon="108.45076896250248">
        <ele>1571.799999999999955</ele>
      </trkpt>
      <trkpt lat="12.001307029277086" lon="108.45076703466475">
        <ele>1571.799999999999955</ele>
      </trkpt>
      <trkpt lat="12.001308035105467" lon="108.450765023007989">
        <ele>1571.799999999999955</ele>
      </trkpt>
      <trkpt lat="12.001305017620325" lon="108.450758988037705">
        <ele>1571.900000000000091</ele>
      </trkpt>
      <trkpt lat="12.001304011791945" lon="108.450759993866086">
        <ele>1571.900000000000091</ele>
      </trkpt>
      <trkpt lat="12.001306023448706" lon="108.45076602883637">
        <ele>1571.900000000000091</ele>
      </trkpt>
      <trkpt lat="12.001309040933847" lon="108.450770974159241">
        <ele>1571.900000000000091</ele>
      </trkpt>
      <trkpt lat="12.001310968771577" lon="108.450774997472763">
        <ele>1571.900000000000091</ele>
      </trkpt>
      <trkpt lat="12.001311974599957" lon="108.450778014957905">
        <ele>1571.900000000000091</ele>
      </trkpt>
      <trkpt lat="12.00131599791348" lon="108.450781032443047">
        <ele>1571.900000000000091</ele>
      </trkpt>
      <trkpt lat="12.001314992085099" lon="108.450779020786285">
        <ele>1571.900000000000091</ele>
      </trkpt>
      <trkpt lat="12.001311974599957" lon="108.450779020786285">
        <ele>1572</ele>
      </trkpt>
      <trkpt lat="12.001313986256719" lon="108.450782038271427">
        <ele>1572</ele>
      </trkpt>
      <trkpt lat="12.001313986256719" lon="108.450781032443047">
        <ele>1572</ele>
      </trkpt>
      <trkpt lat="12.001312980428338" lon="108.450781032443047">
        <ele>1572</ele>
      </trkpt>
      <trkpt lat="12.001260006800294" lon="108.450754964724183">
        <ele>1572.099999999999909</ele>
      </trkpt>
      <trkpt lat="12.001240979880095" lon="108.450739961117506">
        <ele>1572.200000000000045</ele>
      </trkpt>
      <trkpt lat="12.001197980716825" lon="108.450700985267758">
        <ele>1572.299999999999955</ele>
      </trkpt>
      <trkpt lat="12.001148024573922" lon="108.450663015246391">
        <ele>1572.400000000000091</ele>
      </trkpt>
      <trkpt lat="12.001072000712156" lon="108.450591014698148">
        <ele>1572.299999999999955</ele>
      </trkpt>
      <trkpt lat="12.001035958528519" lon="108.450541980564594">
        <ele>1572.200000000000045</ele>
      </trkpt>
      <trkpt lat="12.00101500377059" lon="108.45046503469348">
        <ele>1571.900000000000091</ele>
      </trkpt>
      <trkpt lat="12.001009974628687" lon="108.450439972802997">
        <ele>1571.799999999999955</ele>
      </trkpt>
      <trkpt lat="12.000963035970926" lon="108.450344000011683">
        <ele>1571.400000000000091</ele>
      </trkpt>
      <trkpt lat="12.000925987958908" lon="108.450290020555258">
        <ele>1571.299999999999955</ele>
      </trkpt>
      <trkpt lat="12.000832026824355" lon="108.450129004195333">
        <ele>1571.299999999999955</ele>
      </trkpt>
      <trkpt lat="12.000814005732536" lon="108.450107965618372">
        <ele>1571.400000000000091</ele>
      </trkpt>
      <trkpt lat="12.000785004347563" lon="108.450087010860443">
        <ele>1571.400000000000091</ele>
      </trkpt>
      <trkpt lat="12.000700011849403" lon="108.450003024190664">
        <ele>1571.700000000000045</ele>
      </trkpt>
      <trkpt lat="12.000633962452412" lon="108.449895987287164">
        <ele>1572.200000000000045</ele>
      </trkpt>
      <trkpt lat="12.000602027401328" lon="108.449864974245429">
        <ele>1572.5</ele>
      </trkpt>
      <trkpt lat="12.000538995489478" lon="108.449805965647101">
        <ele>1573</ele>
      </trkpt>
      <trkpt lat="12.000382002443075" lon="108.449649978429079">
        <ele>1574.599999999999909</ele>
      </trkpt>
      <trkpt lat="12.000308996066451" lon="108.449584012851119">
        <ele>1575.099999999999909</ele>
      </trkpt>
      <trkpt lat="12.000275971367955" lon="108.449568003416061">
        <ele>1575.299999999999955</ele>
      </trkpt>
      <trkpt lat="12.000243030488491" lon="108.449551993981004">
        <ele>1575.400000000000091</ele>
      </trkpt>
      <trkpt lat="12.000012025237083" lon="108.449430037289858">
        <ele>1576.099999999999909</ele>
      </trkpt>
      <trkpt lat="11.999831981956959" lon="108.449332974851131">
        <ele>1576.400000000000091</ele>
      </trkpt>
      <trkpt lat="11.99977096170187" lon="108.449293999001384">
        <ele>1576.5</ele>
      </trkpt>
      <trkpt lat="11.999739026650786" lon="108.449268015101552">
        <ele>1576.599999999999909</ele>
      </trkpt>
      <trkpt lat="11.999706001952291" lon="108.449239013716578">
        <ele>1576.700000000000045</ele>
      </trkpt>
      <trkpt lat="11.999671971425414" lon="108.449208000674844">
        <ele>1576.799999999999955</ele>
      </trkpt>
      <trkpt lat="11.999612040817738" lon="108.449143040925264">
        <ele>1575.700000000000045</ele>
      </trkpt>
      <trkpt lat="11.999531993642449" lon="108.449052013456821">
        <ele>1576.900000000000091</ele>
      </trkpt>
      <trkpt lat="11.999507015570998" lon="108.449022006243467">
        <ele>1577.200000000000045</ele>
      </trkpt>
      <trkpt lat="11.999471979215741" lon="108.448954029008746">
        <ele>1577.799999999999955</ele>
      </trkpt>
      <trkpt lat="11.999460998922586" lon="108.448918992653489">
        <ele>1578.400000000000091</ele>
      </trkpt>
      <trkpt lat="11.999422023072839" lon="108.448810027912259">
        <ele>1579.200000000000045</ele>
      </trkpt>
      <trkpt lat="11.999414982274175" lon="108.448794018477201">
        <ele>1579.299999999999955</ele>
      </trkpt>
      <trkpt lat="11.999396039173007" lon="108.44876803457737">
        <ele>1579.299999999999955</ele>
      </trkpt>
      <trkpt lat="11.999390004202724" lon="108.448764011263847">
        <ele>1579.400000000000091</ele>
      </trkpt>
      <trkpt lat="11.999388998374343" lon="108.448761999607086">
        <ele>1579.5</ele>
      </trkpt>
      <trkpt lat="11.999390004202724" lon="108.448764011263847">
        <ele>1579.599999999999909</ele>
      </trkpt>
      <trkpt lat="11.999384975060821" lon="108.448761999607086">
        <ele>1579.700000000000045</ele>
      </trkpt>
      <trkpt lat="11.999376006424427" lon="108.44872897490859">
        <ele>1580.400000000000091</ele>
      </trkpt>
      <trkpt lat="11.999379023909569" lon="108.4487060084939">
        <ele>1580.5</ele>
      </trkpt>
      <trkpt lat="11.99938103556633" lon="108.448681030422449">
        <ele>1581</ele>
      </trkpt>
      <trkpt lat="11.999373994767666" lon="108.448651023209095">
        <ele>1581</ele>
      </trkpt>
      <trkpt lat="11.999367037788033" lon="108.448622021824121">
        <ele>1581.099999999999909</ele>
      </trkpt>
      <trkpt lat="11.999359996989369" lon="108.448591008782387">
        <ele>1579.900000000000091</ele>
      </trkpt>
      <trkpt lat="11.999354967847466" lon="108.448557984083891">
        <ele>1579.900000000000091</ele>
      </trkpt>
      <trkpt lat="11.999350022524595" lon="108.448461005464196">
        <ele>1579</ele>
      </trkpt>
      <trkpt lat="11.999352034181356" lon="108.448415994644165">
        <ele>1578.5</ele>
      </trkpt>
      <trkpt lat="11.999350022524595" lon="108.448401996865869">
        <ele>1578</ele>
      </trkpt>
      <trkpt lat="11.999348010867834" lon="108.448390010744333">
        <ele>1578.099999999999909</ele>
      </trkpt>
      <trkpt lat="11.999338958412409" lon="108.448295965790749">
        <ele>1577</ele>
      </trkpt>
      <trkpt lat="11.999339964240789" lon="108.448274005204439">
        <ele>1576.5</ele>
      </trkpt>
      <trkpt lat="11.999345999211073" lon="108.448219019919634">
        <ele>1575.900000000000091</ele>
      </trkpt>
      <trkpt lat="11.999350022524595" lon="108.448196975514293">
        <ele>1576</ele>
      </trkpt>
      <trkpt lat="11.99934097006917" lon="108.448127992451191">
        <ele>1575.299999999999955</ele>
      </trkpt>
      <trkpt lat="11.999324960634112" lon="108.448093039914966">
        <ele>1575.099999999999909</ele>
      </trkpt>
      <trkpt lat="11.999310962855816" lon="108.448056997731328">
        <ele>1573.700000000000045</ele>
      </trkpt>
      <trkpt lat="11.9992979709059" lon="108.448021961376071">
        <ele>1573.799999999999955</ele>
      </trkpt>
      <trkpt lat="11.999284978955984" lon="108.447986003011465">
        <ele>1573.799999999999955</ele>
      </trkpt>
      <trkpt lat="11.999248014762998" lon="108.447925988584757">
        <ele>1573.299999999999955</ele>
      </trkpt>
      <trkpt lat="11.999230999499559" lon="108.447906039655209">
        <ele>1572.5</ele>
      </trkpt>
      <trkpt lat="11.999197974801064" lon="108.447876032441854">
        <ele>1572.700000000000045</ele>
      </trkpt>
      <trkpt lat="11.999135026708245" lon="108.447830015793443">
        <ele>1571.200000000000045</ele>
      </trkpt>
      <trkpt lat="11.999092027544975" lon="108.44780202023685">
        <ele>1571.099999999999909</ele>
      </trkpt>
      <trkpt lat="11.998969987034798" lon="108.447725996375084">
        <ele>1569.299999999999955</ele>
      </trkpt>
      <trkpt lat="11.998939979821444" lon="108.447705041617155">
        <ele>1569</ele>
      </trkpt>
      <trkpt lat="11.998790027573705" lon="108.447598004713655">
        <ele>1568.299999999999955</ele>
      </trkpt>
      <trkpt lat="11.998761026188731" lon="108.447586018592119">
        <ele>1568.400000000000091</ele>
      </trkpt>
      <trkpt lat="11.998689025640488" lon="108.44754796475172">
        <ele>1567.299999999999955</ele>
      </trkpt>
      <trkpt lat="11.998669998720288" lon="108.447533966973424">
        <ele>1568.299999999999955</ele>
      </trkpt>
      <trkpt lat="11.998648960143328" lon="108.447520975023508">
        <ele>1568.400000000000091</ele>
      </trkpt>
      <trkpt lat="11.998593974858522" lon="108.447490967810154">
        <ele>1568.299999999999955</ele>
      </trkpt>
      <trkpt lat="11.998533038422465" lon="108.447468001395464">
        <ele>1568.099999999999909</ele>
      </trkpt>
      <trkpt lat="11.998443016782403" lon="108.447440005838871">
        <ele>1568</ele>
      </trkpt>
      <trkpt lat="11.998413009569049" lon="108.447430031374097">
        <ele>1567.700000000000045</ele>
      </trkpt>
      <trkpt lat="11.998381996527314" lon="108.447419973090291">
        <ele>1567.400000000000091</ele>
      </trkpt>
      <trkpt lat="11.998347966000438" lon="108.447409998625517">
        <ele>1567.5</ele>
      </trkpt>
      <trkpt lat="11.998251993209124" lon="108.447388960048556">
        <ele>1566.799999999999955</ele>
      </trkpt>
      <trkpt lat="11.998172029852867" lon="108.447370016947389">
        <ele>1566.400000000000091</ele>
      </trkpt>
      <trkpt lat="11.998132970184088" lon="108.447366999462247">
        <ele>1566</ele>
      </trkpt>
      <trkpt lat="11.997975977137685" lon="108.447366999462247">
        <ele>1565.200000000000045</ele>
      </trkpt>
      <trkpt lat="11.997939012944698" lon="108.447366999462247">
        <ele>1565.099999999999909</ele>
      </trkpt>
      <trkpt lat="11.997828036546707" lon="108.447376973927021">
        <ele>1563.599999999999909</ele>
      </trkpt>
      <trkpt lat="11.997759975492954" lon="108.447366999462247">
        <ele>1563.200000000000045</ele>
      </trkpt>
      <trkpt lat="11.99772703461349" lon="108.447354007512331">
        <ele>1563.299999999999955</ele>
      </trkpt>
      <trkpt lat="11.997698033228517" lon="108.447335986420512">
        <ele>1563.400000000000091</ele>
      </trkpt>
      <trkpt lat="11.997668026015162" lon="108.447318971157074">
        <ele>1563.700000000000045</ele>
      </trkpt>
      <trkpt lat="11.997644975781441" lon="108.447301033884287">
        <ele>1563.799999999999955</ele>
      </trkpt>
      <trkpt lat="11.997625026851892" lon="108.4472899697721">
        <ele>1563.900000000000091</ele>
      </trkpt>
      <trkpt lat="11.99747197329998" lon="108.44724596478045">
        <ele>1564.299999999999955</ele>
      </trkpt>
      <trkpt lat="11.997434003278613" lon="108.447233978658915">
        <ele>1564.200000000000045</ele>
      </trkpt>
      <trkpt lat="11.997279021888971" lon="108.447173964232206">
        <ele>1564.5</ele>
      </trkpt>
      <trkpt lat="11.997158993035555" lon="108.447133982554078">
        <ele>1564.799999999999955</ele>
      </trkpt>
      <trkpt lat="11.996999988332391" lon="108.447091989219189">
        <ele>1565.200000000000045</ele>
      </trkpt>
      <trkpt lat="11.996877025812864" lon="108.447081008926034">
        <ele>1565.299999999999955</ele>
      </trkpt>
      <trkpt lat="11.996725983917713" lon="108.447076985612512">
        <ele>1565.299999999999955</ele>
      </trkpt>
      <trkpt lat="11.996655995026231" lon="108.44707103446126">
        <ele>1565.299999999999955</ele>
      </trkpt>
      <trkpt lat="11.996620036661625" lon="108.447064999490976">
        <ele>1565.200000000000045</ele>
      </trkpt>
      <trkpt lat="11.996430018916726" lon="108.44698897562921">
        <ele>1564.400000000000091</ele>
      </trkpt>
      <trkpt lat="11.996358018368483" lon="108.44694597646594">
        <ele>1563.900000000000091</ele>
      </trkpt>
      <trkpt lat="11.99624503031373" lon="108.446875987574458">
        <ele>1563.099999999999909</ele>
      </trkpt>
      <trkpt lat="11.996148973703384" lon="108.446783032268286">
        <ele>1562.400000000000091</ele>
      </trkpt>
      <trkpt lat="11.996017964556813" lon="108.446683036163449">
        <ele>1561.599999999999909</ele>
      </trkpt>
      <trkpt lat="11.995852002874017" lon="108.446629978716373">
        <ele>1561.200000000000045</ele>
      </trkpt>
      <trkpt lat="11.995758963748813" lon="108.446612041443586">
        <ele>1561</ele>
      </trkpt>
      <trkpt lat="11.995713030919433" lon="108.446606006473303">
        <ele>1561</ele>
      </trkpt>
      <trkpt lat="11.995562994852662" lon="108.446599971503019">
        <ele>1561.099999999999909</ele>
      </trkpt>
      <trkpt lat="11.995454030111432" lon="108.446613969281316">
        <ele>1561.400000000000091</ele>
      </trkpt>
      <trkpt lat="11.995454030111432" lon="108.446612963452935">
        <ele>1561.400000000000091</ele>
      </trkpt>
      <trkpt lat="11.99545101262629" lon="108.446612963452935">
        <ele>1561.5</ele>
      </trkpt>
      <trkpt lat="11.995444977656007" lon="108.446613969281316">
        <ele>1561.5</ele>
      </trkpt>
      <trkpt lat="11.995442965999246" lon="108.446614975109696">
        <ele>1561.5</ele>
      </trkpt>
      <trkpt lat="11.995442965999246" lon="108.446613969281316">
        <ele>1561.5</ele>
      </trkpt>
      <trkpt lat="11.995441960170865" lon="108.446614975109696">
        <ele>1561.5</ele>
      </trkpt>
      <trkpt lat="11.995442965999246" lon="108.446615980938077">
        <ele>1561.5</ele>
      </trkpt>
      <trkpt lat="11.995444977656007" lon="108.446613969281316">
        <ele>1561.5</ele>
      </trkpt>
      <trkpt lat="11.995454030111432" lon="108.446614975109696">
        <ele>1561.599999999999909</ele>
      </trkpt>
      <trkpt lat="11.995458975434303" lon="108.446612963452935">
        <ele>1561.599999999999909</ele>
      </trkpt>
      <trkpt lat="11.995459981262684" lon="108.446612041443586">
        <ele>1561.599999999999909</ele>
      </trkpt>
      <trkpt lat="11.995461992919445" lon="108.446613969281316">
        <ele>1561.599999999999909</ele>
      </trkpt>
      <trkpt lat="11.995460987091064" lon="108.446612963452935">
        <ele>1561.599999999999909</ele>
      </trkpt>
      <trkpt lat="11.995414970442653" lon="108.446609023958445">
        <ele>1561.900000000000091</ele>
      </trkpt>
      <trkpt lat="11.995361996814609" lon="108.446603994816542">
        <ele>1562.400000000000091</ele>
      </trkpt>
      <trkpt lat="11.995356967672706" lon="108.446606006473303">
        <ele>1562.5</ele>
      </trkpt>
      <trkpt lat="11.995385969057679" lon="108.446608018130064">
        <ele>1562.299999999999955</ele>
      </trkpt>
      <trkpt lat="11.995379012078047" lon="108.446607012301683">
        <ele>1562.299999999999955</ele>
      </trkpt>
      <trkpt lat="11.995229981839657" lon="108.446569964289665">
        <ele>1562.700000000000045</ele>
      </trkpt>
      <trkpt lat="11.994980033487082" lon="108.446459993720055">
        <ele>1562.900000000000091</ele>
      </trkpt>
      <trkpt lat="11.994899986311793" lon="108.446399979293346">
        <ele>1561.900000000000091</ele>
      </trkpt>
      <trkpt lat="11.9947200268507" lon="108.446280034258962">
        <ele>1561</ele>
      </trkpt>
      <trkpt lat="11.994509976357222" lon="108.446050034835935">
        <ele>1562.5</ele>
      </trkpt>
      <trkpt lat="11.994369998574257" lon="108.445899998769164">
        <ele>1565.299999999999955</ele>
      </trkpt>
      <trkpt lat="11.994239995256066" lon="108.445790028199553">
        <ele>1567.799999999999955</ele>
      </trkpt>
      <trkpt lat="11.994100017473102" lon="108.445660024881363">
        <ele>1568.700000000000045</ele>
      </trkpt>
      <trkpt lat="11.993979988619685" lon="108.445560028776526">
        <ele>1568.400000000000091</ele>
      </trkpt>
      <trkpt lat="11.993960039690137" lon="108.445549970492721">
        <ele>1568.400000000000091</ele>
      </trkpt>
      <trkpt lat="11.993859959766269" lon="108.445500014349818">
        <ele>1568.099999999999909</ele>
      </trkpt>
      <trkpt lat="11.99373004026711" lon="108.445490039885044">
        <ele>1568</ele>
      </trkpt>
      <trkpt lat="11.993610011413693" lon="108.445490039885044">
        <ele>1568</ele>
      </trkpt>
      <trkpt lat="11.993429968133569" lon="108.445500014349818">
        <ele>1568</ele>
      </trkpt>
      <trkpt lat="11.993250008672476" lon="108.445509988814592">
        <ele>1567.099999999999909</ele>
      </trkpt>
      <trkpt lat="11.993099972605705" lon="108.445519963279366">
        <ele>1565.400000000000091</ele>
      </trkpt>
      <trkpt lat="11.992859998717904" lon="108.445479981601238">
        <ele>1561.900000000000091</ele>
      </trkpt>
      <trkpt lat="11.992650032043457" lon="108.445400018244982">
        <ele>1558.099999999999909</ele>
      </trkpt>
      <trkpt lat="11.992560010403395" lon="108.445340003818274">
        <ele>1556.099999999999909</ele>
      </trkpt>
      <trkpt lat="11.99239999987185" lon="108.445349978283048">
        <ele>1555</ele>
      </trkpt>
      <trkpt lat="11.992349959909916" lon="108.445360036566854">
        <ele>1554.900000000000091</ele>
      </trkpt>
      <trkpt lat="11.992260022088885" lon="108.445360036566854">
        <ele>1554.5</ele>
      </trkpt>
      <trkpt lat="11.992139993235469" lon="108.445360036566854">
        <ele>1553.900000000000091</ele>
      </trkpt>
      <trkpt lat="11.992049971595407" lon="108.445370011031628">
        <ele>1553.599999999999909</ele>
      </trkpt>
      <trkpt lat="11.992051983252168" lon="108.445364981889725">
        <ele>1553.599999999999909</ele>
      </trkpt>
      <trkpt lat="11.99197000823915" lon="108.445370011031628">
        <ele>1553.200000000000045</ele>
      </trkpt>
      <trkpt lat="11.991860037669539" lon="108.445360036566854">
        <ele>1552.599999999999909</ele>
      </trkpt>
      <trkpt lat="11.991760041564703" lon="108.445360036566854">
        <ele>1552.200000000000045</ele>
      </trkpt>
      <trkpt lat="11.991700027137995" lon="108.445360036566854">
        <ele>1551.900000000000091</ele>
      </trkpt>
      <trkpt lat="11.991549991071224" lon="108.445340003818274">
        <ele>1552.299999999999955</ele>
      </trkpt>
      <trkpt lat="11.991459969431162" lon="108.445309996604919">
        <ele>1552.799999999999955</ele>
      </trkpt>
      <trkpt lat="11.991270035505295" lon="108.445249982178211">
        <ele>1554.099999999999909</ele>
      </trkpt>
      <trkpt lat="11.991170039400458" lon="108.445230033248663">
        <ele>1554.799999999999955</ele>
      </trkpt>
      <trkpt lat="11.99108999222517" lon="108.445219974964857">
        <ele>1555.5</ele>
      </trkpt>
      <trkpt lat="11.991058979183435" lon="108.445219974964857">
        <ele>1555.700000000000045</ele>
      </trkpt>
      <trkpt lat="11.991010028868914" lon="108.445219974964857">
        <ele>1556.099999999999909</ele>
      </trkpt>
      <trkpt lat="11.990999970585108" lon="108.445219974964857">
        <ele>1556.099999999999909</ele>
      </trkpt>
      <trkpt lat="11.990919001400471" lon="108.445230033248663">
        <ele>1556.700000000000045</ele>
      </trkpt>
      <trkpt lat="11.990839960053563" lon="108.445240007713437">
        <ele>1557.200000000000045</ele>
      </trkpt>
      <trkpt lat="11.990750022232533" lon="108.445270014926791">
        <ele>1557.900000000000091</ele>
      </trkpt>
      <trkpt lat="11.99066000059247" lon="108.445300022140145">
        <ele>1558.5</ele>
      </trkpt>
      <trkpt lat="11.990580037236214" lon="108.445349978283048">
        <ele>1559</ele>
      </trkpt>
      <trkpt lat="11.990520022809505" lon="108.445430025458336">
        <ele>1559.099999999999909</ele>
      </trkpt>
      <trkpt lat="11.990460008382797" lon="108.445530021563172">
        <ele>1559.200000000000045</ele>
      </trkpt>
      <trkpt lat="11.990308966487646" lon="108.445779969915748">
        <ele>1559.5</ele>
      </trkpt>
      <trkpt lat="11.990239983424544" lon="108.44589002430439">
        <ele>1558.900000000000091</ele>
      </trkpt>
      <trkpt lat="11.99020997621119" lon="108.445950038731098">
        <ele>1558.099999999999909</ele>
      </trkpt>
      <trkpt lat="11.990179968997836" lon="108.445999994874001">
        <ele>1557.400000000000091</ele>
      </trkpt>
      <trkpt lat="11.990139987319708" lon="108.446039976552129">
        <ele>1557.099999999999909</ele>
      </trkpt>
      <trkpt lat="11.990000009536743" lon="108.446199987083673">
        <ele>1556</ele>
      </trkpt>
      <trkpt lat="11.989930020645261" lon="108.446260001510382">
        <ele>1554.299999999999955</ele>
      </trkpt>
      <trkpt lat="11.989879980683327" lon="108.446310041472316">
        <ele>1553.099999999999909</ele>
      </trkpt>
      <trkpt lat="11.989809991791844" lon="108.446359997615218">
        <ele>1551.900000000000091</ele>
      </trkpt>
      <trkpt lat="11.98967001400888" lon="108.446469968184829">
        <ele>1550</ele>
      </trkpt>
      <trkpt lat="11.989600025117397" lon="108.446529982611537">
        <ele>1549.200000000000045</ele>
      </trkpt>
      <trkpt lat="11.989519977942109" lon="108.446610029786825">
        <ele>1548.599999999999909</ele>
      </trkpt>
      <trkpt lat="11.989449989050627" lon="108.446659985929728">
        <ele>1548.400000000000091</ele>
      </trkpt>
      <trkpt lat="11.98936901986599" lon="108.44675000756979">
        <ele>1547.200000000000045</ele>
      </trkpt>
      <trkpt lat="11.989289978519082" lon="108.446819996461272">
        <ele>1546.400000000000091</ele>
      </trkpt>
      <trkpt lat="11.98924002237618" lon="108.446870036423206">
        <ele>1545.799999999999955</ele>
      </trkpt>
      <trkpt lat="11.989140026271343" lon="108.446929967030883">
        <ele>1544.799999999999955</ele>
      </trkpt>
      <trkpt lat="11.989070037379861" lon="108.446959974244237">
        <ele>1543.200000000000045</ele>
      </trkpt>
      <trkpt lat="11.988970041275024" lon="108.447010014206171">
        <ele>1541</ele>
      </trkpt>
      <trkpt lat="11.988780023530126" lon="108.447119984775782">
        <ele>1537.099999999999909</ele>
      </trkpt>
      <trkpt lat="11.988699976354837" lon="108.44715996645391">
        <ele>1535.799999999999955</ele>
      </trkpt>
      <trkpt lat="11.988639961928129" lon="108.44720003195107">
        <ele>1534.799999999999955</ele>
      </trkpt>
      <trkpt lat="11.988529991358519" lon="108.447259962558746">
        <ele>1533.200000000000045</ele>
      </trkpt>
      <trkpt lat="11.988420020788908" lon="108.44731000252068">
        <ele>1531.900000000000091</ele>
      </trkpt>
      <trkpt lat="11.988309966400266" lon="108.447349984198809">
        <ele>1530.900000000000091</ele>
      </trkpt>
      <trkpt lat="11.988199995830655" lon="108.447389965876937">
        <ele>1530.599999999999909</ele>
      </trkpt>
      <trkpt lat="11.988069992512465" lon="108.447400024160743">
        <ele>1530.299999999999955</ele>
      </trkpt>
      <trkpt lat="11.988000003620982" lon="108.447409998625517">
        <ele>1530.200000000000045</ele>
      </trkpt>
      <trkpt lat="11.987920040264726" lon="108.447419973090291">
        <ele>1530.099999999999909</ele>
      </trkpt>
      <trkpt lat="11.987890033051372" lon="108.447430031374097">
        <ele>1530.200000000000045</ele>
      </trkpt>
      <trkpt lat="11.987849967554212" lon="108.447440005838871">
        <ele>1530.299999999999955</ele>
      </trkpt>
      <trkpt lat="11.987779978662729" lon="108.447460038587451">
        <ele>1530.400000000000091</ele>
      </trkpt>
      <trkpt lat="11.987770004197955" lon="108.447440005838871">
        <ele>1530.099999999999909</ele>
      </trkpt>
      <trkpt lat="11.987760029733181" lon="108.447409998625517">
        <ele>1529.700000000000045</ele>
      </trkpt>
      <trkpt lat="11.987739996984601" lon="108.447400024160743">
        <ele>1529.5</ele>
      </trkpt>
      <trkpt lat="11.987739996984601" lon="108.447389965876937">
        <ele>1529.299999999999955</ele>
      </trkpt>
      <trkpt lat="11.987749971449375" lon="108.447379991412163">
        <ele>1529.200000000000045</ele>
      </trkpt>
      <trkpt lat="11.987749971449375" lon="108.447370016947389">
        <ele>1529</ele>
      </trkpt>
      <trkpt lat="11.987749971449375" lon="108.447359958663583">
        <ele>1528.900000000000091</ele>
      </trkpt>
      <trkpt lat="11.987739996984601" lon="108.447349984198809">
        <ele>1528.700000000000045</ele>
      </trkpt>
      <trkpt lat="11.987730022519827" lon="108.44733003526926">
        <ele>1528.299999999999955</ele>
      </trkpt>
      <trkpt lat="11.987719964236021" lon="108.44733003526926">
        <ele>1528.299999999999955</ele>
      </trkpt>
      <trkpt lat="11.987690040841699" lon="108.447319976985455">
        <ele>1528</ele>
      </trkpt>
      <trkpt lat="11.987619968131185" lon="108.44731000252068">
        <ele>1527.5</ele>
      </trkpt>
      <trkpt lat="11.987460041418672" lon="108.4472899697721">
        <ele>1527</ele>
      </trkpt>
      <trkpt lat="11.987389968708158" lon="108.447279995307326">
        <ele>1527.700000000000045</ele>
      </trkpt>
      <trkpt lat="11.987319979816675" lon="108.447259962558746">
        <ele>1528.299999999999955</ele>
      </trkpt>
      <trkpt lat="11.987270023673773" lon="108.447230039164424">
        <ele>1528.299999999999955</ele>
      </trkpt>
      <trkpt lat="11.987219983711839" lon="108.44720003195107">
        <ele>1528.299999999999955</ele>
      </trkpt>
      <trkpt lat="11.987159969285131" lon="108.447149991989136">
        <ele>1528.099999999999909</ele>
      </trkpt>
      <trkpt lat="11.987089980393648" lon="108.447100035846233">
        <ele>1528</ele>
      </trkpt>
      <trkpt lat="11.987010017037392" lon="108.447040021419525">
        <ele>1527.900000000000091</ele>
      </trkpt>
      <trkpt lat="11.986940028145909" lon="108.446989981457591">
        <ele>1527.799999999999955</ele>
      </trkpt>
      <trkpt lat="11.986880013719201" lon="108.446929967030883">
        <ele>1527.400000000000091</ele>
      </trkpt>
      <trkpt lat="11.986810024827719" lon="108.446889985352755">
        <ele>1527.5</ele>
      </trkpt>
      <trkpt lat="11.986659988760948" lon="108.446789989247918">
        <ele>1527.599999999999909</ele>
      </trkpt>
      <trkpt lat="11.986580025404692" lon="108.44675000756979">
        <ele>1527.400000000000091</ele>
      </trkpt>
      <trkpt lat="11.986439963802695" lon="108.446669960394502">
        <ele>1527</ele>
      </trkpt>
      <trkpt lat="11.986369974911213" lon="108.446640037000179">
        <ele>1526.700000000000045</ele>
      </trkpt>
      <trkpt lat="11.986280037090182" lon="108.446610029786825">
        <ele>1526.599999999999909</ele>
      </trkpt>
      <trkpt lat="11.986160008236766" lon="108.446569964289665">
        <ele>1526.299999999999955</ele>
      </trkpt>
      <trkpt lat="11.986090019345284" lon="108.446540040895343">
        <ele>1525.900000000000091</ele>
      </trkpt>
      <trkpt lat="11.986009972169995" lon="108.446510033681989">
        <ele>1525.599999999999909</ele>
      </trkpt>
      <trkpt lat="11.985930008813739" lon="108.446469968184829">
        <ele>1524.900000000000091</ele>
      </trkpt>
      <trkpt lat="11.985839987173676" lon="108.446410037577152">
        <ele>1523.599999999999909</ele>
      </trkpt>
      <trkpt lat="11.985769998282194" lon="108.446359997615218">
        <ele>1521.900000000000091</ele>
      </trkpt>
      <trkpt lat="11.985700009390712" lon="108.446329990401864">
        <ele>1520.700000000000045</ele>
      </trkpt>
      <trkpt lat="11.985619962215424" lon="108.446310041472316">
        <ele>1519.799999999999955</ele>
      </trkpt>
      <trkpt lat="11.985530024394393" lon="108.44629998318851">
        <ele>1519.099999999999909</ele>
      </trkpt>
      <trkpt lat="11.985400021076202" lon="108.446280034258962">
        <ele>1518</ele>
      </trkpt>
      <trkpt lat="11.985249985009432" lon="108.446269975975156">
        <ele>1517.099999999999909</ele>
      </trkpt>
      <trkpt lat="11.985110007226467" lon="108.446260001510382">
        <ele>1516.299999999999955</ele>
      </trkpt>
      <trkpt lat="11.984940022230148" lon="108.446260001510382">
        <ele>1515.700000000000045</ele>
      </trkpt>
      <trkpt lat="11.984870033338666" lon="108.446269975975156">
        <ele>1515.900000000000091</ele>
      </trkpt>
      <trkpt lat="11.98485997505486" lon="108.446269975975156">
        <ele>1515.900000000000091</ele>
      </trkpt>
      <trkpt lat="11.984740030020475" lon="108.446269975975156">
        <ele>1515.599999999999909</ele>
      </trkpt>
      <trkpt lat="11.984650008380413" lon="108.446260001510382">
        <ele>1515</ele>
      </trkpt>
      <trkpt lat="11.984540037810802" lon="108.446239968761802">
        <ele>1514</ele>
      </trkpt>
      <trkpt lat="11.984459990635514" lon="108.446220019832253">
        <ele>1513</ele>
      </trkpt>
      <trkpt lat="11.984349014237523" lon="108.446199987083673">
        <ele>1512</ele>
      </trkpt>
      <trkpt lat="11.984269972890615" lon="108.446190012618899">
        <ele>1511.400000000000091</ele>
      </trkpt>
      <trkpt lat="11.984169976785779" lon="108.446180038154125">
        <ele>1510.700000000000045</ele>
      </trkpt>
      <trkpt lat="11.984050031751394" lon="108.446169979870319">
        <ele>1510.5</ele>
      </trkpt>
      <trkpt lat="11.983820032328367" lon="108.446160005405545">
        <ele>1510.400000000000091</ele>
      </trkpt>
      <trkpt lat="11.983649963513017" lon="108.446129998192191">
        <ele>1509.400000000000091</ele>
      </trkpt>
      <trkpt lat="11.983539992943406" lon="108.446120023727417">
        <ele>1509.099999999999909</ele>
      </trkpt>
      <trkpt lat="11.98341996408999" lon="108.446109965443611">
        <ele>1508.900000000000091</ele>
      </trkpt>
      <trkpt lat="11.983209997415543" lon="108.446109965443611">
        <ele>1508.599999999999909</ele>
      </trkpt>
      <trkpt lat="11.98303003795445" lon="108.446120023727417">
        <ele>1508.400000000000091</ele>
      </trkpt>
      <trkpt lat="11.982829961925745" lon="108.446109965443611">
        <ele>1507.400000000000091</ele>
      </trkpt>
      <trkpt lat="11.982759973034263" lon="108.446099990978837">
        <ele>1506.700000000000045</ele>
      </trkpt>
      <trkpt lat="11.982699958607554" lon="108.446069983765483">
        <ele>1505.400000000000091</ele>
      </trkpt>
      <trkpt lat="11.982640027999878" lon="108.446050034835935">
        <ele>1504.5</ele>
      </trkpt>
      <trkpt lat="11.98255998082459" lon="108.446039976552129">
        <ele>1503.900000000000091</ele>
      </trkpt>
      <trkpt lat="11.982459984719753" lon="108.446060009300709">
        <ele>1504</ele>
      </trkpt>
      <trkpt lat="11.982350014150143" lon="108.446079958230257">
        <ele>1503.5</ele>
      </trkpt>
      <trkpt lat="11.98228002525866" lon="108.446099990978837">
        <ele>1503.400000000000091</ele>
      </trkpt>
      <trkpt lat="11.982188997790217" lon="108.446109965443611">
        <ele>1502.700000000000045</ele>
      </trkpt>
      <trkpt lat="11.98212998919189" lon="108.446109965443611">
        <ele>1502</ele>
      </trkpt>
      <trkpt lat="11.982090007513762" lon="108.446099990978837">
        <ele>1501.299999999999955</ele>
      </trkpt>
      <trkpt lat="11.982060000300407" lon="108.446090016514063">
        <ele>1500.599999999999909</ele>
      </trkpt>
      <trkpt lat="11.982039967551827" lon="108.446079958230257">
        <ele>1500.099999999999909</ele>
      </trkpt>
      <trkpt lat="11.982029993087053" lon="108.446079958230257">
        <ele>1500</ele>
      </trkpt>
      <trkpt lat="11.982009960338473" lon="108.446069983765483">
        <ele>1499.5</ele>
      </trkpt>
      <trkpt lat="11.981990011408925" lon="108.446079958230257">
        <ele>1499.599999999999909</ele>
      </trkpt>
      <trkpt lat="11.981869982555509" lon="108.446090016514063">
        <ele>1498.5</ele>
      </trkpt>
      <trkpt lat="11.981779960915446" lon="108.446090016514063">
        <ele>1497.5</ele>
      </trkpt>
      <trkpt lat="11.98172003030777" lon="108.446099990978837">
        <ele>1497.099999999999909</ele>
      </trkpt>
      <trkpt lat="11.981690023094416" lon="108.446109965443611">
        <ele>1496.900000000000091</ele>
      </trkpt>
      <trkpt lat="11.981639983132482" lon="108.446129998192191">
        <ele>1496.700000000000045</ele>
      </trkpt>
      <trkpt lat="11.981590026989579" lon="108.446169979870319">
        <ele>1496.700000000000045</ele>
      </trkpt>
      <trkpt lat="11.981509979814291" lon="108.446239968761802">
        <ele>1496.700000000000045</ele>
      </trkpt>
      <trkpt lat="11.981460023671389" lon="108.446290008723736">
        <ele>1496.700000000000045</ele>
      </trkpt>
      <trkpt lat="11.981409983709455" lon="108.446350023150444">
        <ele>1496.700000000000045</ele>
      </trkpt>
      <trkpt lat="11.981390034779906" lon="108.446410037577152">
        <ele>1497.200000000000045</ele>
      </trkpt>
      <trkpt lat="11.981370002031326" lon="108.446439960971475">
        <ele>1497.299999999999955</ele>
      </trkpt>
      <trkpt lat="11.981370002031326" lon="108.446459993720055">
        <ele>1497.5</ele>
      </trkpt>
      <trkpt lat="11.98140000924468" lon="108.446620004251599">
        <ele>1500.599999999999909</ele>
      </trkpt>
      <trkpt lat="11.981419958174229" lon="108.446680018678308">
        <ele>1501.799999999999955</ele>
      </trkpt>
      <trkpt lat="11.981438985094428" lon="108.44672997482121">
        <ele>1502.599999999999909</ele>
      </trkpt>
      <trkpt lat="11.981479972600937" lon="108.446829970926046">
        <ele>1504</ele>
      </trkpt>
      <trkpt lat="11.981520038098097" lon="108.447000039741397">
        <ele>1505.599999999999909</ele>
      </trkpt>
      <trkpt lat="11.981539987027645" lon="108.447080003097653">
        <ele>1506.400000000000091</ele>
      </trkpt>
      <trkpt lat="11.981600001454353" lon="108.447240013629198">
        <ele>1508.5</ele>
      </trkpt>
      <trkpt lat="11.981629002839327" lon="108.4472899697721">
        <ele>1509.400000000000091</ele>
      </trkpt>
      <trkpt lat="11.981750037521124" lon="108.447449980303645">
        <ele>1513.599999999999909</ele>
      </trkpt>
      <trkpt lat="11.981779960915446" lon="108.447509994730353">
        <ele>1514.799999999999955</ele>
      </trkpt>
      <trkpt lat="11.98183000087738" lon="108.447619965299964">
        <ele>1515.900000000000091</ele>
      </trkpt>
      <trkpt lat="11.981869982555509" lon="108.447679979726672">
        <ele>1516.799999999999955</ele>
      </trkpt>
      <trkpt lat="11.981950029730797" lon="108.44776002690196">
        <ele>1518.700000000000045</ele>
      </trkpt>
      <trkpt lat="11.981999985873699" lon="108.447779975831509">
        <ele>1520.099999999999909</ele>
      </trkpt>
      <trkpt lat="11.982060000300407" lon="108.447800008580089">
        <ele>1521.599999999999909</ele>
      </trkpt>
      <trkpt lat="11.982188997790217" lon="108.447849964722991">
        <ele>1524.799999999999955</ele>
      </trkpt>
      <trkpt lat="11.982210036367178" lon="108.447860023006797">
        <ele>1525.299999999999955</ele>
      </trkpt>
      <trkpt lat="11.982220010831952" lon="108.447869997471571">
        <ele>1525.5</ele>
      </trkpt>
      <trkpt lat="11.982220010831952" lon="108.447890030220151">
        <ele>1525.200000000000045</ele>
      </trkpt>
      <trkpt lat="11.982220010831952" lon="108.447900004684925">
        <ele>1525.099999999999909</ele>
      </trkpt>
      <trkpt lat="11.982210036367178" lon="108.447939986363053">
        <ele>1524.400000000000091</ele>
      </trkpt>
      <trkpt lat="11.982199978083372" lon="108.447949960827827">
        <ele>1524</ele>
      </trkpt>
      <trkpt lat="11.982029993087053" lon="108.448199992999434">
        <ele>1517.5</ele>
      </trkpt>
      <trkpt lat="11.981950029730797" lon="108.448309963569045">
        <ele>1514.900000000000091</ele>
      </trkpt>
      <trkpt lat="11.98183000087738" lon="108.448429992422462">
        <ele>1511.900000000000091</ele>
      </trkpt>
      <trkpt lat="11.981739979237318" lon="108.44851003959775">
        <ele>1509.900000000000091</ele>
      </trkpt>
      <trkpt lat="11.98167996481061" lon="108.448580028489232">
        <ele>1508.599999999999909</ele>
      </trkpt>
      <trkpt lat="11.98167996481061" lon="108.448610035702586">
        <ele>1508.599999999999909</ele>
      </trkpt>
      <trkpt lat="11.981669990345836" lon="108.448659991845489">
        <ele>1508.299999999999955</ele>
      </trkpt>
      <trkpt lat="11.981669990345836" lon="108.448720006272197">
        <ele>1508.099999999999909</ele>
      </trkpt>
      <trkpt lat="11.981690023094416" lon="108.448759987950325">
        <ele>1508.400000000000091</ele>
      </trkpt>
      <trkpt lat="11.98169999755919" lon="108.448789995163679">
        <ele>1508.400000000000091</ele>
      </trkpt>
      <trkpt lat="11.981709972023964" lon="108.448810027912259">
        <ele>1508.5</ele>
      </trkpt>
      <trkpt lat="11.98172003030777" lon="108.448810027912259">
        <ele>1508.700000000000045</ele>
      </trkpt>
      <trkpt lat="11.981739979237318" lon="108.448820002377033">
        <ele>1509</ele>
      </trkpt>
      <trkpt lat="11.981768980622292" lon="108.448810027912259">
        <ele>1509.5</ele>
      </trkpt>
      <trkpt lat="11.981820026412606" lon="108.448799969628453">
        <ele>1510.299999999999955</ele>
      </trkpt>
      <trkpt lat="11.981908958405256" lon="108.448759987950325">
        <ele>1511.900000000000091</ele>
      </trkpt>
      <trkpt lat="11.982009960338473" lon="108.448729980736971">
        <ele>1513.700000000000045</ele>
      </trkpt>
      <trkpt lat="11.98212998919189" lon="108.448710031807423">
        <ele>1515.799999999999955</ele>
      </trkpt>
      <trkpt lat="11.982310032472014" lon="108.448699973523617">
        <ele>1518.900000000000091</ele>
      </trkpt>
      <trkpt lat="11.982389995828271" lon="108.448710031807423">
        <ele>1520.099999999999909</ele>
      </trkpt>
      <trkpt lat="11.982429977506399" lon="108.448729980736971">
        <ele>1520.599999999999909</ele>
      </trkpt>
      <trkpt lat="11.982459984719753" lon="108.448750013485551">
        <ele>1520.900000000000091</ele>
      </trkpt>
      <trkpt lat="11.982480017468333" lon="108.448780020698905">
        <ele>1520.900000000000091</ele>
      </trkpt>
      <trkpt lat="11.982489991933107" lon="108.448820002377033">
        <ele>1520.599999999999909</ele>
      </trkpt>
      <trkpt lat="11.982489991933107" lon="108.448869958519936">
        <ele>1520.099999999999909</ele>
      </trkpt>
      <trkpt lat="11.982469959184527" lon="108.44891999848187">
        <ele>1519.200000000000045</ele>
      </trkpt>
      <trkpt lat="11.982399970293045" lon="108.449019994586706">
        <ele>1517.200000000000045</ele>
      </trkpt>
      <trkpt lat="11.982269966974854" lon="108.449170030653477">
        <ele>1514.200000000000045</ele>
      </trkpt>
      <trkpt lat="11.982159996405244" lon="108.449229961261153">
        <ele>1512.5</ele>
      </trkpt>
      <trkpt lat="11.981999985873699" lon="108.449270026758313">
        <ele>1510.200000000000045</ele>
      </trkpt>
      <trkpt lat="11.981760011985898" lon="108.449330041185021">
        <ele>1506.599999999999909</ele>
      </trkpt>
      <trkpt lat="11.98167996481061" lon="108.449379997327924">
        <ele>1505.099999999999909</ele>
      </trkpt>
      <trkpt lat="11.981629002839327" lon="108.449410004541278">
        <ele>1504.299999999999955</ele>
      </trkpt>
      <trkpt lat="11.981600001454353" lon="108.44945996068418">
        <ele>1503.5</ele>
      </trkpt>
      <trkpt lat="11.981590026989579" lon="108.449449986219406">
        <ele>1503.5</ele>
      </trkpt>
      <trkpt lat="11.981530012562871" lon="108.449449986219406">
        <ele>1502.900000000000091</ele>
      </trkpt>
      <trkpt lat="11.981449965387583" lon="108.449470018967986">
        <ele>1501.900000000000091</ele>
      </trkpt>
      <trkpt lat="11.981390034779906" lon="108.449510000646114">
        <ele>1501.200000000000045</ele>
      </trkpt>
      <trkpt lat="11.981339994817972" lon="108.449540007859468">
        <ele>1500.599999999999909</ele>
      </trkpt>
      <trkpt lat="11.98129003867507" lon="108.449589964002371">
        <ele>1500</ele>
      </trkpt>
      <trkpt lat="11.981239998713136" lon="108.449640003964305">
        <ele>1499.599999999999909</ele>
      </trkpt>
      <trkpt lat="11.981189958751202" lon="108.449660036712885">
        <ele>1499.200000000000045</ele>
      </trkpt>
      <trkpt lat="11.981170009821653" lon="108.449670011177659">
        <ele>1499.099999999999909</ele>
      </trkpt>
      <trkpt lat="11.981089962646365" lon="108.449670011177659">
        <ele>1498.599999999999909</ele>
      </trkpt>
      <trkpt lat="11.980900028720498" lon="108.449660036712885">
        <ele>1497.400000000000091</ele>
      </trkpt>
      <trkpt lat="11.980719985440373" lon="108.449649978429079">
        <ele>1497.900000000000091</ele>
      </trkpt>
      <trkpt lat="11.98054002597928" lon="108.449640003964305">
        <ele>1499.299999999999955</ele>
      </trkpt>
      <trkpt lat="11.980380015447736" lon="108.449640003964305">
        <ele>1500.599999999999909</ele>
      </trkpt>
      <trkpt lat="11.980320001021028" lon="108.449649978429079">
        <ele>1501.200000000000045</ele>
      </trkpt>
      <trkpt lat="11.980214975774288" lon="108.449611002579331">
        <ele>1501.900000000000091</ele>
      </trkpt>
      <trkpt lat="11.980101987719536" lon="108.449562974274158">
        <ele>1502.5</ele>
      </trkpt>
      <trkpt lat="11.979863019660115" lon="108.449535984545946">
        <ele>1508</ele>
      </trkpt>
      <trkpt lat="11.979892021045089" lon="108.449440011754632">
        <ele>1506.5</ele>
      </trkpt>
      <trkpt lat="11.979879029095173" lon="108.449315959587693">
        <ele>1506.299999999999955</ele>
      </trkpt>
      <trkpt lat="11.979928985238075" lon="108.449143962934613">
        <ele>1503.799999999999955</ele>
      </trkpt>
      <trkpt lat="11.979952035471797" lon="108.449047990143299">
        <ele>1503.400000000000091</ele>
      </trkpt>
      <trkpt lat="11.979854973033071" lon="108.44894103705883">
        <ele>1507.400000000000091</ele>
      </trkpt>
      <trkpt lat="11.979726981371641" lon="108.448839029297233">
        <ele>1512.099999999999909</ele>
      </trkpt>
      <trkpt lat="11.979651041328907" lon="108.448721012100577">
        <ele>1514.900000000000091</ele>
      </trkpt>
      <trkpt lat="11.979568982496858" lon="108.448586985468864">
        <ele>1517.599999999999909</ele>
      </trkpt>
      <trkpt lat="11.979488013312221" lon="108.448452036827803">
        <ele>1520.099999999999909</ele>
      </trkpt>
      <trkpt lat="11.979411989450455" lon="108.448351034894586">
        <ele>1522.200000000000045</ele>
      </trkpt>
      <trkpt lat="11.979320039972663" lon="108.44823301769793">
        <ele>1523.599999999999909</ele>
      </trkpt>
      <trkpt lat="11.979244016110897" lon="108.448093039914966">
        <ele>1523.799999999999955</ele>
      </trkpt>
      <trkpt lat="11.979189030826092" lon="108.448029002174735">
        <ele>1524.099999999999909</ele>
      </trkpt>
    </trkseg>
  </trk>
</gpx>
